catalog_id,bpm,key,genres,label,release_date,isrc,normalized_key,album_id
1,129,1A,House,LTF Records,2026-03-20,NLML62600055,shinjuku - franky rizardo,
27,,,Deep House,tszr,2026-02-20,US39N2624236,beautiful thing - caleb laurenson,
49,,,House,PIV,2026-03-13,GBKQU2620590,propeller - jansons,
86,,,Deep House,Heist Recordings,2026-03-27,NLYV52600009,act like that - storm mollison,
106,97,11A,Dance / Pop,XL Recordings,2026-05-12,GBBKS2600073,lockup - overmono,
108,,,Electronica,Warp Records,2026-05-29,GBBPW2602557,you retreat in time and space - boards of canada,
122,132.1,,Dance|Pop,Atlantic Records UK,2021-02-22,USWB12601949,i feel so free (peggy gou energy mix) - madonna,
186,137,10A,UK Garage / Bassline,Technicolour,2026-05-13,ITV0Y2600002,himalaya - camoufly,
205,,,House,SUPERHUMAN MUSIC,2025-04-24,SE5AJ2202780,love island - namasenda,
206,,,Melodic House & Techno,dh2,2026-04-23,GBK3W2503626,fried - surusinghe,
209,,,House,Maison Arts,2026-05-01,QM6N22635301,in da jungle - blond:ish,
239,147,1A,Dance / Pop,Capitol Records,2026-03-27,USUG12601542,breathe - marlon hoffstadt,
387,,,Dance / Pop,Because Music,2024-03-01,GBMVH2300940,mr useless - shygirl,
453,135.3,,Electro,Ninja Tune,2025-03-13,GBCFB2501489,different - barry can't swim,
593,,,Deep House,Method 808,2026-03-12,QZTLA2531566,romance - shanti celeste,
641,132,6A,House,NO ART,2026-03-06,CBEFB2600137,talk to you (ft 54 ultra) - anotr,
642,128,10A,House,CircoLoco Records,2026-03-27,QM6MZ2647619,free your mind - prospa,
643,138,5B,House,Columbia (Sony),2026-01-30,ITC332600002,just the way you are - milky,
644,,,Dance,mau5trap Recordings Limited / Arkade / Epicwin Ltd.,2023-07-07,USA2P2605970,all the time - john summit,
647,123,4A,Melodic House & Techno,"Stryv, Malachiii, Adam Port",2025-06-27,DEEC33502469,be the one - adam port,
650,134,8A,Tech House,TMRW Music,2026-03-06,AUNV02600043,addicted to bass (dom dolla relapse) - dom dolla,
653,130,9A,House,NO ART,2026-05-13,CBEFB2502106,like it - anotr,
661,128,7B,Tech House,Atlantic Jaxx,2022-05-20,GBBKS2500689,where's your head at (steve angello remix) - basement jaxx,
676,132,9A,Dance / Pop,REALM Records,2026-04-03,US39N2644256,second nature - gorgon city,
683,130,11B,House,Defected,2026-04-24,GBCPZ2625215,groovejet (if this ain't love) (not without friends remix) - spiller,
710,124,4B,Melodic House & Techno,Diynamic,2026-05-01,DEDH72300641,no rules - notre dame,
727,122,12B,Dance / Pop,Arista,2006-04-18,GBARK9000003,where love lives (featured on the john lewis christmas advert 2025) - alison limerick,
874,,,House,Defected,2010-01-20,USY6S0900007,hey hey (df's attention vocal mix) - dennis ferrer,
885,125,2B,House,Bargrooves,2015-08-21,GBCPZ0401054,strings of life (danny krivit re-edit) - soul central,
905,125,6A,Dance / Pop,Bargrooves,2008-06-30,GBCPZ0802862,it's yours (distant music mix) - jon cutler,
924,,,House,Defected,2020-05-29,GBCPZ2017510,mvinline (extended mix) - boys noize,
959,,,House,Faya Combo,2007-01-01,GBCPZ0702103,attend 1 - dj gregory,
977,,,Deep House,fabric Records,2014-04-21,PLD031000047,nowhere (original mix) - maya jane coles,
1008,,,House,NRK,2001-08-15,GBHSF0400456,summer daze - nick holder,
1033,125,3A,House,Soma Records,2011-09-19,GBBVL0000973,"right on, right on (extended mix) - silicone soul",
1045,156,9A,Dance / Pop,Strictly Rhythm,2017-07-05,USSU29902100,believe (ministers vocal mix) - ministers de la funk,
1048,,,House,MAW Records,2002-01-04,GBKQU2134366,backfired (dave lee club mix) - maw,
1054,,,Electronica,Pal Joey Music,2007-03-07,USI4R0806779,dance-club mix - earth people,
1061,,,House,Z Records,2014-06-02,ITI029800532,what you need - soft house company,
1090,137.5,,Electro,Underground Resistance,2009-07-14,USGUM0810115,jaguar - the astec mystic,
1094,121,6A,Deep House,Aus Music,2013-09-30,GBJPB0500377,careless - dusky,
1097,,,Tech House,Planet E Communications,2012-04-26,USPC80601144,throw - paperclip people,
1105,78,7B,House,Addictive,1992-07-13,NLML69200119,passion (naked mix) - gat decor,
1179,,,House,Strictly Rhythm,2019-12-13,USSR39106904,can you feel it? (in house dub) - cls,
1182,,,Hip-Hop,Island Mercury,1991-11-29,USUM71113096,strobelite honey (def mix) - black sheep,
1185,,,House,Defected,2015-05-31,GBCEN1101295,magic love (ashley beedle's black magic remix edit) - bent,
1204,126,2A,Afro House,Nervous Records,2015-04-06,USNRS1534423,jesus creates sound (main mix) - marlon d,
1230,,,Deep House,Defected,2013-02-04,GBCPZ1206693,it's you (san soda's panorama bar acca version) - fcl,
1236,129,10A,House,Columbia (Sony),2017-09-21,GBAHK0100089,superstylin' - groove armada,
1239,121,9B,House,Daft Life Ltd./ADA France,1997-04-11,GBDUW0600009,around the world - daft punk,
1248,126,11A,House,Sylex Music,2009-06-23,GBBGH9736101,my beat - blaze,
1271,,,House,Fourth Floor Records,2016-11-21,GBCPZ0702376,take some time out (club) - arnold jarvis,
1291,,,Techno (Peak Time / Driving),R&S Records,1996-01-01,BEZ350800044,energy flash - joey beltram,
1294,124,,"",React,2004-01-24,USAT20705539,"thank you (12"" mix) - bebe winans",
1315,,,House,4 To The Floor Records,2017-10-06,GBCPZ1710827,respect (def classic mix) - michelle ayers,
1324,127,9A,House,Altra Moda,2004-10-04,GBBFR0400068,the weekend (original 12 inch mix) - michael gray,
1412,,,Tech House,Diynamic,2025-05-23,DEDH72300418,like i like it - mau p,
1435,,,Indie Dance,Life And Death,2025-01-17,DEVY92400219,after five - luke alessi,
1438,127,3A,House,CircoLoco Records,2024-11-08,QMDA62467328,this rhythm (feat rahh) - prospa,
1519,,,R&B,Qwest Records IGA,2012-05-29,USQW10200017,yah mo b there - james ingram,
1532,,,R&B,Geffen*,1993-03-02,USMC17909291,any love - rufus & chaka khan,
1560,,,Minimal / Deep Tech,Solid Grooves Records,2025-04-25,GBKQU2536169,get ya freak on - gaskin,
1575,,,Tech House,Black Book Records,2026-02-06,GXFCP2600001,neck - mau p,
1743,128,4A,Tech House,Cr2 Records,2024-11-01,USUR10000051,it feels so good - sonique,
2115,123,9A,Nu Disco / Disco,Different,2020-05-29,GBENL1902665,drop the pressure - claptone,
2144,133.7,,Electro|Techno/House|Dance,EXTATIC Records,2025-12-12,NLC050500042,house nation - the ultimate seduction,
2278,,,House,Somn'thing Records,2018-05-18,GBAYE9300070,let me show you (klub mix) - k-klass,
2560,,,Drum & Bass,Armada Music,1996-04-12,GBAHS9702029,rock the funky beat - natural born chillers,
2765,129,4A,Tech House,Black Book Records,2025-03-28,USUG12502583,toxic - chris lake,
2767,,,Tech House,CircoLoco Records,2025-04-11,QM6MZ2575912,don't stop - prospa,
2813,134,11B,Progressive House,Armada Music,2020-05-29,NLF712507802,my lexicon - sander kleinenberg,
2825,88,6A,Dance / Pop,UMC (Universal Music Catalogue),2015-11-20,UK7EF9500001,born slippy (nuxx) - underworld,
3877,,,Techno (Peak Time / Driving),Molekül,2024-09-10,FRX872442231,groove constructor - baugruppe90,
4008,,,Techno (Peak Time / Driving),TEMET,2025-05-06,FRDX62505240,circuits - simo cell,
4144,144,4B,Techno (Raw / Deep / Hypnotic),Mama Told Ya,2025-06-20,FRDX62505570,sexiness - mac declos,
4247,,,Tech House,Hellbent Records,2026-02-06,GXFCP2600009,out of my mind - joshwa,
4355,,,Dance / Pop,Atlantic Records UK,2023-02-15,GBAHS2100700,hannah (the sun) - fred again..,
4410,,,UK Garage / Bassline,Black Book Records,2025-06-20,GXFCP2500147,raw - mph,
4426,,,Dance / Pop,Atlantic Records UK,2021-08-31,GBAHS2100379,billie (loving arms) - fred again..,
4450,,,Dance / Pop,Atlantic Records UK,2023-02-15,GBAHS2101340,tate (how i feel) - fred again..,
4486,128,6B,Melodic House & Techno,Armada Music,2025-11-14,NL8FJ2500355,you gonna want me (i know) (extended mix) - tiga,
4490,,,Dance / Pop,Atlantic Records UK,2023-02-15,GBAHS2100152,sabrina (i am a party) - fred again..,
4496,,,Dance / Pop,Atlantic Records UK,2023-02-15,GBAHS2100147,yasminah (see your face again) - fred again..,
4498,125,7B,Techno (Peak Time / Driving),Warp Records,2009-09-28,GBBPW9000014,lfo (leeds warehouse mix) - lfo,
4517,,,Dance / Pop,Atlantic Records UK,2022-10-17,GBAHS2201028,"delilah (pull me out of this) - fred again.., delilah montagu",
4530,,,Tech House,Ultra,2025-04-04,USUS12500120,"groove on (extended mix) - tripolism, avangart tabldot",
4578,,,Dance / Pop,Atlantic Records UK,2023-03-17,GBAHS2400516,"glow - fred again.., duskus, four tet, joy anonymous, skrillex",
4583,,,UK Garage / Bassline,Nervous Horizon,2025-09-09,UKA9G1700300,no more - josi devil,
4619,,,Techno (Peak Time / Driving),SPE:C,2023-12-08,USA2P2357667,16 o's (instrumental) - hojo,
4625,,,Techno (Peak Time / Driving),Zero Idea,2025-05-02,GBWUL2582659,xpression - zero idea,
4651,,,Dance / Pop,Atlantic Records UK,2021-11-19,GBAHS2101337,"roze (forgive) - fred again.., i am roze",
4654,123,7A,Deep House,Pampa Records,2019-05-10,DEMM11900018,it'll all be over (dj koze remix) (dj koze remix) - gerry read,
4657,,,Electronica,Hardkiss Music,2017-03-24,USA2P1881584,infinitely gentle blows (aural hallucination mix) - god within,
4664,,,Dance / Pop,Atlantic Records UK,2023-02-15,GBAHS2400524,"backseat - fred again.., the japanese house, scott hardkiss",
4672,,,Electronica,fabric Records,2021-07-16,UKLTE2100202,so u kno - overmono,
4675,,,Breaks / Breakbeat / UK Bass,Kwengface LTD,2023-07-27,GBLFP2363996,"freedom 2 - kwengface, joy orbison, overmono",
4686,130,6B,Tech House,CircoLoco Records,2022-06-24,GBJX32257005,"the attention deficit track (terrace mix) - jackmaster, skream",
4690,,,Bass House,OWSLA/Atlantic,2023-01-18,USAT22300238,"leave me like this - skrillex, bobby raps",
4698,,,Trap / Future Bass,OWSLA/Atlantic,2023-02-17,USAT22300340,"xena - skrillex, nai barghouti",
4713,,,Dance / Pop,Atlantic Records UK,2023-02-15,GBAHS2101343,tanya (maybe life) - fred again..,
4715,,,Dance / Pop,Atlantic Records UK,2023-02-15,GBAHS2101339,kahan (last year) - fred again..,
4726,,,Dance / Pop,Atlantic Records UK,2023-02-15,GBAHS2101154,february 2nd 2021 - fred again..,
4727,,,Dance / Pop,Atlantic Records UK,2023-02-15,GBAHS2101155,catrin (the city) - fred again..,
4729,,,Dance / Pop,Atlantic Records UK,2023-02-15,GBAHS2100378,faisal (envelops me) - fred again..,
4730,,,Dubstep,Extrinsic Recordings,2022-04-29,GBLZC0700014,near dark - burial,
4759,125,12A,House,Heist Recordings,2026-05-08,NLYV52600012,back to the old school - dam swindle,
4844,,,House,Hot Creations,2017-11-17,NL8RL2622517,love me - patrick topping,
4855,,,House,Undergrowth,2026-04-24,UKRPL1901049,hey cookie - fleur shore,
4899,,,Latin Electronic,INVT,2026-06-03,USYBL2601032,salsa swing - invt,
4920,,,Trap / Future Bass,A&M,1996-07-16,USAM18100003,razzamatazz - quincy jones,
4928,126,8A,House,High Fashion Music,2013-11-11,GBAYE9802260,the bomb! (these sounds fall into my mind) (radio edit) - the bucketheads,
5038,128,12A,House,Up The Stuss,2023-05-26,GBAHT2600086,wide awake - chris stussy,
5076,,,Tech House,Bushbaby,2026-03-13,GB2LD2610039,picking up the pace - bushbaby,
5128,,,UK Garage / Bassline,ATW Records,2026-03-06,QM4TX2672533,big mad banger - zero,
5139,,,UK Garage / Bassline,Soul Mass Transit System,2026-02-13,CBEFB2600122,one 2 one - soul mass transit system,
5143,,,UK Garage / Bassline,ATW Records,2026-01-23,US6R22545169,driving me crazy - lewis taylor,
5167,,,UK Garage / Bassline,Sweat It Out,2026-03-06,AUDCB2500343,spice - waxx off,
5190,,,UK Garage / Bassline,Fuse London,2026-02-27,FR10S2625831,future is electric - boss priester,
5235,127,4A,House,Toolroom,2026-03-20,GBJAJ2600314,clap your hands - mark knight,
5351,126,2A,Dance / Pop,CONTROVERSIA,2021-08-13,DEU670600052,domino - oxia,
5611,131,7A,House,trUst recordings,2026-06-05,USA2P2629806,chica - ben evers,
5612,128,8A,House,Rhythm Section International,2026-06-04,DEG932602103,the dominator - scarlett o'malley,
5632,,,House,Armada Music,2026-06-19,NLF712602833,give it to me baby - love revolution,
5770,146,11A,Hip-Hop,OVO/Republic,2023-10-06,USUG12306085,rich baby daddy - drake,
5797,65,10A,House,Disorder,2026-04-24,USA2P2565343,the connection - sosa,
5800,126,1A,Dance / Pop,Columbia/B1 Recordings,2026-03-20,DEE862600228,dive into me - alok,
5825,150,3A,Bass / Club,Black Rave Culture,2026-05-08,USYBL2600954,jump on da floor - black rave culture,
5849,128,2A,Bass / Club,Wisdom Teeth,2026-04-10,GBHLW2600375,wisco - ppp,
5880,133,7A,Tech House,Safelight Records.,2026-04-03,CBEFB2601654,strong rhyme - riordan,
5977,118,12B,Breaks / Breakbeat / UK Bass,Southern Fried Records,2023-08-11,GBBMQ0000116,ya mama - fatboy slim,
6043,75,11B,Electronica,Text Records,2017-09-29,GBXNG1744401,two thousand and seventeen - four tet,
6045,124,1A,Drum & Bass,Metalheadz,1994-04-15,GBBHF1319422,consciousness - photek,
6049,,,Dance,UMC (Universal Music Catalogue),2019-11-22,GBAAA0600944,electronic battle weapon 8 - the chemical brothers,
6059,140,1A,140 / Deep Dubstep / Grime,No Hats No Hoods,2012-12-10,GBUDY1200505,functions on the low - ruff sqwad,
6073,120,5A,Electronica,Warp Records,1995-11-06,GBBPW9500178,clipper - autechre,
6095,128,8A,Techno (Raw / Deep / Hypnotic),MoBlack Records,2025-11-07,DEF279503001,give it to me - bam bam,
6108,136,9A,UK Garage / Bassline,Southpoint,2026-03-13,UK9AV2503472,don dada - tom lechef,
6115,135,9A,UK Garage / Bassline,Southpoint,2025-08-15,UK9AV2502146,pumpin jumpin - bushbaby,
6232,,,Tech House,Public Possession,2026-03-13,DEVH21800872,challenge god with your house - eden burns,
6240,,,Techno (Raw / Deep / Hypnotic),Butter Sessions,2025-08-15,AULLW2500242,gummy drop - sleep d,
6242,,,Breaks / Breakbeat / UK Bass,DJ SWISHA,2025-09-18,USYBL2510583,say det - dj swisha,
6257,,,Dance / Pop,Warner Bros. Records,2009-01-24,USWB19903516,i wanna be your lover - prince,
6266,,,Electronica,Young,2015-12-11,UK7MC1500009,i know there's gonna be (good times) - jamie xx,
6272,,,Pop,DJ Edits,2026-05-12,GBAYE2500293,illegal - pinkpantheress,
6349,,,Nu Disco / Disco,Buddah/Legacy,2015-06-26,USSM11308098,riding - michael henderson,
6367,,,Soul,Rhino Atlantic,2008-04-08,GBELY1200029,slip and do it [original mix] - betty wright,
6381,,,Trap / Future Bass,Diynamic,2025-05-23,USMO18500567,i like it - debarge,
6387,123,1A,House,fabric Records,2019-09-27,GBBGH9735004,funky people (klubhead vocal) - funky people,
6464,,,Mainstage,ZYX,2011-03-25,DEA310908770,"bla bla bla - dagostino, gigi",
6466,,,House,React,1997-07-01,DEP999200042,tune in turn out-1 - obsessive,
6483,,,Electro|Dance,EXTATIC Records,2025-05-02,NL8RL2449923,the nighttrain - the rocketman,
6559,,,Dance / Pop,Disorder,2026-03-27,USA2P2532106,too in love with you - ethan walsh,
6561,,,Electro|Techno/House|Dance,PIZZA OF DEATH RECORDS,2023-12-06,NL8RL2645384,honestly - malugi,
6582,113,11A,Electronica,Warp Records,1994-03-07,GBBPW9400034,#3 - aphex twin,
6658,118,1A,Rock,Vanguard Records,1990-10-23,USVG29552429,all night passion - alisha,
6712,98,4A,Trap / Future Bass,Island Records,2019-01-25,USIR28700379,paid in full - eric b. & rakim,
6731,,,House,K7 Records,2014-02-24,USGUM0710502,transition - galaxy 2 galaxy,
6787,,,Dance / Pop,Virgin Records,2011-01-21,USVI29101025,the whistle song - frankie knuckles,
6818,128,12A,House,tszr,2026-03-20,US39N2644030,for you (assiove) - rooléh,
7083,160,4A,Bass / Club,Teklife,2026-06-26,UKF4T1600214,signal - moresounds,
7859,114,10A,Nu Disco / Disco,Altra Moda,1978-04-21,USWB10703974,"it seems to hang on (12"" disco mix) - ashford & simpson",
8725,117,4A,Nu Disco / Disco,Defected,2016-05-13,USUM71401524,"get it up for love (12"" mix) - tata vega",
9090,,,R&B,Island Mercury,2009-12-08,USPR38200004,"outstanding (original 12"" mix) - the gap band",
9263,,,Dance / Pop,Unidisc Music,1981-01-01,CAU118001739,can't fake the feeling - geraldine hunt,
10781,126,5A,House,Urbana Recordings,2026-04-03,ES8832611402,"all gas, no brakes - david penn",
10875,,,Techno (Raw / Deep / Hypnotic),K S R,2024-12-06,NLCK42419170,ozono - kaiser (k s r),
11324,,,Bass / Club,Affected,2023-06-16,NLCK42232207,blood dancer (amor satyr remix) - hedo hydr8,
11512,,,Deep House,Get Physical Music,2025-05-08,DEBE71500366,i get deep (feat roland clark) (late nite tuff guy remix - emanuel satie rework) - dj le roi,
13585,,,Electronica,Twilight Music,2021-06-24,,parola (rework) - donato dozzy featuring anna caragnano,
13646,,,UK Garage / Bassline,FABRICLIVE.,2026-06-26,GBEXH2600154,bell toll bounce (facta remix) (facta remix) - breaka,
13649,128,2A,Minimal / Deep Tech,Berg Audio,2026-02-27,DEH742603462,do not resist - traumer,
13674,,,Tech House,Experts Only,2026-05-15,USA2P2624870,we are - adam ten,
13778,,,Melodic House & Techno,Diynamic,2026-04-17,DEDH72300628,blurred signal - amour propre,
15883,,,Tech House,REALM Records,2025-06-13,US38Y2542713,up front (extended mix) - dreya v,
15964,133,3A,Dance / Pop,Isekai Records,2026-06-11,EEHU32600841,do you mind (remix) - kyla,
16395,,,Psy-Trance,AlpaKa MuziK,2026-04-30,US83Z2628921,matrix (aio & aender remix) - haptic,
16409,,,Mainstage,Nu Moda,2026-03-20,NL8RL2621933,one more (feat ad-apt) (solomun remix) - max styler,
16491,,,House,Snatch! Records,2026-05-14,GB9UU2600078,my deep (extended mix) - starr traxx,
17363,,,Bass House,Armada Music,2026-06-12,NLF712603295,push it (extended mix) - disco lines & maesic feat mason & princess superstar,
19770,112,7A,Dance / Pop,Sanctuary,2013-08-01,GBAJE8000272,"we got the funk (12"" mix) - positive force",
19784,109,10B,Dance / Pop,Salsoul Records,2026-01-28,USSA49420817,runaway - the salsoul orchestra,
20083,,,House,S&S Records,2020-07-10,USHWH2002465,"music is the key (steve silk hurley house key) - j.m. silk, steve silk hurley, keith nunnally",
20238,119,12A,R&B,Salsoul Records,2026-01-28,QMRSZ2100662,let no man put asunder - first choice,
20454,,,Nu Disco / Disco,Unidisc Music,1982-01-01,CAU111557263,she can't love you - chemise,
23274,,,Techno (Peak Time / Driving),Hooj Choons,1999-03-22,GBBCR9906070,movin' thru your system (dave clarke remix) - jark prongo,
23723,126,10A,Tech House,Cr2 Records,2017-08-18,GBHAD1700209,i want you (forever) (josh butler remix - radio edit) - carl cox,
24066,130,5A,Tech House,Defected,2026-03-20,GBCPZ2625137,underground (danny p & caleb laurenson extended remix) - nick curly,
24415,131,5A,Electronica,XL Recordings,2004-11-22,,charly (alley cat mix) - the prodigy,
25005,129,10B,Melodic House & Techno,CORE Records,2026-03-12,BE5KW2601049,late at night (extended mix) - mind against,
25286,155,7B,Mainstage,EXTATIC Records,2025-12-12,NL8RL2582064,the ultimate seduction - maddix,
25585,128,10B,Tech House,When Stars Align,2025-07-25,,backtrack blow up (max styler remix) - samantha loveridge,
26105,,,Funky House,Fool's Paradise,2026-06-05,GBJAJ2600634,shoulda known better (sgt slick remix) (sgt slick remix) - definite grooves,
26221,,,Pop,Rhino,2023-11-10,GBAYE0302610,four to the floor (thin white duke mix; short version) - starsailor,
26458,,,Dance / Pop,OWSLA/Atlantic,2025-11-21,USAT22501793,while you were sleeping - skrillex,
28512,95,10B,Electronica,Crammed,2017-09-15,JPCO08221190,海の上から - yasuaki shimizu,
30773,126,9A,House,Strictly Rhythm,2019-12-13,USSR39562501,"reach (little ""more"" mix) - lil' mo' yin yang",
32807,,,Techno (Peak Time / Driving),Well Street Records,2018-06-15,UKPXX1800012,soft focus - robert fleck,
34000,,,Tech House,CUFF,2019-05-31,GBKQU1943870,old rocky (radio edit) - confesser,36766
34007,,,Pop,Universal Music Ltda.,2020-10-02,BREMI0300164,sla radical dance disco club - fernanda abreu,36765
34129,,,Techno (Raw / Deep / Hypnotic),Will & Ink,2024-08-09,UKU932481808,feral - yaleesa hall,36668
34263,122,3A,Afro House,DEL GADO REC,2018-02-09,FRX281721007,from jamaica to brasil - silvano del gado,36566
34317,113,4B,Nu Disco / Disco,Legacy Recordings,2007-10-23,USSM17801365,ain't no stoppin' us now (single version) - mcfadden & whitehead,36532
34358,,,Pop,Universal Music Ltda.,2025-12-05,BRWMB9801575,acenda o farol - tim maia,36502
34366,,,UK Garage / Bassline,ec2a,2024-05-24,UKW3Z2401712,ayo dj - invt,36492
34405,,,Electronica,Founders Of Filth,2017-09-29,GBJX32716051,rocket ride (soulwax rock it right remix) - felix da housecat,36472
34451,,,Electronica,Because Music,2016-02-12,FR0D01500002,funk makossa (feat manu dibango) - cerrone,36426
34453,,,Nu Disco / Disco,Legacy Recordings,2021-12-10,USSM12106913,you can't hide from yourself (dimitri from paris super disco instrumental) - teddy pendergrass,36429
34479,,,"",,,USEM40300301,lei lo lai - the latin project,36423
34527,,,Nu Disco / Disco,Prelude Records,1995-01-01,CAU118200553,dyin' to be dancin' (remix) - empress,36384
34545,115,2A,Nu Disco / Disco,Sanctuary Records,2017-03-01,GBAJE7800206,"say a prayer for two (12"" remix) - crown heights affair",36363
34625,,,House,XL Recordings,2003-01-13,GBBKS0200594,love story (vs finally) (tim deluxe club mix) - layo & bushwacka! & bushwacka!,36315
34646,,,Nu Disco / Disco,Z Records,2020-05-29,USSM12109176,"bourgie', bourgie' - gladys knight & the pips",36297
34660,,,House,Dubsided,2010-06-14,GBZGQ0900161,throwing stones - solid groove,36286
34729,,,Techno (Raw / Deep / Hypnotic),EMERALD,2026-05-01,NLCK42603470,sketch #12 (original mix) - tarkno,22027
34832,,,Electronica,Luaka Bop,2012-01-01,BRMCA7300051,gostava tanto de você - tim maia,36160
34863,,,"",,,FR10S2047350,liza... liza - elias rahbani and his orchestra,36139
34944,,,Trap / Future Bass,Epic/Legacy,2015-08-21,USSM19803508,work to do - the isley brothers,36083
34965,,,Hip-Hop,GT Digital / E.S.G. / EMPIRE,2018-02-02,GBCKK1017502,u.f.o - esg,36070
34993,,,Nu Disco / Disco,Universal Music Ltda.,2018-07-20,BRPGD7000076,"oba, lá vem ela - jorge ben",8635
35000,,,Melodic House & Techno,Kompakt,2026-04-24,DEU672600493,rivers and homes retake - adam ten & j.views,36049
35021,,,140 / Deep Dubstep / Grime,UKF,2026-01-23,GB2LD2520654,for a minute - borne,36035
35037,,,Techno (Peak Time / Driving),Drumcode,2026-03-27,GBUR62001282,simulate - kasia,36022
35043,,,Techno (Peak Time / Driving),VOLTA,2026-04-02,DEY472673009,overload - alex stein,36015
35049,,,Electro,0110 Records,2021-10-22,CAH250680357,slo roast - jay tripwire & grant dell,618
35100,,,Techno (Raw / Deep / Hypnotic),TH Tar Hallow,2023-11-17,NLCK42238549,hyperbell - nttr-909,35975
35190,,,Techno (Peak Time / Driving),Reflector,2015-10-26,UKACT1560768,6 a.m. - dj hmc,35916
35314,104,12A,Psy-Trance,Iboga Records,2016-02-01,DKZVA1560962,free tibet (vini vici remix) - hilight tribe,35815
35458,,,Indie Dance,Delusions Of Grandeur,2024-05-31,GBZHR2400396,screen off - session victim,35711
35483,,,House,Hot Creations,2025-04-25,GBK6Y2525506,"another dimension (extended) - rafael, nariman",21094
35501,,,Melodic House & Techno,Rose Avenue/Reprise,2025-06-06,USRE12500157,break my love (samm remix) - rüfüs du sol,35689
35526,,,Indie Dance,Olsen Records,2014-04-22,NOOLS1401060,delorean dynamite - todd terje,35679
35644,,,House,Defected,2009-11-25,IL4090801101,spells f yoruba - gel abril,35585
35657,,,House,DIAS DE CAMPO RECORDS,2026-04-28,GBKQU2633866,i like u - gab jr.,35570
35756,,,Dance / Pop,Thievery Corporation,2022-07-22,USESL0306006,all that we perceive - thievery corporation,35500
35773,,,R&B,Columbia/Legacy,2018-03-30,USSM18500148,i wonder if i take you home - lisa lisa & cult jam,35482
35776,,,Electronica,NAFF,2026-03-10,CBAUX2623101,clowns - glob deejay,6772
35797,,,Indie Dance,Late Night Tales,2009-09-28,USAK20300006,that's us / wild combination - arthur russell,
35798,,,Rock,London Records (Because Ltd),2026-07-01,GBHBR0405106,grace - the durutti column,35467
35859,,,Tech House,Tuff Gong,2024-02-12,QT47L2600023,favour (extended mix) - fisher,35431
35870,128,4A,House,Milk & Sugar,2023-04-21,US39N2632837,one more time (extended mix) - milk & sugar,35424
35884,,,Electronica,BELOW0,2026-04-10,FIBL02600030,kyrie - finnjävel,35412
35897,,,Hard Dance / Hardcore / Neo Rave,Too Lost LLC,2013-07-23,USA2P1310065,protocol - matrixxman,35402
35928,,,Funky House,HouseU,2026-06-05,UKACT2644886,all of my days - roog,35378
35951,,,Bass / Club,INVT,2024-10-24,USYBL2402141,la covacha - invt,35365
36004,124,6A,Deep House,Maccabi House,2025-01-10,QMFME2461184,all by myself - mita gami,35329
36023,,,Techno (Peak Time / Driving),Newrhythmic Records,2023-07-28,NLCK42233756,nordica - bartig move,35315
36081,,,Techno (Raw / Deep / Hypnotic),Moral Standards,2022-11-04,NLCK42220332,grateful dead - not a headliner,35271
36148,,,Electro (Classic / Detroit / Modern),U-TRAX,2022-10-14,NL5YQ2100041,program yourself to feel - w1b0,35221
36174,,,Techno (Raw / Deep / Hypnotic),WSNWG,2020-06-12,DEYS32000403,"190318 - ø [phase], rødhåd",35201
36187,,,Techno (Raw / Deep / Hypnotic),Ternesc,2018-06-22,GBQLP1800661,tasser - blawan,7534
36282,,,Techno (Raw / Deep / Hypnotic),SK_Eleven,2022-11-04,NLCK42221272,"bold - altinbas, cirkle",15806
36284,,,Trap / Future Bass,recordJet,2024-09-06,QZS632510894,sequoia - reptile,
36388,,,140 / Deep Dubstep / Grime,Monsters Music,2023-04-07,GB8KE2304870,"contact - korostyle, onhell",35052
36423,,,Techno (Raw / Deep / Hypnotic),Ilian Tape,2026-03-19,DEOB62601057,mae uprising - re:ni,6665
36436,,,Hip-Hop,Rec. 118,2022-11-17,FRZ042201416,autobahn - sch,35010
36497,,,Trance (Main Floor),Cheeky Records,2015-10-09,GBBXH0100021,we come 1 (dave clarke remix) - faithless,34970
36508,,,140 / Deep Dubstep / Grime,subglow,2025-11-07,DEG932505235,abysmal yearning - x3butterfly,8815
36511,,,140 / Deep Dubstep / Grime,Tempa,2026-02-27,QM4TX2672050,hollow - d1,34964
36692,,,Techno (Raw / Deep / Hypnotic),EMPAM,2023-01-10,NLCK42224319,tumladen - malin genie,34834
36747,,,Electronica,The Night Land,2023-04-26,ES70G2300031,"flash forward - talaboman, axel boman, john talabot",34807
36831,,,Electronica,Dark Entries Records,2026-05-01,USA2P2621089,breakthrough - bergsonist,34740
36852,,,Pop,A&M,2013-04-23,USPR19104475,optimistic - sounds of blackness,34729
36862,,,Bass / Club,Hessle Audio,2017-06-23,GBUMC1700001,marius - batu,34725
36863,,,Tech House,Useless Seconds,2026-03-31,FRDX62601940,wildest word - marino2,34719
36864,,,Bass / Club,Livity Sound Recordings,2020-10-30,GBRYX2000276,oww - bakongo,8253
36865,,,Techno (Raw / Deep / Hypnotic),Livity Sound Recordings,2025-09-12,GBRYX2500409,expressions - joe milli,34720
36866,,,Bass / Club,Livity Sound Recordings,2021-04-02,GBRYX2100293,new day - forest drive west,34721
36867,,,Bass / Club,Club Djembe,2023-02-24,UKN6K2202327,barracuda - drumheller,34722
36868,,,Tech House,Nervous Horizon,2026-04-17,UKA9G1700402,dance tripping - tsvi,29799
36869,,,Techno (Peak Time / Driving),EXERSOUND,2024-06-28,UKU932481792,cleanse - yaleesa hall,34717
36870,126,9A,UK Garage / Bassline,ec2a,2026-03-20,CBEFB2600699,analog fever (khun remix) - mees mattern,34716
36871,,,Bass / Club,Timedance,2025-10-10,FRX452540484,siebkopf - skee mask,34718
36873,,,Bass / Club,Timedance,2026-03-27,FR2X42632107,intrinsic values - polygonia,34712
36874,,,Techno (Raw / Deep / Hypnotic),Shaw Cuts,2026-01-23,DEK602519234,flicker (original mix) - heritage,34715
36875,,,Electronica,Schematic,2022-01-21,QMDA62455480,redundancy circles (nirborna remix) - sohn jamal,34711
36876,,,Electronica,Shaw Cuts,2021-11-05,NLCK41091607,fort miley (original mix) - farron,34713
36877,,,Techno (Raw / Deep / Hypnotic),Vitamin1000 Recordings,2026-06-18,GBKQU2649309,torrential phase - brianna paon,34714
36878,,,Bass / Club,Grid,2025-04-04,FRDX62501950,canine growing backwards - blank patrick,34709
36879,,,Techno (Raw / Deep / Hypnotic),Butter Sessions,2025-07-18,AULLW2500238,"gravity reset - command d, zara",34710
36880,,,140 / Deep Dubstep / Grime,"Left, Right & Centre",2025-04-04,GBKQU2507995,cracked plates - korzi,33831
36881,,,Techno (Peak Time / Driving),SLINK,2021-02-12,USYBL2100366,bhir - enayet,10682
36882,,,Electronica,Permanent Vacation,2023-02-17,DECY62200065,mangrove railways - sam goku,10190
36937,132,2A,Dance / Pop,Disorder,2026-02-18,USA2P2568799,come back 2 me (extended) - chloé caillet,34659
36943,,,Tech House,Classic Music Company,2016-11-28,GBCPZ1609964,larry's exotic blend - zappe,34657
36986,,,Tech House,NuLu Electronic,2017-07-14,GBKQU1764635,less talk - stefano ranieri,34632
36994,,,House,Dopewax,2016-05-06,USD8A1611503,turn you up (kenny dope & todd terry o'gutta dub) - kenny dope,34627
37010,,,House,Dopewax,2016-12-09,USD8A1614201,piano groove (main mix) - kenny dope,34614
37027,,,Nu Disco / Disco,Malligator Productions / Because Music,2024-11-13,USJVZ2000014,v.r. tribute (louie vega extended sci fi dub) - louie vega,34600
37028,,,Tech House,Solid Grooves Records,2017-06-30,GBKQU1756889,sound boy (original mix) - leftwing & kody,34670
37029,,,Tech House,Dopewax,2020-07-10,USD8A2022504,all i'm askin' (demuir playboy edit) - kenny dope,34599
37030,125,4A,Tech House,Defected,2015-11-13,,sunday morning (kaytronik ruff kut mix) - seven davis jr.,
37031,,,Dance / Pop,Strictly Rhythm Records,2026-01-28,USSR39400403,love and happiness - river ocean feat india,
37032,123,8A,House,Freeze Records,2020-06-12,USMKQ2000045,"sume sigh say (maw edit) - todd terry, house of gypsies",34598
37043,122,6B,House,Defected,2026-05-15,GBCPZ2525082,take me as i am (moodymann extended remix) - dames brown,34594
37044,,,Mainstage,Paradise Records,2007-01-01,USUS21110408,i need somebody (original mix) - sessomatto,34663
37045,,,DJ Tools / Acapellas,Hot N Spycy,1994-10-20,CAP622600050,i like it (i like how you're lov'in me) (feat octavia lambertis) [the moraes mix] (the moraes mix) - angel moraes,34666
37046,,,House,Hard Times Records,2026-05-08,QM6N22643245,message of love - st. david,9660
37048,,,Electro|Techno/House,Hang On Music,2020-12-11,CA5KR2537253,all night (original mix) - alex m (italy),34593
37049,,,Dance / Pop,Strictly Rhythm Records,2020-05-29,QMRSZ2000882,desire (kerri chandler underground mix) - ultra naté,34591
37051,123,8A,House,Peppermint Jam Records,2015-12-18,DEP080100223,keep pushin' (path of dub mix) - boris dlugosch,34590
37126,127,6A,House,Defected,2026-07-10,GBCPZ2625392,soul makossa - melé,
37153,124,7A,Tech House,No Art,2026-07-10,CBEFB2604077,blowin' up the spot - bontan,
37198,122,6A,Indie Dance,Maneki Neko,2023-04-28,US83Z2314990,zeppelin - xandl,34526
37277,143,10A,Techno (Raw / Deep / Hypnotic),Rotation Records,2022-06-03,GBKQU2245372,tremmer (remastered 2022) - the subjective,34471
37303,108,8A,Techno (Raw / Deep / Hypnotic),Special Series,2025-12-19,NL3M12516967,johnny cage - hder,34456
37329,126,5A,Deep House,Glasgow Underground,2013-03-11,GBPQS1200021,the wanderer (dixon edit) - romanthony,
37331,128,5A,UK Garage / Bassline,Ice Cream Records,2014-01-31,GBP2Q1000059,ripgroove (feat top cat) [rerecorded] (rerecorded) - double 99,
37373,126,8A,Electronica,fabric Records,2003-11-03,DEE190200135,"oldschool, baby (piano mix) - westbam & nena",
37380,127,7A,Tech House,Bargrooves,2009-01-26,US4LK0601762,flight lb 7475 (original mix) - loco dice,34405
37401,135,2A,Techno (Raw / Deep / Hypnotic),Moving Pressure,2025-11-21,NLCK42516144,empty tank - connor wall,12268
37424,141,8A,Techno (Raw / Deep / Hypnotic),Arts,2026-02-20,NL3M12517200,rundown - ben reymann,34379
37589,136,6A,Techno (Raw / Deep / Hypnotic),K S R,2026-02-20,NLCK42600542,embodiment - justyn nell,33244
37622,135,12B,Techno (Raw / Deep / Hypnotic),Ilian Tape,2022-10-12,DEOB62200671,tribe one (vocal edit) - deetron presents soulmate,15086
37639,127,11B,Tech House,Echocentric Records,2026-05-15,FIEC12600011,shake it off - capes,34227
37660,100,4A,Pop,FAX Records/Epic,2024-10-11,USSM12308661,"jump - tyla, gunna, skillibeng",34205
37664,118,3B,Afro House,TH3RD BRAIN,2024-04-26,NGA3B2219002,ta ta ta - bayanni,34199
37743,120,8A,Hip-Hop,A$AP Worldwide/Polo Grounds Music,2013-08-16,USRC11301000,shabba - a$ap ferg,34127
37752,124,12B,House,Funki Dred Records,2021-06-04,GBAAA8900036,back to life - soul ii soul,
37757,126,8A,Dance / Pop,Rhino/Warner Bros.,2009-01-24,USWB10001877,when doves cry - prince,34120
37883,,,"",,,BCSOU2600015,funk charger - dj will22,34038
37891,88,6A,Drum & Bass,Born On Road,2026-03-13,GBQSE0700113,where's my money (album edit) - tc,34028
37929,126,4B,Deep House,Bobby Donny,2025-06-13,UKU932483832,clear sky - wim waldo,34001
37986,128,5A,UK Garage / Bassline,Ice Cream Records,2014-01-31,GBESM1100040,ripgroove (radio edit) - double 99,33956
38044,72,12A,Rock,Maverick,2008-06-01,USMV29700142,my own summer (shove it) - deftones,33959
38045,131,7B,Dance / Pop,Positiva/Virgin,2009-11-27,GB01A0900187,sweet like chocolate (radio mix) - sharon woolf,33906
38046,147,1B,Rock,Infectious Music,2026-01-28,GBDNH0400386,blue light - bloc party,33905
38047,117,7B,Pop,Virgin Records,1997-11-03,GBAAA9710056,never give up on the good times - spice girls,33903
38048,81,3B,Hip-Hop,Epic,2020-12-10,USSM12104708,whole lotta money - bia,33904
38050,161,12B,Pop,Universal Music Group International,2003-02-18,USPR37602184,everybody loves the sunshine - roy ayers ubiquity,33902
38051,138,1B,Rock,Fueled By Ramen,2009-09-29,USAT20902323,the only exception - paramore,33900
38052,120,6A,Deep House,Warp Records,2017-07-07,GBBPW1700087,marilyn - mount kimbie,33899
38054,140,9A,Electronica,Club Romantico,2026-07-21,ES71G2510530,amnesia - v1fro,11385
38055,140,2A,Bass / Club,Amity,2025-09-12,UKN6K2403152,onandonandon - beaabea,33898
38056,145,2B,Hard Dance / Hardcore / Neo Rave,Comme dans les films,2025-08-22,NLCK42512276,dance it out - yasmin regisford,33901
38057,137,4A,Techno (Raw / Deep / Hypnotic),Ilian Tape,2024-05-16,DEOB62400850,drone - deetron presents soulmate,29619
38058,155,10B,Bass / Club,MNRK Music,2025-09-26,US5ED2507132,"fire in delhi (naina remix) - bombaymami, naina",33896
38090,,,Dance,,,GBYCZ0900010,party hard - donaeo,13338
38107,121,3A,Deep House,Local Talk,2015-10-15,JPR521400170,still in love (kyodai extended remix) - shuya okino,33850
38214,98,7A,Latin,Universal Music Spain S.L.,2021-08-12,ESA011636704,"tu sicaria - ms nina, beauty brain",33761
38253,69,1A,Bass / Club,Tempa,2025-10-03,QMFME2541047,prototype iii - introspekt,33738
38256,139,9A,140 / Deep Dubstep / Grime,AD 93,2025-04-01,DEG932501186,sex life - tracey,33734
38261,103,11B,Dance / Pop,Warp Records,2026-04-08,GBBPW2602563,idea 1 - kelela,24825
38264,150,7A,Pop,Young Money/Cash Money Records,2019-02-15,GBPPE0800076,unstoppable - santigold,17501
38266,136,4B,Bass / Club,Nervous Records,2026-04-10,USNRS2644599,nice + slow - lamsi,33729
38272,81,7B,Bass / Club,Roska Kicks & Snares,2026-06-11,GB8KE2611548,stop & wave - roska,33725
38281,,,"",,,QZVEM1821667,muah - cece natalie,33718
38282,,,"",,,GXESV2433124,nerves - ear,33717
38283,133,11A,Electronica,Young,2026-07-23,UK7MC2400135,everybody worldwide - two shell,33716
38284,136,5B,Bass House,NLV Records,2025-05-13,QM6N22591382,fuck my computer - ninajirachi,33712
38285,,,"",,,QZGLS2427941,fatigue - ta1ls,33713
38286,129,3B,Electronica,Mad Decent,2023-05-25,USZ4V2300026,lltb - jam city,33714
38287,150,11A,Breaks / Breakbeat / UK Bass,Mad Decent,2025-07-11,USZ4V2500281,hard refresh - dj_dave,33715
38288,139,1B,Hard Dance / Hardcore / Neo Rave,childsplay,2023-05-12,UKRA72300204,i want u 2 - maniken05,33711
38289,111,4B,Electronica,Collection Disques Durs,2026-01-01,CBAUX2605001,keepon - isla den,33708
38290,89,4A,Dance / Pop,YEAR0001,2026-03-26,SE5AJ2202785,miami crest - namasenda,33710
38291,127,12A,Progressive House,Contrasena Records,2011-01-18,ROCMA0901868,"stereo love (massivedrum dj fernando remix) - edward maya, vika jigulina",31891
38292,,,"",,,QZK6P2545775,bota na cara - dj g2g & vrod beatz,33709
38293,144,12B,Electro (Classic / Detroit / Modern),PC Music,2024-10-17,UK9951510601,laplander - finn keane,33703
38294,115,2B,Electronica,TWIN (US),2025-01-30,USZ4V2500035,forever salty - bassvictim,33704
38295,95,6B,Dance / Pop,Polydor Records,2022-09-16,GBUM72202197,"tonto - mura masa, isabella lovestory",33705
38307,,,"",,,BX7O92600032,viciada - bia soull,33694
38314,,,"",,,FR9W12513561,blood is life - natura morta,9905
38315,104,10A,Ambient / Experimental,Kompakt,2021-11-12,DEU672101535,anticlimbers - blank gloss,33688
38316,157,12B,Electronica,Accidental Meetings,2025-05-16,GBQLP2500290,libation - ma.moyo,33684
38317,,,"",,,GBDRC2219702,"woodlands (summer, 10.28am) - crystal bowl meditation - iksre",33682
38318,,,"",,,UKSK61900160,echoes of lalia - damsel elysium,33686
38319,,,"",,,USA2B2602014,open water - holland andrews,33685
38320,115,9B,Electronica,Western Vinyl,2021-01-22,US78L2121105,memory of blue - elori saxl,33683
38321,,,"",,,UKSK61900174,fishermen (sell your dreams) (nyokabi kariuki rework) - alev lenz,33679
38337,120,12A,Afro House,Afro Republik,2025-04-04,UKXN22566225,ma tnsani (yalla habibi) - vanco,33666
38358,125,9A,Dance / Pop,Sound African Recordings,2017-11-15,ZAA011700426,makhe - dj maphorisa & dj shimza feat moonchild sanelly,33643
38429,127,1B,Hip-Hop,Quality Control Music/Motown Records,2021-05-21,USUG12000079,twerkulator - city girls,33587
38435,119,3B,African,DopeNation,2025-10-02,QZTPX2500331,kakalika - dopenation,33590
38452,145,2A,Dance / Pop,Brazy,2023-12-15,QZTAX2235701,attends - brazy,33569
38456,74,9A,African,Independent,2025-01-11,ZA56E2536365,omo to sexy (remix) - blnde,33565
38472,,,"",,,FR2X42271602,hallu - sofie birch,33556
38491,,,"",,,DETB31800913,amadoda (de grandi remix) - she's drunk,33537
38522,100,5A,Electronica,Mushroom,2024-09-28,AULI02036690,"vgf (dub) - donald's house, lipelis",33524
38536,128,10A,House,Exit Strategy,2026-02-06,DEEC31810647,push - kristin velvet,11694
38644,125,11B,Indie Dance,Organic Tunes,2024-10-25,GBKQU2497328,"a day to remember - malive, the organism",33431
38647,119,1A,House,Optimo Music,2024-09-20,DEU672400695,"brother - gǽg, monkey timers & keita sano",33426
38659,124,11A,Techno (Raw / Deep / Hypnotic),Oleeva,2025-10-24,US83Z2553748,tellisford loop - will you,33418
38660,128,4B,Deep House,Mint Condition Records,2023-08-11,QMBZ92367338,hannah's house - terry francis,33415
38661,123,2A,Techno (Raw / Deep / Hypnotic),200 Records,2026-03-02,DEK602518005,axial shifts (original mix) - owain k,2931
38662,129,3A,Deep House,In Dust We Trust,2021-09-17,FRX452137807,liquid experience - chaos in the cbd,15220
38663,127,8B,Minimal / Deep Tech,Fuse London,2025-04-11,FR59R2576375,illusion - eb_flow,33417
38665,126,3B,Tech House,Cabinet Records,2015-10-23,DEY470944118,playroom - cab drivers,33416
38666,132,8B,House,VIAVIA,2026-07-10,NL3AA2600136,never too late - morsal,33413
38667,132,12A,Deep House,Mint Condition Records,2023-08-11,QMBZ92367340,as you cry - terry francis,33415
38668,126,7A,Dance / Pop,Drop Music,2008-12-08,GBJVT0500097,rack me up - inland knights,33412
38669,,,Electro|Techno/House,,,GBLV62305802,missed memo - spandrel,33414
38670,,,Electro|Techno/House,,,GBLV62305804,negocios - spandrel,33414
38706,129,6B,Tech House,Nu Moda,2026-05-22,NL8RL2643844,oldskool flavor - max styler,33387
38754,128,7B,Tech House,Nu Moda,2026-01-16,NL8RL2584629,ice in my eyes - welker,33339
38759,128,8B,Tech House,STEREOHYPE,2026-01-30,US39N2609671,monnalisa (extended) - adapter,33364
38760,128,9B,Tech House,Diynamic,2026-01-23,DEDH72300571,all night long - volkoder,33340
38843,131,5A,House,NO ART,2024-12-06,CBEFB2400053,day starter - makèz,33272
38866,,,"",,,NLCK42601469,hivemind (original) - gisura,21137
38867,137,12B,Techno (Raw / Deep / Hypnotic),KR RECORDS,2026-05-05,GBKQU2617442,lost in space - eaien,33250
38868,135,11A,Techno (Peak Time / Driving),Diffuse Reality Records,2025-04-28,GBKQU2539205,merry meltdown - frank funke,33251
38869,137,1A,Techno (Raw / Deep / Hypnotic),Knotweed Records,2025-06-06,DEH742514472,session 3 - philippe petit,33254
38871,136,11B,Techno (Raw / Deep / Hypnotic),Off Recordings,2026-02-13,GBLV62524092,arangkada - alinep,33246
38872,138,3A,Techno (Raw / Deep / Hypnotic),Planet Rhythm,2026-01-16,NL3M12517258,anomaly in the system - vkn.modular,33249
38875,138,9A,Techno (Raw / Deep / Hypnotic),Grab The Groove,2026-03-27,DEH742605827,floating with you - konstantin scharf,33248
38876,,,"",,,NLCK42601471,talk to me (original) - telicho,21137
38877,140,7A,Techno (Raw / Deep / Hypnotic),K S R,2026-02-20,NLCK42600546,aspect ratio - justyn nell,33244
38947,124,11A,Dance / Pop,Headonism Noir,2026-01-31,US83Z2605004,hypnotizing (original mix) - deflee,33197
38973,120,1B,Afro House,Madorasindahouse Records,2025-11-07,QMFMF2590540,guardian tongue (david mayer remix) - culoe de song,33171
39031,143,2A,Techno (Raw / Deep / Hypnotic),REBELSKIN RECORDS,2025-10-10,CA5KR2592030,power thing (conrad van orton remix) - dast (italy),33134
39063,124,10A,Mainstage,Tipping Point,2026-02-27,US83Z2608865,not ready (extended mix) - atric,33108
39228,105,9A,Downtempo,Crépite.,2022-07-15,SEYOK2220471,lemon juice (matildoutz & laurent flaoh remix) - apaj,32989
39340,130,5B,Tech House,Hottrax,2026-04-03,GBK6Y2651612,take a little trip - chico rose (nl),32905
39442,124,5A,Tech House,Liebe Detail,2009-11-13,DECX10900057,infinity - matthias meyer,32825
39449,65,2A,House,Smiile,2025-06-13,QZQAY2566971,venga people - d stone,6859
39499,128,1B,Techno (Peak Time / Driving),Power House,2013-05-17,DEPJ11030007,rave (dirt mix) - head high,16202
39500,123,3A,House,Miroma,2011-12-11,DEY161104402,capricorn (ralf gum remix) - 60 hertz project,32791
39543,128,6A,Bass / Club,Club Aerobics,2020-08-07,USYBL2001298,bubble pon di bed - bianca oblivion,32764
39545,,,"",,,QZMHP2447899,dink dink - smiff,32765
39558,,,Electro,,,DEH742532519,tudm - gino da koda,3067
39578,121,3B,Deep House,Maxi Records,1993-01-01,DEG931892095,when you love someone (groove instrumental) - daphne,15203
39622,120,7B,Afro House,Sondela Recordings Ltd,2026-01-30,USA2P2602573,222 - ape drums,32701
39630,128,5B,Deep House,8Bit,2026-03-06,DEW872601689,groove theory (extended mix) - chinonegro,32702
39777,75,1B,Bass / Club,LOVE IN THE ENDZ,2025-04-24,GBLFP2566200,the havana chase - love in the endz,32585
39796,145,6A,Electronica,Houndstooth,2023-09-20,GBEXH2300205,fundamentals - wordcolour,32567
39838,92,10B,Rock,Clarence Avant Catalog,2018-08-17,USUM71810948,forget it - rodriguez,16743
39852,110,3A,R&B,Clarence Avant Catalog,2010-12-21,USUG11004400,the finest - the s.o.s. band,32521
39870,,,"",,,ITH750900103,stream - piero umiliani,32367
39992,,,"",,,JPWP01801549,plastic love - mariya takeuchi,32411
40052,,,Pop|Rock,,,DEAR41245989,stalactite - monique feat les tridents,32373
40053,,,Pop,,,ITN731105173,l.s.d. (librae solidi denari) - the duke of burlington,32369
40054,,,Films/Jeux vidéo|Musiques de films|Bandes originales,,,ITDGZ2400031,"orgiastic ritual - gianfranco reverberi, south african combo",32365
40056,,,Films/Jeux vidéo|Musiques de films|Bandes originales,,,FR59R1891827,trop's - alberto baldan bembo,32363
40057,85,5A,Nu Disco / Disco,Material Music Curates,2025-10-17,ITH750900095,chaser - piero umiliani,32367
40058,,,Films/Jeux vidéo|Musiques de films,,,ITF730902616,manile - franco micalizzi,32366
40060,,,R&B|Soul & Funk|Soul,,,BEN581700134,paddock - patricia burns,23691
40061,,,Disco,,,USA2P2340715,fly me on the wings of love - reiko itsuki,32362
40062,,,Electro|Disco,,,USL4Q2440703,isle of lesbos - gerhard heinz,32368
40105,124,8A,House,Maccabi House,2026-07-03,QMBZ92610164,sexy m.f. (extended mix) - jackie (it),32332
40109,124,9B,Indie Dance,SPINNIN' DEEP,2026-06-19,NLZ542600250,tu es tout (extended mix) - tom & collins,32376
40210,87,6A,Drum & Bass,Critical Music,2014-01-27,GBVPL1300032,baby grey - ivy lab,32250
40233,134,7B,Techno (Raw / Deep / Hypnotic),Fur:ther Sessions,2022-12-02,NLCK42218252,submerged - polygonia,13256
40234,139,4B,Techno (Raw / Deep / Hypnotic),Sense Code,2024-02-16,NLCK42400941,rhythmic rituals - plants army revolver,32244
40250,128,3A,Minimal / Deep Tech,Berg Audio,2024-06-07,DEH742416876,don't stahp (edit) - traumer,32234
40308,130,8A,Minimal / Deep Tech,TBX Records,2024-08-16,GBKQU2473990,"wasted of time - lucio agustin, mati astroza",32188
40309,131,8A,Minimal / Deep Tech,Half Bloom,2026-01-16,GBLV62530763,rhythm and sound (extended mix) - andy somoza,29708
40310,129,4B,Minimal / Deep Tech,Key Records,2024-04-12,DEY472472825,your power - nic david,32190
40311,130,12A,Minimal / Deep Tech,TBX Records,2024-08-16,GBKQU2473989,"time traveler - lucio agustin, mati astroza",32188
40312,130,11A,Minimal / Deep Tech,Eastenderz,2025-02-07,GBLV62419201,touché - louden,32187
40313,131,12A,Minimal / Deep Tech,Locus,2025-10-31,DGA062504709,i like that - mariche,32189
40314,130,8B,Minimal / Deep Tech,THUNDR,2024-06-14,CA5KR2461488,want me (original mix) - mati astroza,32191
40315,132,7A,Minimal / Deep Tech,WYLD,2025-03-07,GBKQU2516908,fixation - mati astroza,32186
40316,131,10B,Minimal / Deep Tech,MD Traxx,2024-12-27,GXDGV2400031,put it on you - mati astroza,32185
40587,122,12B,Organic House,All Day I Dream ,2026-02-13,QM4TW2627691,birth of a new sun - makebo,31986
40657,125,9A,Indie Dance,Cercle Records,2025-08-10,FR96X2586742,"flying away with you - whomadewho, tripolism",31937
40750,122,7A,House,Strictly Rhythm,2019-12-13,USSR39000301,special (club mix) - sir james,31863
40803,129,2A,House,Robots & Humans,2026-03-06,GBARL2600244,share the house - bullet tooth remix (extended) - ewan mcvicar,31896
40949,122,8A,House,Strobe Records,1992-01-01,CAAF50600033,groovy baby - kingdom come,31706
40959,,,"",,,GBARL0900258,crazy for you (alternative version (demo version)) - slowdive,31696
41040,109,5A,R&B,Def Jam Recordings,2014-02-04,USUMG9900621,"the rain - oran ""juice"" jones",31645
41095,86,10A,Rock,Columbia (Sony),1986-09-02,USSM17900504,aqua marine - santana,31604
41160,,,"",,,BRSGL8600031,doce mistério - fafá de belém,31574
41193,108,6A,Indie Dance,Dogs & Vultures Records,2019-04-22,GBKQU1935202,travels (original mix) - petroza,31566
41269,,,Techno (Raw / Deep / Hypnotic),Dynamic Reflection,2018-11-02,NLCK41050650,the narrowing (original mix) - blawan,18728
41387,,,"",,,,grandpa's party (love ii love remix) - monie love,
41391,,,House,DENSER,2025-10-17,QMFME2598302,count it off (original mix) - mil & jes,31416
41504,,,Indie Dance,I AM YOU,2026-05-29,GBKQU2658923,acid groove theory - deer jade,5940
41540,121,7A,Dance / Pop,Chaos,1994-12-20,USSM10017353,vertigo/relight my fire - dan hartman,31312
41611,,,Techno (Raw / Deep / Hypnotic),Enemy Records,2026-05-22,BEN582600381,magical - decoder,31265
41651,,,Electro (Classic / Detroit / Modern),WARNING,2023-09-29,DEY472377631,my boom (reptant's lizard tech) - sansibar,31234
41663,,,Minimal / Deep Tech,Limousine Dream,2023-07-07,DEY472375081,hatchback - gene on earth,31220
41725,,,Afro House,Stil Vor Talent,2025-11-28,DEXN82542984,"der mückenschwarm (andhim 20yrs svt remix) - oliver koletzki, andhim",31179
41752,,,Trance (Main Floor),44 LABEL GROUP,2025-08-29,QMDA72573541,every night - thiso,6955
41755,,,Electronica,Jacidorex,2026-03-27,NLCK42604346,riverside - jacidorex,31155
41757,,,UK Garage / Bassline,Caposile Music,2026-02-27,GXBNP2650031,tonight (ozzie guven remix) - kosmicway,31151
42008,,,Ambient / Experimental,Music From Memory,2024-10-18,NLD7H2400037,poisson d'avril (galaxy dub) - missing project,16609
42024,,,"",,,DEPL91429053,blade moth - xhin,30953
42050,127,9A,Tech House,Ultra,2023-06-09,USUS10900129,took the night - chelley,30934
42051,,,Bass House,FFRR,2022-01-14,GBAYE2101765,sextacy (extended mix) - sidepiece,30933
42070,,,Techno (Peak Time / Driving),Midnight Drive,2019-04-05,GBJX31969006,sexafari - mappa mundi,20937
42127,,,Techno (Peak Time / Driving),Alien Rain,2015-03-02,DEPL91539052,alienated 5b - alien rain,30874
42142,,,Pop,UMC (Universal Music Catalogue),2024-06-14,GBUM72402882,mofo (mother's mix) - u2,30870
42143,,,Drum & Bass,Audio Couture,1998-02-23,GBAGN9800004,two - brass wolf,30862
42144,,,Drum & Bass,V Recordings,1997-04-21,GBCEQ1210301,the calling (goldie remix) - roni size,30861
42145,,,Electro|Dance,Intercom Recordings,2007-10-15,GBAGN9800051,tough at the top (timecode remix vip) - e-z rollers,30864
42147,,,Dance / Pop,London Records (Because Ltd),2023-07-21,GBAAP2300031,angel (peshay back from narm mix) - goldie,30867
42148,,,Drum & Bass,Metalheadz,1998-02-01,GBBHF9923473,no man's land - hidden agenda,30859
42151,77,9A,Drum & Bass,[PIAS] Recordings,2023-02-16,GBUM71703094,"brown paper bag (feat dynamite mc) (2017 remix) - roni size, reprazent",30858
42152,77,9A,Drum & Bass,[PIAS] Recordings,2023-02-16,GBPVV2400385,"brown paper bag (roni size extended mix) - roni size, reprazent",30857
42239,,,Techno (Peak Time / Driving),Delsin Records,2011-11-28,NLM791100084,pneumatic - mike dehnert,30801
42330,,,Techno (Peak Time / Driving),Reload Black Label LTD,2016-10-21,DEH742225513,broken containment - samuel l session,30727
42363,,,Techno (Peak Time / Driving),Wolfskuil Records,2014-04-07,NLUN71200076,figure 8 - doka,30697
42422,,,Techno (Peak Time / Driving),50 Weapons,2015-09-18,DEOE81610366,gewerbe 15 - fjaak,30668
42423,,,Techno (Raw / Deep / Hypnotic),Trip Recordings,2021-12-01,GBLFT1540008,i wanna go bang - bjarki,30666
42424,,,Techno (Peak Time / Driving),MATTER+,2015-09-14,QM4991500006,king disco (original mix) - roman lindau,30662
42425,,,Techno (Peak Time / Driving),Ill Bomb Records,2015-10-26,GBKQU1590541,negative geometry (owen sands remix) - andrei morant,30663
42427,,,Techno (Peak Time / Driving),Dolma Records,2022-11-10,GBCEJ1500964,roadblox (paula temple instrumental remix) (paula temple instrumental remix) - the prodigy,30664
42428,,,Techno (Peak Time / Driving),Figure,2014-05-19,DEDL81300805,"happy 808 - johannes heil, len faki",30665
42523,,,Techno (Raw / Deep / Hypnotic),Tresor Records,2022-03-14,DEF270117304,paranoia - james ruskin,30603
42539,,,House,Jupiter4,2018-09-25,GBLV61915290,funkin' with another drum (original mix) - dj lil' tal,30599
42705,,,Electro (Classic / Detroit / Modern),dektreks,2025-05-02,NLL562302598,i don't care - dexter,30460
42834,,,Afro House,Unreleased Records,2025-10-31,NLF712506784,feel it (extended mix) - arodes,30361
42846,,,House,Dubsided,2011-09-26,RUA491803967,i still love you (original) - switch & andrea martin,
42850,,,Melodic House & Techno,When Stars Align,2026-02-13,GXCM22600002,save you - re.you,30343
42851,,,Melodic House & Techno,Unreleased Records,2026-05-08,NLF712601841,on business (extended mix) - martim rola,30338
42852,,,Afro House,SIZE Records,2026-05-15,USA2P2624751,terror - &lez,30341
42853,,,Afro House,Visile Records,2025-06-20,US83Z2532373,silent momentum - evinn,30342
42854,,,Afro House,Good Vibes From Paradise,2025-11-14,DGA062542515,wudu wudu - monkey safari,30340
42855,,,Afro House,MoBlack Records,2019-06-14,ITFGO1900045,different worlds - sebjak,30339
42856,,,Afro House,Rise Music,2025-11-28,DEEC33502301,"congo (monkey safari radio remix) - jane ryse, melane",30337
42857,,,Afro House,MoBlack Records,2026-02-06,ITFGO2600008,"all gone - moish, vasilis",30336
42862,129,5A,House,Yes Yes Yes,2026-03-26,QT2JK2500186,spirit higher (extended) - lp giobbi,30333
42892,,,Techno (Raw / Deep / Hypnotic),4 Track Recordings,2025-09-26,QMKL32510031,extended - aliasing,30310
42893,,,Techno (Raw / Deep / Hypnotic),Oura Records,2026-03-06,DEH742603537,xeno - nortsch,29511
42894,,,Techno (Raw / Deep / Hypnotic),Fusion of Thought,2025-06-20,NLL562503595,illogical behaviour (cleric remix) - usaw,30308
42895,,,Techno (Raw / Deep / Hypnotic),Planet Rhythm,2026-03-27,NL3M12517250,contre culture - kamen,30307
42896,,,Techno (Raw / Deep / Hypnotic),Arts,2018-05-28,NLCK41047132,zeolite - alfredo mazzilli,30306
42897,,,Techno (Raw / Deep / Hypnotic),Repetitive Rhythm Research,2026-04-10,NLL562604927,ne555n - section 6,30305
42898,,,Techno (Peak Time / Driving),Bpitch Control,2020-10-30,DEAE62000043,peeche - amotik,18825
42899,,,Techno (Peak Time / Driving),Circuit Structure Records,2025-05-01,NLCK42506273,high wire act (original) - havik,30303
42900,,,Techno (Raw / Deep / Hypnotic),Hardspace,2025-10-17,GBLV62501471,re-l (hardspace mix) - viers,30304
42901,,,Techno (Raw / Deep / Hypnotic),Frenzy Recordings,2025-10-31,NLCK42515237,"inspector - flits, frenzy",15323
42902,,,Techno (Raw / Deep / Hypnotic),SLS,2026-01-16,DEH742538040,a bastards work is never done (deetron playmate rework) - samuel l session,30301
42904,,,Techno (Raw / Deep / Hypnotic),X/Y/Secret,2026-03-13,NLCK42602151,hollow bounce - justine perry,21130
42906,,,Techno (Peak Time / Driving),Renegade Methodz,2026-04-03,NLCK42604867,experimental studies - olympios,30302
42907,,,Melodic House & Techno,Systematic Recordings,2022-11-18,DEPI82208680,what is soul (joris voorn remix) - rebel youth,30296
43027,,,"",,,GBSAS2600009,timecheck (radio edit) - iteration x,30217
43029,,,Deep House,Drop Music,1999-06-01,GBJVT0500022,rhythm by nature - freaked,30213
43097,,,Melodic House & Techno,Siamese,2025-12-19,CHC652500278,feel the beat - ivory (it),3069
43228,,,Bass / Club,Loveless Records,2017-10-13,USYBL1701412,dancefloor jam - bassbear,30070
43276,,,Progressive House,Basic Beat,2014-02-10,NLDB91200093,triple funk - lemon8,30032
43301,,,House,Rekids,2026-06-05,GBLTF2600087,the corner (deep in jersey dub) - harry romero,30011
43312,,,Pop,Red Zone Entertainment / IDJ,2012-07-17,USUM71207186,lost - frank ocean,
43325,124,7A,Afro House,Animal63,2024-10-25,DGA0L2498142,territory (somma remix) (somma remix) - the blaze,29999
43326,,,Nu Disco / Disco,Disco Vibes Records,2022-06-04,DEKB72057784,french connection (original mix) - disco lust,29998
43327,,,Nu Disco / Disco,Malligator Productions / Because Music,2025-02-21,FR0D02400032,my desire - cerrone,30000
43328,,,Trap / Future Bass,BBE Music,2019-03-22,GBEQT1800284,good good music - roy ayers,30002
43329,,,"",,,GBDCR2101123,stay - freeez,29996
43330,,,Dance / Pop,Virgin Records Ltd,2024-04-19,GBAAA0600327,penthouse and pavement (remastered 2006) - heaven 17,29994
43331,,,"",,,GBUQH1600087,where is the answer - burnis moleme,29995
43332,,,R&B,Rhino/Warner Records,2017-08-18,USWB10400694,you + me = love - undisputed truth,29992
43333,,,Pop,Columbia (Sony),2022-09-09,GBARL1201907,emergency on planet earth (london rican mix) - jamiroquai,29993
43334,,,"",,,QMPK41500244,time to run - bill laurance,29991
43335,,,House,Twentythree,2014-08-04,GBG661400014,rankine (live at bounce) (bonus track) - fila brazillia,29990
43336,,,Electronica,Ten Worlds Records,2007-12-13,GBLFP2016545,people without love - a mountain of one,29988
43434,,,Indie Dance,Naya Beat,2023-04-28,GBCLQ1900282,space talk - asha puthli,29914
43441,,,Electronica,Dark Entries Records,2019-07-19,USA2P1940353,i gotta little love - angela,29907
43448,128,9A,House,Undaground Therapy Muzik,2025-05-09,DEBL60724106,watch them come (original mix) - men from the nile featuring peven everett,29904
43494,98,1A,R&B,UNI/MOTOWN,2019-05-10,USUMG9900468,as - stevie wonder,
43508,,,Afro House,Afroterraneo Music,2023-05-26,DEY472373516,"n'fumbei - kiko navarro, dj pippi, willie graff",29857
43556,,,Deep House,Running Back,2019-03-15,DEVY91900040,peace bird - genius of time,29825
43593,,,Bass / Club,Method 808,2025-04-09,QZS7J2591999,freaky (just my type) - sherelle,29809
43611,,,Latin Electronic,TraTraTrax,2026-02-20,COAB11900291,where did the time go (dj yirvin & wost changa mix) - lws,10903
43653,,,Pop,,,USAT20104367,sweet love - anita baker,11469
43654,,,R&B,Geffen,1998-03-24,USMC18011096,i want to thank you - alicia myers,11808
43670,,,Dance / Pop,d-zone,1990-01-01,GX3FQ9303301,feeel the power - tekno 2,29763
43701,,,Techno (Raw / Deep / Hypnotic),Non Series,2025-06-20,BEN582500313,scope drift - psyk,29778
43703,,,Techno (Raw / Deep / Hypnotic),Non Series,2025-05-16,BEN582500197,kaleidoskop (shoal remix) - d-leria,29744
43707,,,Techno (Raw / Deep / Hypnotic),Hayes,2025-01-10,NLCK42500155,the present is a gift - neo (au),29777
43836,,,Techno (Raw / Deep / Hypnotic),Clergy,2026-03-21,NLCK42603974,unspoken - kabay,29669
43926,,,Techno (Peak Time / Driving),Far Out Recordings,2019-10-25,GBDCR1900065,only u - daniel maunick,29602
43927,,,Nu Disco / Disco,Star Creature Universal Vibrations,2021-09-06,GBKQU2192688,feeling nervous - e. live,29604
43930,,,Tech House,Toy Tonics,2015-10-12,DEBY41200216,autosave my love - pezzner,29603
43931,,,House,NRK,2007-03-26,QM4TX1612402,boogie down - ron trent,29605
43932,,,House,Pont Neuf Records,2022-07-01,FR96X2243305,square sounds - tour-maubourg,29601
43933,,,Deep House,Toy Tonics,2015-11-16,DEBY41200174,fuck music (session victim remix) - kapote,29598
43935,,,House,Church,2015-05-25,GBUD71500028,w.l.y.b - laurence guy,29600
43936,,,Nu Disco / Disco,Z Records,2013-09-02,GBPKF1300089,so tight (original mix) - fudge,29634
43937,,,Deep House,Situationism,2017-09-25,UKACT1716089,bouncing - brs,29599
43938,,,Deep House,Peacefrog Records,1999-01-01,NLM971700007,sometimes i feel like - ron trent,29597
43939,,,Deep House,Unknown Season,2020-11-09,DEH741705914,authentideep - rick wade,29596
43940,,,House,Peacefrog Records,1996-01-01,GBEWK9600016,i wonder why - paul johnson,7497
43942,123,6A,House,KMS Records (BEAT Music Fund),2014-05-26,QMVZM9204801,i never knew love (mk extended club mix) - chez damier,
43968,,,House,Haven Trax,2025-10-17,CBEFB2501514,get funky - aat,29578
44009,,,Techno (Peak Time / Driving),MHz,2021-07-16,NLCK41089322,au revoir - yanamaste,29548
44110,,,Electronica,R&S Records,2008-05-11,BEZ350800074,analogue bubblebath - aphex twin,29485
44155,,,Techno (Raw / Deep / Hypnotic),Truncate,2025-12-19,USA2P2566652,forgotten - truncate,29456
44176,,,Electronica,Westside Music,2013-10-25,USA560953099,oh well (uk big beat mix) - oh well,29440
44181,,,Techno (Raw / Deep / Hypnotic),Spazio Disponibile,2017-05-12,NLM791710010,thebe - marco shuttle,29438
44182,,,Techno (Raw / Deep / Hypnotic),Semantica Records,2025-11-21,DEH742530425,fall from grace - psyk,29439
44184,,,Techno (Raw / Deep / Hypnotic),Room Trax,2021-10-29,DEH742172896,red flame - kwartz,29434
44185,,,Techno (Raw / Deep / Hypnotic),MindTrip,2021-11-26,DECY52102305,yearn (original mix) - pfirter,1526
44186,,,Techno (Peak Time / Driving),Hayes,2020-07-17,NLCK41069245,the virus desire - fergus sweetland,29432
44187,,,Techno (Peak Time / Driving),Center 91,2019-07-26,BEP861900007,kelly criterion - peter van hoesen,29433
44188,,,Techno (Raw / Deep / Hypnotic),SK_Eleven,2023-04-21,NLCK42229816,haram - kwartz,29435
44189,,,Techno (Raw / Deep / Hypnotic),MindTrip,2023-07-28,DETB32302528,fatality (original mix) - casual treatment,29428
44190,,,Techno (Raw / Deep / Hypnotic),Raw Pendulum,2023-02-08,CA5KR2323625,basilika - kevin ferhati,29430
44191,,,Techno (Raw / Deep / Hypnotic),YGAM,2023-03-24,NLCK42226597,le silence ne suffit pas - catartsis,1533
44192,,,Techno (Raw / Deep / Hypnotic),Bite,2025-10-17,NL8RL2556122,lobo - nørbak,29429
44193,,,Techno (Raw / Deep / Hypnotic),Nachtstrom Schallplatten,2024-01-19,QM4TW2407964,geiseres on mars - kølpøs,29431
44194,,,Techno (Peak Time / Driving),Tripalium Records,2018-10-17,CA5KR1832001,pale rose (original mix) - yung acid,29425
44195,,,Techno (Peak Time / Driving),DISSOLUTE Sound,2021-04-09,USYBL2100644,and then - pablo diskko,29426
44196,,,Bass / Club,Houndstooth,2024-11-22,GBEXH2300212,"frekm, pt. 2 - djrum",29427
44206,,,Pop,Rhino/Warner Records,2006-06-13,USWB18000108,clouds - chaka khan,29421
44234,,,Techno (Raw / Deep / Hypnotic),PRTL WRX,2025-01-07,NLCK42422867,"hide - aarayáh, prtl wrx",29399
44271,,,Electronica,NAFF,2023-04-14,QZHN82115007,maintain the bliss - purelink,29375
44276,,,Deep House,Dial,2025-12-12,DETB32402289,"hunting - soela, module one, orion",29371
44281,,,Techno (Raw / Deep / Hypnotic),Sea~rène,2023-10-17,BEN582300758,amadamushies - gigi fm,29368
44452,,,"",,,IT00C8300101,"don't cry tonight (12"" version) - savage",29317
44453,,,Dance / Pop,Warner Music,2025-06-27,IT00C8300102,don't cry tonight (instrumental version) - savage,29253
44454,,,Downtempo,Theory Therapy,2025-06-13,AUL2V2500076,allusion - alien d,29255
44455,,,Techno (Peak Time / Driving),Public Possession,2021-07-30,DEVH21800348,the coming - nice girl,29254
44456,,,Electronica,World Building,2019-04-12,GBJX31979003,things you do for love (machine version) - apiento,29258
44457,,,Dance / Pop,Captured Tracks,2022-06-03,QMMZN2102291,so many dreams (amek live dub) - saâda bonaire,29252
44458,,,Deep House,Isle of Jura,2017-09-15,USQY51768291,walk on air (sun & moon mix) - holy ghost inc,29249
44460,,,House,Progressive Motion Records,2013-08-24,IT00G9470264,peraza (kalipercus rmx) - the x factor,29250
44461,,,Dance / Pop,Strictly Rhythm Records,2026-01-28,GBDVG9002301,tribal confusion (inhalation mix) - e-culture,29251
44464,,,Techno (Peak Time / Driving),Dust World,2020-06-26,CAKFL2000007,scn 3 - priori,14885
44465,,,House,TWISTED,2002-08-25,USTWR0200017,burbuja - plastic surge,29248
44466,96,5B,Pop,Columbia/Legacy,2022-09-16,USSM19701796,honey (morales dub) - mariah carey,
44467,,,House,Afterhours,2025-04-15,QMV8X1300390,listen - e.b.e.,29247
44468,,,"",,,GBHLW2101964,movements - parris,9264
44531,,,House,EMI,2019-04-12,GBUM71807652,got to keep on - the chemical brothers,29195
44558,,,House,Stealth Records,2010-07-19,GBF089700381,something's going on - todd terry,29177
44574,,,Tech House,elrow Music,2019-08-02,ES94G1916204,pwr (original mix) - martin ikin,29172
44584,,,Bass / Club,HERAS,2025-10-24,GBEFR2309371,i'll be - paleman,29156
44622,,,Indie Dance,Folder,2025-05-30,QM7282551903,"without any doubt - parallelle, fulltone",29124
44761,,,House,Cecille,2025-10-10,GBKQU2594056,unique - easttown,28329
44816,,,Tech House,No Religion Lab.,2026-02-27,ES94G2600319,calorrrr - rendher,28979
44871,,,Tech House,Hot Creations,2026-02-13,GBK6Y2627401,activated - bridvog,28937
44945,,,Rock,Rhino/Elektra,2017-10-13,USEE11700243,once i was - tim buckley,28887
44948,,,"",,,USA2P1619694,in waves - marisa anderson,28885
45001,,,Bass / Club,Partisan Records,2023-10-25,GBLZC1300103,leavin (feat dj manny) - dj rashad,16316
45126,,,Alternative|Dance,,,UKW3Z2600592,silently - tara clerkin trio,23517
45334,,,"",,,QM7281484018,sobre el orinoco - virgilio armas y su grupo,28590
45488,,,Afro House,Sweat It Out,2025-09-05,AUDCB2500182,"make a livin' - watermät, james mac",28477
45501,,,Indie Dance,JEAHMON! Records,2022-08-05,DEH742217329,cross your side (snyl remix) - ray t.j.,28468
45502,,,Indie Dance,Turbo Recordings,2024-07-05,DEG932402515,"flashback (pavel petrov remix) - gregor tresher, sven väth, pavel petrov",28470
45503,,,Indie Dance,Sincopat,2026-03-13,ES35G1201032,quantum - darlyn vlys,28467
45504,,,Indie Dance,Jaded Recordings,2026-03-06,CA5KR2636082,satisfy (riko & gugga remix) - return of the jaded,28471
45505,,,Melodic House & Techno,KATERMUKKE,2022-02-11,DESH42200030,fixing - boho & mr. bizz,28465
45506,,,Deep House,Heinz Music,2018-05-28,DEY471812748,trysome - daniel jaeger,28464
45507,,,Melodic House & Techno,elektrons,2024-03-29,DEY472471570,black hole - hannes bieger,28463
45508,,,Indie Dance,LOW CEILING,2025-05-09,GBKQU2536140,within the screen (extended mix) - dont blink,28501
45509,,,Indie Dance,Somatique Music,2024-12-20,US83Z2402358,"zeta - jon.k, kuman (ru)",28472
45510,,,Tech House,Myth of NYX,2025-12-19,GBLV62521851,strobe light - dont blink,28466
45511,,,Melodic House & Techno,Calamar Records,2025-05-09,GBKQU2527535,let you down (extended mix) - victor flash,28500
45512,,,Indie Dance,Diynamic,2026-05-22,DEDH72300654,for a million - luca luper,28462
45649,99,5A,Dance / Pop,Legacy Recordings,2022-04-15,GBAJH0602201,it's no good - depeche mode,23810
45662,,,Techno (Raw / Deep / Hypnotic),Molekül,2025-04-22,FR2X42544299,all day - sicion,24205
45746,,,Techno (Peak Time / Driving),NAFF,2021-04-05,NL5CW2200007,vetiver - healion,28263
45764,,,Techno (Raw / Deep / Hypnotic),Ilian Tape,2026-02-05,DEOB62601052,the usual suspects - skee mask,28249
45885,,,"",,,UYB262100007,nuevo comienzo - luciano supervielle,28162
45886,,,Dance / Pop,Bureau B 1,2024-04-12,GBVNV1500072,for real - marker starling,28164
45887,,,"",,,RUAGW2608969,беги от меня - clako,28160
45888,,,Hip-Hop,Integral Records,2025-04-18,AEA3A2039768,4real - nine vicious,17848
45889,,,"",,,TCABK1267696,velada bristol casino - altocamet,28158
45890,,,"",,,ESA082450213,solita - verde prato,28161
45891,,,"",,,GBCLQ2201238,laberinto - perikas,28159
45892,,,Pop,WM Italy,2019-05-31,ITR007900121,in alto mare - mario lavezzi,28157
45893,,,Latin,Plaza Independencia,2024-10-14,ARF100300644,"cozumel - gustavo cerati, daniel melero",17541
45895,,,Latin,RGS Music bajo licencia exclusiva de Sonamos,2025-11-05,AR4PD2500004,caravanas - juana molina,820
45896,,,Rock,Mom+Pop Music,2025-02-06,BK4DA2501699,eso que tú llamas amor - pablopablo,28156
45897,,,"",,,QM6MZ2549745,grounding phase - emil saiz,28155
45898,,,UK Garage / Bassline,MDLBEAST Recordings,2026-07-17,ITA641001733,lezione d'amore - pino d'angiò,28153
45899,,,"",,,QM4TW2452966,maría - fernando toussaint,28154
45900,,,Caribbean,Glassnote Music LLC,2025-10-17,QMDA62513875,dime - silvana estrada,28152
45901,,,Latin,WEA Latina,2023-06-30,USWL12301031,mas altas que bajadas - natanael cano,28151
45902,,,Latin,Double P Records,2023-06-29,QM4TX2394694,rosa pastel - peso pluma,28150
45903,,,Rock,WM Spain,2026-02-20,ES5152501230,ama - maria arnal,28148
45904,,,"",,,ARHXW2106062,sensación melancólica - carlos cutaia,28145
45905,,,Electronica,Deek Recordings,2015-04-17,QMFMG1359619,pale shadows - laura groves,28147
45907,,,Latin,Sony Music Latin,2025-09-25,ARZA12500019,recordé - milo j,28146
45969,,,"",,,USBN20700347,made in new york - tania maria,28098
46019,,,Bass / Club,DJ SWISHA,2025-10-10,USYBL2510668,main character - dj swisha,28061
46105,,,House,Sunlightsquare Records,2019-10-25,GBLMR1970003,oyelo (atjazz love soul remix instrumental) - sunlightsquare,27984
46122,,,Latino,,,QMDA72126431,amame y no pienses mas - farah maria,27970
46232,,,House,Major Records NYC,2026-04-03,USA2P2612824,work it - subb-an,9675
46279,,,Techno (Raw / Deep / Hypnotic),Orbe Records,2020-03-13,NLL562008908,radar ine - orbe,27850
46422,,,Hip-Hop,Maison Neptune X NBFD,2024-09-27,FR9W12448663,kongolese sous bbl - theodora,27730
46529,,,House,R2 Records,2021-06-25,USNRS1229956,rain (atjazz remix) - kerri chandler,24870
46592,,,Ambient / Experimental,Ghostly International,2026-03-20,US2J72606409,well of the world - green-house,21260
46604,,,R&B,Warp Records,2026-06-01,GBBPW2602605,linknb - kelela,24825
46714,,,Indie Dance,Phil Kieran Recordings,2014-03-24,GBDNM1400009,snake's crawl (pk joyless mix) - phil kieran,24747
46741,,,"",,,CH6542278495,gyal acroupi - natoxie,24729
46781,,,Bass / Club,Qween Beat,2019-11-08,USYBL1901962,don'tuuu - mikeq,24701
46820,,,Techno (Peak Time / Driving),Deeptrax Records,2023-11-26,NL4XH2000158,consumer recreation institute - delta funktionen,24674
46856,,,Tech House,Italic,1999-03-19,DEW289900005,the realist - antonelli,24642
46884,,,Bass / Club,Off Corner Records,2026-01-16,BEN582500918,axira (l-vis 1990 remix) - kōma,24623
47043,,,"",,,FRDX62604820,lucid dance - prieste5s,24502
47044,,,"",,,NLCK42605239,myndra - artisoma,16284
47045,,,"",,,GBQLP2300786,blutak - kami-o,14689
47046,,,"",,,GBLV62409497,"dull, tired & spiritless - zygos",24499
47047,,,"",,,QZQGC2500040,"outrun - esthetic, reac-zo",24498
47048,,,"",,,QZTB62691315,rumble break - dj sprinter,24497
47049,,,"",,,GBKQU2550182,secuencia inicial - dj loui from jupiter4,24500
47050,,,"",,,QZQGC2500042,"solitude - esthetic, reac-zo",24498
47051,,,"",,,FRDX62601450,spin the beat back - don yaya,24496
47052,,,"",,,NLCK42516374,texture flow - artisoma,24495
47053,,,"",,,GB8KE2328872,the host vip - morning high,24493
47054,,,"",,,NLCK42606798,i'm fucked - isaiah,24494
47055,,,"",,,GBKQU2454466,haffi - jan loup,24483
47057,,,"",,,US6R22573274,"○○ - leese, christian coiffure",
47058,,,"",,,FR9W11506089,vertical ice - polar inertia,24487
47059,,,"",,,NLCK42607664,fräcture - leese,24485
47060,,,"",,,UKCTU2607701,n4u - deft,24491
47062,,,"",,,GBVPL2300028,"two for two - hyroglifics, deft",24486
47063,,,"",,,DEDU22600006,booty bumps - schacke,24482
47064,,,Electro (Classic / Detroit / Modern),,,FRR642502167,endless motion - siu mata,24484
47065,,,Bass / Club,,,NLCK42521114,ira╠âta - muadeep,8885
47066,,,Drum & Bass,,,QZQGC2500407,mind encode - acid lab,24481
47067,,,UK Garage / Bassline,,,GBKQU2454464,ardifaon - jan loup,24483
47068,,,Drum & Bass,,,GBEXH2600067,model collapse (basic rhythm remix) (basic rhythm remix) - sully,
47070,,,Drum & Bass,,,CAX1P2200001,"the harbinger - loxy, overlook",24480
47071,,,Drum & Bass,,,QZQGC2500153,beltram - hardwired,24478
47072,,,Drum & Bass,,,QZQGC2500806,beneath the grim dream - primal tribes,24471
47073,,,Drum & Bass,,,QZ53Z2400208,breathe - aikanã,24479
47074,,,Bass / Club,,,FRR642501853,half half (amor satyr remix) - fetus,24477
47075,,,Techno (Peak Time / Driving),,,FRDX62401860,psy lords - smogo,24476
47076,,,Bass / Club,,,NLM792400059,shanti (maquis son sistèm remix) - jan loup,24473
47077,,,Drum & Bass,,,QZQGC2600017,phase one - lefty,24490
47078,,,Drum & Bass,,,NLCK42500195,shadow prophecy (original version) - parasite,24474
47080,,,Drum & Bass,,,NZSU12300065,indra's net - sam kdc,24475
47081,,,Drum & Bass,,,USLZJ2536242,bunker (d-struct remix) - the faraday,24470
47082,,,Drum & Bass,,,NLCK42517769,chaos reigns. - displaced paranormals,24469
47083,,,Drum & Bass,,,QZQGC2500808,kanashibari - primal tribes,24471
47084,,,Drum & Bass,,,QZQGC2500809,void figures (elizar mel remix) - primal tribes,24471
47085,,,Drum & Bass,,,QZZ8B2440059,submission (original) - elizar mel,24472
47131,,,140 / Deep Dubstep / Grime,,,CA5KR2529164,freaks - klinical,24437
47193,,,Minimal / Deep Tech,,,GBK6Y2651631,digital soul (freak) - aitor astiz,24385
47246,,,"",,,ITBHZ1301180,2c - the beatboy's,24347
47325,,,"",,,BEN582500585,"confidential - paul st. hilaire, gavsborg",14565
47371,,,"",,,US83Z2492817,vibrations (tadan dub) - innerworld,24250
47400,,,"",,,CA5KR2638572,hex - gannein,24199
47402,,,"",,,US83Z2506669,sen - mislaw,15931
47404,,,"",,,NLCK42236237,200 hz - concussion,3605
47405,,,"",,,NLCK42415429,kompres - khas,24224
47407,,,"",,,CA5KR2639174,rectangular - derode,12273
47408,,,"",,,GBKQU2542698,sense - iraklip,24223
47409,,,"",,,DEAR42518792,akra - æko,24222
47410,,,"",,,UK6491400216,tesseract - red rooms,24221
47411,,,"",,,NLCK42516138,memory erased - connor wall,12268
47412,,,"",,,NLCK42501406,satiety - mython,24219
47414,,,"",,,DEH742526652,swarm - hyden,15952
47415,,,"",,,DEH742516307,in the shadows - blanka (es),24220
47416,,,"",,,DGA052562707,fashion victim - cvnsumed,13254
47417,,,"",,,QZTAW2503106,unbound - hamatsuki,24217
47418,,,"",,,DEH742508297,"kairos - mython, idu berg",24218
47419,,,"",,,QZG2X2414280,blue rose case - absolet,24215
47420,,,"",,,NLCK42519361,ekitai - iraklip,24216
47421,,,"",,,DEPI82458567,"nyctophobia - veiga, bcco",21073
47422,,,"",,,CH6542532331,nova prospekt - khas,24210
47423,,,"",,,NLCK42408027,distance - symbolism,24214
47424,,,"",,,UKXN22505435,kanto - modēm,24212
47425,,,"",,,NLCK42602316,incentive systems - gcod,24213
47426,,,"",,,NLCK42340018,turiya - symbolism,24211
47427,,,"",,,CA5KR2639172,paradox - derode,12273
47428,,,"",,,DEKB72539407,trezzo tynk - karenz,24208
47429,,,"",,,NLCK42418077,maluk (modēm remix) - tom.healey,24207
47430,,,"",,,CH6542173651,shams - rony group,24206
47432,,,"",,,GBKQU2540102,"kurinkatto - cvnsumed, varia",24209
47433,,,"",,,NLCK42515298,"in their name - sicion, kysh records",24204
47434,,,"",,,FR10S2548044,dissolve to evolve - kuss & sicion,24205
47435,,,"",,,NLCK42413434,detection (original mix) - modēm,24203
47436,,,"",,,CH6542567565,sladko - k-h1,24202
47437,,,"",,,CA5KR2542372,the calm query (original mix) - bob semp,24201
47439,,,"",,,DEPU61811605,pan room - childov,24200
47440,,,"",,,NLCK42519792,excursion - gannein,
47441,,,"",,,CA5KR2638575,panenka - gannein,24199
47442,,,"",,,CA5KR2638576,moonlight - gannein,24199
47475,,,"",,,ITH152400085,love is in the air (el amor està) bengi jumping rework - nina,24176
47567,,,Films/Jeux vidéo|Musiques de films,,,AUUM70500139,spanish flowers - the sprout house band,24110
47568,,,Alternative,,,USA2P1382440,on the low - hope sandoval and the warm inventions,24108
47569,,,Alternative|Pop Indé|Pop,,,SE6QE2635196,fooler - gyeongsu,24099
47570,,,Dance / Pop,,,QMCE71301839,out of town - water from your eyes,24109
47571,,,Electronica,,,GBRTB1200141,slow jam - tirzah,130
47572,,,Pop,,,BK4DA2511936,tutta la notte (feat calcutta) - tristán!,24105
47573,,,Pop|Rock,,,GBAYE1800928,why should i love you? (2018 remaster) - kate bush,24104
47574,,,Pop,,,USMC17054040,with my face on the floor - emitt rhodes,24107
47575,,,Rock,,,GBAKW9101027,kiss them for me - siouxsie and the banshees,10689
47576,,,DJ Tools / Acapellas,,,FR59R2642241,back of a car - a good year,24106
47577,,,Alternative|Pop Indé|Rock indé,,,USA2B2516500,if you don't want me to (andras remix) - joanna,24100
47578,,,Pop,,,FR6E98400200,love - hongkong syndikat,24103
47579,,,Alternative|Pop Indé|Rock indé,,,USA2B2514751,gardeners' world - joanna,24102
47580,,,Rock,,,TCADT1851279,dripping sun - kikagaku moyo,24101
47581,,,Alternative|Pop Indé|Pop,,,SE6QE2635197,foretold - gyeongsu,24099
47582,,,Alternative,,,USBQU2400170,nausicaä (love will be revealed) - cameron winter,24096
47583,,,Folk,,,QT6FJ2548743,raisin - otto benson,20117
47584,,,Rock,,,GBAAA8100361,red sails - china crisis,17793
47585,,,Rock,,,USA2P2605785,dont shoot now - pollyfromthedirt,24097
47586,,,Electronica,,,GBBPW0300089,ominous cloud - broadcast,24098
47593,,,Alternative,,,QM24S2504164,i want sped up - 2star,24088
47745,,,"",,,CBAUX2623201,shattered (feat helena deland & ross meen) - jump source,23977
47859,,,"",,,GBLTF2600068,good - khadija,23884
47937,,,"",,,QZJ842605429,fcuk - h.lls,23825
47943,,,"",,,USCW62208206,sreo sam te - branko mataja,23822
47951,,,"",,,GBCPZ2524544,like dat (extended mix) - floorplan,6853
47970,,,"",,,QMDA72424308,"dtr3 - rosati, steffi",23800
47971,,,"",,,DEG932504564,"ancestral rhythm (c2 edit) - k'alexi shelby, carl craig",23795
48092,,,Tech House,,,FR9V30350901,van (original mix) - ben nevile,23706
48168,,,House,,,USYBL1901458,burmstar (twin mix) - house of doors,23655
48212,,,"",,,USBB10100910,"inner beauty - lonnie liston smith, the cosmic echoes",23621
48249,,,"",,,GBAFL2500646,sliced by a fingernail - dry cleaning,23592
48445,,,"",,,SEWRA8300202,f.f.a - the leather nun,23460
48541,,,"",,,USUG12601086,no te vayas - sparklmami,23388
48613,,,Pop,,,USWB19500891,sugar water (mike d. / russell simins / mario caldato jr. remix) - cibo matto,23328
48700,,,"",,,GBMEF2502697,ground loop - your brother's keeper,20350
48705,,,"",,,GBENT1679691,wrong side of the story (original mix) - wipe the needle,23258
48746,,,"",,,USYBL2510174,"emociones - josephine moriko, innerinnerlife",23229
48982,,,"",,,QM24S2504853,up down - bradeazy,23057
49006,,,"",,,DECY60900091,don't turn it off (feat qzen) [greg wilson edit] (greg wilson edit) - 40 thieves,23089
49041,,,"",,,GBKQU2559393,hold up - mixolydian,23009
49162,,,Electronica,,,GBLZC0600030,9 samurai - kode9,22917
49177,,,UK Garage / Bassline,,,AUXN22471276,dressed - isgwan,22907
49229,,,"",,,GBMKL0600107,fleagle (remastered) - higher intelligence agency,9879
49331,,,"",,,DEPI82010508,stereo murder (original mix) - marc acardipane,22798
49400,,,"",,,ITFGO2200006,"reborn - arodes, moojo",22749
49445,,,"",,,GBKQU2634616,forest - ajna (be),22717
49454,,,"",,,GBUM72406148,"no bad vibes (extended mix) - jazzy, kilimanjaro",22707
49462,,,"",,,DEH742526477,"d.d.o.d. - kollektiv ost, andreas henneberg",22702
49464,,,"",,,GBLTF2500136,please (echonomist remix) - frankey & sandrino,22696
49469,,,"",,,GBENL2404158,"everything in its right place - eynka, fractures",22691
49470,,,"",,,QMBZ92501196,"no way out - osfur, uvita, the scripture",22695
49471,,,"",,,NLZ9U2400027,if i can - tal fussman,22694
49472,,,"",,,ITFGO2500084,loud enough - andrea oliva,22693
49474,,,"",,,GXCM22500127,"the one (extended mix) - camelphat, josh gigante",22761
49475,,,"",,,NLE712500783,time (extended mix) - kryder,22690
49476,,,"",,,USZ4V2500300,paradise - &lez,22688
49708,,,Organic House,,,GBLV62300420,wrong world - come closer,22511
49735,,,"",,,GBMCZ0602046,head down - namebrandsound,22490
49736,,,"",,,UK4942500057,midnight swim - beatrice m.,19408
49752,,,"",,,QT6F22554195,cube 11 - dj sprinter,9649
49762,,,"",,,DGA062585112,let go - dj adhd,22469
49772,,,"",,,FRDX62602730,a second ending - kincaid,21279
49785,,,"",,,GBBPW9400146,nil - autechre,14384
49891,,,"",,,GXEUJ2400145,no rest - elisa bee,22365
49927,,,"",,,DEG930990071,kita-kita - gasper lawal,22341
49937,,,"",,,GBBVL0001041,chic-o-laa (h-foundation remix) - silicone soul,22328
49995,,,"",,,GBCFB1800001,it makes you forget (itgehane) (edit) - peggy gou,
49999,,,"",,,GBBMQ0700354,speak to me (frankie valentine mix) - roland clark,22287
50094,,,Techno (Raw / Deep / Hypnotic),,,NLCK42503051,the door of perception - mathys lenne,15843
50137,,,"",,,GBEUE2000301,take me higher - wheelup,22191
50144,,,"",,,UKMEH2000058,when i'm in your arms - cleo sol,8576
50147,,,"",,,QZFZ52071191,soweto blues - juls,22183
50155,,,"",,,USSM11804490,hold on - the internet,22179
50156,,,"",,,GBQGW2000020,"mash up the dance - watch the ride, nia archives",22173
50203,,,"",,,AUGBT2217234,maybe - kettenkarussell,22142
50230,,,"",,,GBKQU2447489,get my luv - luuk van dijk,22175
50253,,,"",,,DEG932304668,bb - wallace,22100
50287,,,"",,,USUG12601991,bad angel - anyma,22075
50288,,,"",,,NL8RL2542264,"cash out (odd mob remix) - sidepiece, bobby shmurda",22073
50520,,,"",,,BRFUP0800001,de segunda à sexta - jonjon,21898
50565,,,"",,,USA2B2202911,girls - the dare,21864
50573,,,"",,,GBLV62422503,sloppy toppy - madvilla,21856
50727,,,"",,,QZZ8A2551286,"buss it - raprave, fullbodydurag",21739
50749,,,"",,,DECY52300605,raised by the island (orchid mix) - lone saxon,21729
50750,,,"",,,USYBL1901744,falling - pender street steppers,20438
50751,,,"",,,ITA642600038,to the music - milord,21723
50752,,,"",,,QM6P41757602,sunrise - distance,21725
50753,,,"",,,IT00D9825910,sexitivity (feat sima) [deep remix] (deep remix) - m.c.j.,21758
50754,,,"",,,DETB31800578,mighty - balearic skip,21724
50755,,,"",,,USEE10000475,e.s.p. - deee-lite,17348
50756,,,"",,,USAM19500850,the pleasure principle - janet jackson,21718
50785,,,"",,,GBGYQ0500026,sous les cocotiers - bab lee,21702
50812,,,"",,,GBARL2001432,snowballs - frosty,21677
50813,,,"",,,QZHN72597249,nun 4 no schmuck - glokk40spaz,21678
50814,,,"",,,US38Y2406859,feelnunn - len,21676
50815,,,"",,,US38Y2546767,prague - esdeekid,11888
50816,,,"",,,CA5KR2613275,rich rapport - sosocamo,21669
50817,,,"",,,CA5KR2536537,chronic - sosocamo,21675
50818,,,"",,,CA5KR2613276,miss you too - sosocamo,21669
50819,,,"",,,CA5KR2613264,perfect - sosocamo,21669
50820,,,"",,,CA5KR2613268,what about us - sosocamo,21669
50821,,,"",,,QZJ842604121,dope boyz - rico ace,21673
50822,,,"",,,USUG12602758,what's happenin? - bnyx®,21672
50823,,,"",,,US39N2559860,can't stop won't stop ii - meekz,21670
50824,,,"",,,GXJBJ2658097,pretty privilege - zeddy east,21671
50825,,,"",,,CA5KR2613270,let it pour - sosocamo,21669
50826,,,"",,,CA5KR2613278,keep steady (bonus) - sosocamo,21669
50837,,,"",,,NLZ8C2500751,angel - trickpony,8771
50861,,,"",,,GBAAA9400591,better things - massive attack,16619
50977,,,"",,,NLCK41084818,inwards - lewis fautzi,21558
50984,,,"",,,GBUZD0800603,the sky was pink (holden remix) - nathan fake,21553
51165,,,"",,,QT6632679065,bb bringue - d juno,21412
51178,,,"",,,BCM9A2200063,"proibidão 2022 - borges, dege, pedrin, pior versão de mim, mc max, vt no beat",21403
51179,,,"",,,USZXT2659137,payg - digga,21407
51180,,,"",,,BKB8A2500025,eu meto bronca - emitê único,21401
51181,,,"",,,GBARL2600557,dem man - tr gobrazy,21399
51182,,,"",,,QT62W2539333,breaking bad - dj banned,21406
51183,,,"",,,USUM72603279,soul snatchin - skrilla,21395
51184,,,"",,,QT6632607077,fleury mérogis - mig,21397
51185,,,"",,,DGA062575402,"cassage de nuques, pt. 5 - jul",21396
51186,,,"",,,QM6N22607993,peor - morad,21398
51187,,,"",,,FXQ022601832,fast track freestyle - mous-k,21394
51188,,,"",,,QZWFF2676076,intro bavard - lagrise,21393
51189,,,"",,,FR8FB2522340,khalissi - 2 mètres,21400
51190,,,"",,,QM6P42637217,solvable - sheu,21389
51193,,,"",,,USRC12204591,snooze - sza,21391
51282,,,"",,,QMDA62245120,"last days: non voglio mai vedere il sole tramontare - caroline polachek, 12 ensemble",21322
51354,,,"",,,AUQ1U2600002,pleiadian sound clash - andy martin,10964
51359,,,"",,,FR2X42667667,pink dress - 1tbsp,21264
51482,,,"",,,QM84B2610901,like swimwear - jeff parker,21190
51607,,,Bass / Club,,,BER182384507,the fix - deft,21112
51637,,,Melodic House & Techno,,,USUYG1763953,"trust me - yet more, manti, bákayan, auggië",21084
51643,,,Tech House,,,DEHE41000026,definition (nic fanciulli remix) - loco dice,21080
51731,,,"",,,GX4FT2618002,piano haze bass melt wind cry - anenon,21015
51837,,,"",,,GBAAA1200650,daydreaming - massive attack,8774
51839,,,"",,,CH6541917808,stop the message - paolo del prete,20934
51853,,,"",,,QMFMG1446028,face it (dub it) - master c and j,20931
51977,,,"",,,USGNV0600549,too hot for love - stacey q,20832
52055,,,"",,,GBAAP2100059,overload (remastered) - sugababes,20800
52133,,,R&B,,,USMO10300442,love hangover (alternate version) - diana ross,20709
52228,130,9B,Indie Dance,Glasgow Underground,2025-11-14,GBPQS2500350,deeper down (extended mix) - groove delight,20636
52301,138,9A,Techno (Raw / Deep / Hypnotic),NDYUKA RHYTHMS,2026-06-12,NLL562605005,irresistible - line-o,17003
52302,138,10A,Techno (Raw / Deep / Hypnotic),Mutual Rytm,2025-09-19,DEH742526654,lü bu - hyden,15952
52315,130,3B,Techno (Peak Time / Driving),Drumcode,2025-12-12,GBUR62001202,people are strange (extended mix) - kaufmann (de),20631
52319,128,9B,Tech House,Diynamic,2025-08-29,DEDH72300496,"get down - max styler, deomid",20576
52330,136,3A,Breaks / Breakbeat / UK Bass,Hessle Audio,2020-07-10,GBUMC2000005,alien mode - pearson sound,8619
52331,144,6A,140 / Deep Dubstep / Grime,Tempa,2009-04-03,GBQGW0800110,trust nobody - sp:mc,20567
52354,128,11A,Minimal / Deep Tech,Reecords,2024-03-29,GBKQU2642992,"ghetto soul - reelow, samira",20541
52405,,,"",,,QZHPJ2557909,arithmetics - 26degrees,11045
52490,132,6A,Trance (Main Floor),Disorder,2026-03-20,USA2P2565336,teach you desire - idemi,20445
52728,112,9A,Pop,EastWest U.K.,2005-10-04,GBAHT1700123,paranoimia (feat max headroom) - art of noise,
52788,135,5B,R&B,Erykah Badu,2015-11-27,USUM71518282,i'll call u back - erykah badu,20243
52796,,,"",,,USSM10007336,coming to you live - charles earland,20237
52888,84,5B,Country,A&M,2017-12-01,USAM16800874,sin city - the flying burrito brothers,20164
52895,110,4A,Rock,Cherry Red Records,2024-01-05,GBHQK1602092,shoot from the heart (live) - judie tzuke,20160
52911,126,6B,Pop,Warner Records,2004-12-21,USWB10400054,you make loving fun - fleetwood mac,14213
52933,,,"",,,QZSQG2209904,homesickness - emahoy tsege mariam gebru,20131
53001,150,5A,Pop,Rhino/Warner Records,2005-01-04,USWB10202782,o superman (for massenet) (remastered) - laurie anderson,20070
53096,,,Electro,,,DEG932601175,oracle - lyra pramuk,20010
53120,,,R&B|Soul,,,USBEN0852607,slience that you keep - milton wright,19992
53283,96,7B,Bass / Club,Super Kitchen,2018-05-11,QM4TW1829421,agua sin gas - noire,19881
53365,,,"",,,UK8262501405,good morning - u.e.,18923
53441,127,2B,Melodic House & Techno,DEEP WOODS,2026-03-13,DEVE12600006,your eyes (extended mix) - pretty pink,19751
53464,,,Indie Dance,Nouveau Niveau Records,2019-03-22,DEDD71830116,from here to eternity (cambis & wenzel & oliver deuerling tribute mix) - giorgio moroder,19736
53494,,,Nu Disco / Disco,Goldenlane Records,2010-09-01,USMO17000050,war - edwin starr,19710
53503,,,Minimal / Deep Tech,Denature Records,2025-08-22,DEG932503403,"only a dance (extended) - vizare, viken arman, cesar merveille",19698
53766,,,"",,,GBJX32236038,do ya (sure is pure remix) - inner city,19481
53788,,,Progressive House,Nous'klaer Audio,2026-01-16,NL1GH2500701,ready to let go - martinou,19471
53884,,,African,Knitting Factory Records,2009-09-01,USME30902145,open & close - fela kuti,19384
53922,,,Pop,BMG Rights Management (UK) Ltd.,2026-01-28,USAT20614603,when the morning comes - daryl hall & john oates,19354
54063,,,Electronica,Music For Dreams,2017-07-07,DKAZ71713604,besezeppe - peter visti,9807
54064,,,R&B,Island Def Jam,2018-08-10,USPR37900046,too hot - kool & the gang,19253
54065,,,Hip-Hop,EMI Catalogue,2005-12-05,GBAAA8600131,slow down - loose ends,11500
54066,,,Caribbean,DubShot Records/Sound Bwoy Ent,2023-12-04,USQY51293407,bad boys (theme from cops) - inner circle,19255
54067,,,Pop,EMI Marketing,2010-01-08,ITD000800060,basta 'na jurnata e sole - pino daniele,8823
54069,,,Mainstage,1st Groove,2009-06-19,FR6V81335229,the rhythm is magic - marie claire d'ubaldo,19251
54071,,,Bass House,Big Beat Records,2024-05-24,USMTK0802312,temperature (instrumental) - sean paul,19252
54072,,,Indie Dance,Barbecue,2020-12-16,FR6V80498045,histoire d'1 soir (bye bye les galères) (bye bye les galères) - bibi flash,19250
54074,,,Pop,Chappell Roan PS/ Island,2023-09-22,USUG12305911,hot to go! - chappell roan,19249
54075,,,House,ZYX,2015-03-13,DEA311001543,colder than ice - grant miller,19254
54076,,,"",,,QZS7J2215831,toxic - izzy perri,19246
54077,,,Pop,Universal Music Italia srL.,2015-04-28,ITC440200001,salirò - daniele silvestri,19247
54078,,,"",,,ITB559898002,l'ultimo della sera (verlanzi edit) (verlanzi edit) - sir j,19245
54104,,,Dance / Pop,Vanguard Records,1984-01-01,USVG20600934,siberian nights - twilight 22,19222
54156,,,140 / Deep Dubstep / Grime,Locus Sound,2022-12-09,GBLV62204162,dojo - hojo,19184
54189,,,"",,,FRX202058415,"clap clap - anunaku, dj plead",19154
54385,,,Electronica,K7 Records,2018-04-21,DEG930200152,try - smith & mighty,19012
54387,,,House,One Little Independent Records,2019-05-17,GBCDN9900102,6 underground (nellee hoopers edit) - sneaker pimps,19002
54393,,,Indie Dance,Sumoclic,2024-12-12,QZ5FN2550041,yeah i like ah - khadija al hanafi,18996
54418,,,"",,,USBN28700550,one cylinder - lou donaldson,18979
54435,,,Electronica,BLKRTZ,2020-12-18,DEU672002427,farfisa hoser hymnal - deadbeat | the mole,18969
54437,,,Electronica,Cult Music,2015-09-30,GBHLW1210678,tears in the rain - zomby,18971
54438,,,Electronica,L.I.E.S. Records,2025-01-25,USYBL2202191,broken dream tape saturation - noda & wolfers,18968
54440,,,Techno (Raw / Deep / Hypnotic),Echocord,2021-11-26,DEU672101801,the old doom and gloom - deadbeat,18966
54441,,,Breaks / Breakbeat / UK Bass,Wood White Sessions,2025-12-22,QMEU32518886,jah will be there - another channel,18967
54442,,,Techno (Raw / Deep / Hypnotic),Delsin Records,2014-06-23,NLM791400059,sleepygirl 2 - yagya,15796
54443,,,Techno (Raw / Deep / Hypnotic),Delsin Records,2014-06-23,NLM791400063,sleepygirl 6 - yagya,15796
54445,,,Techno (Raw / Deep / Hypnotic),Phaaar,2025-02-28,DEUD42575380,glow - in glass,18965
54446,,,Electronica,Kranky,2010-03-01,USNCB1014108,the making of grief point - loscil,18963
54447,,,Ambient / Experimental,Dais Records,2025-06-27,QZJCP2400216,the wraiths and strays of paris - coil,18964
54449,,,Electronica,Dinosaur Soup,2001-06-19,GBEUE0100594,introduction - quantic,18959
54539,,,Electronica,Kranky,2011-02-14,USNCB1115405,no drums - tim hecker,18881
54547,,,House,Ground Rule Records,2026-07-10,GBKQU2659992,this time (extended mix) - avision,18957
54625,,,Tech House,Peach Discs,2024-04-19,UKMRM1800086,mangomouse - saoirse,18827
54693,,,Melodic House & Techno,ERRORR,2024-10-04,BXBK62400156,"smack my bitch up - ruback, amesens",18763
54694,,,Melodic House & Techno,SPINNIN' DEEP,2025-10-10,NLZ542500509,"touch it (extended mix) - adam sellouk, zerky",18783
55026,,,Hard Techno,Schranz Movement,2025-12-26,CA5KR2608083,dominate me - vanox,18523
55028,,,Hard Techno,Schranz Movement,2025-12-26,CA5KR2608085,submarine schranz - vanox,18523
55031,,,Hard Techno,Schranz Movement,2025-12-26,CA5KR2608084,people in the back - vanox,18523
55035,,,Hard Dance / Hardcore / Neo Rave,44 LABEL GROUP,2024-12-20,QMFME2461148,nikotin & alkohol - kuko,18518
55045,,,Hard Techno,Schranz Movement,2026-01-02,CA5KR2607571,the madness - dj troll,18500
55050,,,Hard Techno,Schranz Movement,2026-01-23,CA5KR2610439,feel alive - sandro mure,18505
55060,,,Hard Techno,KINK SOCIAL RECORDS,2025-10-24,DEH742529292,ego crusher - legiøn (es),18507
55061,,,Hard Techno,Schranz Movement,2026-01-30,CA5KR2612462,feel it - djgothqueen,18499
55062,,,Hard Techno,Schranz Movement,2026-01-23,CA5KR2610441,glitch - sandro mure,18505
55063,,,Hard Techno,Schranz Movement,2026-02-13,CA5KR2635719,schracid - rvlt,18503
55064,,,Hard Techno,Schranz Movement,2026-02-06,CA5KR2614992,schranz revolution - sntø,18501
55065,,,Hard Techno,Schranz Movement,2026-02-06,CA5KR2614991,the rise of the underground - sntø,18501
55066,,,Hard Techno,Schranz Movement,2026-02-20,CA5KR2635994,hellrave machina - dstm,18502
55067,,,Hard Techno,Schranz Movement,2026-02-06,CA5KR2614993,mxthxrfxckxr - sntø,18501
55068,,,Hard Techno,Schranz Movement,2026-01-02,CA5KR2607570,never stop - dj troll,18500
55069,,,Hard Techno,Schranz Movement,2026-01-30,CA5KR2612463,pump it - djgothqueen,18499
55070,,,Hard Techno,Schranz Movement,2026-01-09,CA5KR2610083,steel pulse ritual - dstm,18496
55071,,,Hard Techno,WarinD Records,2025-12-12,CA5KR2603709,schranz xpresso - legiøn (es),18498
55072,,,Hard Techno,KRACH,2025-05-30,QM6P42583282,die tonight - kuko,18497
55167,,,Hard Techno,SYSTOLIC RECORDS,2026-06-11,FR96X2686615,brutal order - matt p,18423
55195,,,Hard Techno,Kaos Extreme,2011-12-09,DEAR41163868,cannabals - instigator and nemesys,18402
55196,,,Hard Techno,Signum Inversum Records,2026-04-10,QZG2X2605097,tough kid 160 (zeleste rokatechno remix) - ortiz karev,18396
55197,,,Techno (Peak Time / Driving),Schubfaktor,2017-07-28,DEH741710767,faktor s - golpe,18398
55198,,,Hard Dance / Hardcore / Neo Rave,Effimera Records,2026-03-27,CA5KR2642525,we are one (zeleste rokatechno remix) - vesho,18397
55199,,,Hard Techno,CØRRUPT TRAX,2025-12-26,QZG2X2509337,"la rave - rotura xxl, zeleste rokatechno",18400
55200,,,Hard Dance / Hardcore / Neo Rave,Effimera Records,2026-03-13,CA5KR2637181,druck - zeleste rokatechno,18399
55201,,,Hard Techno,Signum Inversum Records,2026-04-10,QZG2X2609974,tough kid 160 (special fuck you mix) - ortiz karev,18392
55202,,,Hard Techno,Signum Inversum Records,2026-06-12,QZG2X2607895,old essence (original mix) - weichentechnikk,18391
55203,,,"",,,DEAR41223787,travelling without moving - dj hammond & leo laker,18393
55204,,,Hard Techno,Signum Inversum Records,2026-05-15,CA5KR2463100,i am... - ortiz karev,18395
55219,,,Techno (Raw / Deep / Hypnotic),Hayes,2025-09-26,NLCK42514287,arena - fresko,18374
55261,,,Trance (Raw / Deep / Hypnotic),Dekmantel,2025-01-24,NLTH62400031,the sailage - wata igarashi,18344
55281,,,Melodic House & Techno,UPPERGROUND,2026-03-20,US39N2638239,break the loop - artbat,18325
55289,,,Techno (Peak Time / Driving),KOSMOS,2026-05-08,US83Z2627982,the beginning - aio,18316
55395,,,Melodic House & Techno,Ninja Tune,2024-09-27,GBCFB2400391,martin - ben böhmer,18224
55473,,,Indie Dance,History,2010-09-13,USCA29900514,twilight - maze,18167
55554,,,Techno (Raw / Deep / Hypnotic),Token,2025-11-14,BEN582500574,where is now - border one,18108
55590,,,Ambient / Experimental,Castles in Space,2026-05-29,GXB652300547,mother of mars - danalogue,18084
55630,81,10B,Hip-Hop,Concord Jazz,2021-09-30,QM4TW1954365,wu punk - georgia anne muldrow,18055
55658,,,Deep House,Eglo Records,2026-06-05,GB4HG2200063,the message (boddhi satva ancestral soul dub) - alex nut,18031
55865,,,R&B,CAPITOL CATALOG MKT (C92),2017-12-01,USCA27400051,reasons - minnie riperton,17891
55880,,,"",,,BRRGE7600006,quantas voltas dá meu mundo - djavan,17873
55891,,,Bass / Club,Tru Thoughts,2026-04-16,GBEUE2600031,it's alright (coflo remix) - oliver night,17866
56029,,,Electronica,PAN,2017-03-17,DEX261601433,fr3sh - kareem lotfy,9604
56093,,,Techno (Peak Time / Driving),KOSMOS,2026-03-13,US83Z2612269,bardo (aio remix) - ryan hill,17709
56099,,,Techno (Peak Time / Driving),VOLTA,2025-08-14,DEY472576592,i don't care - hngt,17702
56103,,,House,Check This Out,2026-02-06,UKACT2672267,like the sunshine (steff daxx remix) - mattei & omich,17700
56184,114,8B,Trap / Future Bass,Circa,2003-03-03,GBAAA1200649,unfinished sympathy (2012 mix/master) - massive attack,8774
56433,,,Afro House,MoBlack Records,2026-03-20,ITFGO2600023,yali - pablo fierro,17441
56441,,,House,Defected,2023-02-17,GBCPZ2221524,sos (skylark remix - nic fanciulli extended edit) - a'studio,17429
56521,,,Electronica,Circles & Stones,2019-07-08,DEY471981067,kabale & liebe (o/y revision) - robosonic,17380
56562,,,House,2MR,2018-06-07,US3282601802,keep pressing on - octo octa,17350
56571,,,House,Gay Groove Records,2026-04-17,GBKQU2630707,conjure - jacob meehan,9665
56626,,,Deep House,Sistrum Recordings,2019-01-11,USSIS1900001,moments & concepts - patrice scott,17309
56659,,,Electro (Classic / Detroit / Modern),Subsonic Ebonics,2022-07-22,UKWNM2200020,"exoframe - strange & huey, huey mnemonic, d. strange",8379
56677,,,Techno (Peak Time / Driving),Alula Tunes,2026-02-27,US83Z2608776,lift the wire - roman adam,17291
56710,,,"",,,USDBB0605133,es mi casa - la lupe,17252
56711,,,"",,,FR0Q12502785,serrana - super combo de pointe-noire,17256
56712,,,"",,,QM6MZ1895386,pa' na' má besarte (remasterizado) - conjunto rumbavana,17253
56713,,,Latin,Club Coco,2026-05-15,NL6P22600001,columbia - charlie chimi,17254
56714,,,"",,,QZHZ42167214,los ocho de colombia - ritmo ocho,17289
56715,,,Electronica,Panorama Records,2026-01-09,GBCLQ2600024,que se sepa - el sabor de nacho,17247
56716,,,"",,,BRMCA7100204,shirley sexy - claudette soares,17250
56717,,,"",,,BRBMG1700526,atabaque chora - os tincoãs,17249
56720,,,"",,,US3DF2058504,paraíso - guadalupe,17248
56721,,,"",,,BRRGE7000042,quero ver de perto - elizabeth,17246
56722,,,"",,,BRUM71703818,favela / arquitetura de pobre / o ronco da cuíca (ao vivo) - quarteto em cy,17242
56723,123,10B,Electronica,Universal Music Ltda.,2023-01-27,BRMCA7400097,flor de maracujá - gal costa,17245
56724,,,"",,,QM6MZ2510802,yıldız (estrelar) - peki momés,17243
56725,,,Nu Disco / Disco,Numero,1980-01-01,USCW61980405,al elnim - hamlet minassian,17244
56727,,,Breaks / Breakbeat / UK Bass,Naya Beat,2021-08-04,US25X2100184,pi pi (turbotito & ragz rework) - shakti,17241
56728,,,Indie Dance,Tropics,2023-05-10,NLE321800731,sondi mi ti mie - the tropics,17240
56729,,,Drum & Bass,North Town Records UK,2023-06-26,GBNRN1171502,we mamobi - patience dabany,17239
56730,,,Pop,WM Brazil,2011-10-06,BRSGL0400065,solitário surfista - jorge ben jor,17238
56870,,,Electronica,Sojabrat,2026-03-23,QZS7J2423590,"trim twins - lisha g, avi kaior",17148
56897,,,House,Theko Entertainment,2023-03-24,ZAC012000171,sponono - kabza de small,
56903,,,African,YBNL Nation / EMPIRE,2024-08-08,USUYG1566024,ligali - asake,17119
56949,,,Techno (Raw / Deep / Hypnotic),Planet Rhythm,2024-05-03,NLCK42403922,"step by step - black mirror park, red rooms",17090
56951,,,Techno (Raw / Deep / Hypnotic),Mitsubasa,2026-03-13,DEAR42697067,rapid eye movement - silent g,17088
56993,,,Dance / Pop,VMR,2025-10-16,CBEFB2501506,mutual attraction - strath,17057
57001,,,Techno (Raw / Deep / Hypnotic),Mord,2025-02-28,NLCK42503052,a chemical love story - mathys lenne,15843
57017,,,Rock,London Music Stream/Because Music,2017-12-15,GBANQ9800005,twenty trees - the durutti column,17033
57049,,,Bass / Club,Pineapple Records (UK),2026-05-15,CA5KR2648110,step up - 1oo1o,17013
57057,,,Techno (Raw / Deep / Hypnotic),NDYUKA RHYTHMS,2026-06-12,NLL562605007,percussive voices - line-o,17003
57154,,,Downtempo,3XL,2025-08-01,QMDA72513781,pixie - stone,8775
57160,,,"",,,GBCK41600245,new ways - cc dust,16922
57289,,,Caribbean,Universal Records/Tuff Gong Records,2005-09-05,USUM70502069,welcome to jamrock - damian marley,16822
57354,,,Dance / Pop,Colligence Records / Argentic Music / Capitol,2025-10-23,TCAJX2584015,yoka - mowdee,16765
57436,,,UK Garage / Bassline,ec2a,2026-05-29,CBEFB2600873,pressure - up norf,16707
57438,103,1A,Dance / Pop,Parlophone UK,2008-06-16,GBAAA8500093,"hangin' on a string (original 12"" mix) - loose ends",16704
57527,,,Dance / Pop,Fire Records,2023-06-09,GBCKK2270606,voice message - decisive pink,16638
57528,,,Latin,Parlophone Spain,2011-03-15,ES5087600143,"oye papá, oye mamá - jeanette",16633
57530,,,"",,,USCGJ2299670,qué irresponsable - telephone exchange,16631
57531,,,Pop,WM Spain,2014-10-14,ES5151401606,mi perro - los nastys,16634
57532,,,"",,,QMDA72418732,el paisaje - polilla pocket,16641
57533,,,Trance (Main Floor),New Age Digital Records,2026-01-02,QZ5AB1843737,platos rotos - los 1995,16632
57534,,,Afro House,Ulu Records,2025-03-21,USNCB1519606,right outside - helen,16627
57535,,,"",,,GBLMA1108009,some things last a long time - fuxa,16626
57536,,,Rock,Clarence Avant Catalog,2018-08-17,USUM71810953,street boy - rodriguez,16630
57868,124,2A,House,King Street Sounds,2008-02-25,USA672100300,how do i let go (instrumental) - dennis ferrer,16367
57887,,,House,Big Saldo's Chunkers,2026-07-02,GBKQU2661120,bumpin' - running hot,16353
58116,,,Techno (Raw / Deep / Hypnotic),WAX,2013-01-02,DEMM41201054,30003a - wax,16203
58117,,,Rock,"Mute, a BMG Company",2004-06-14,GBAJH9600188,that's when i reach for my revolver - moby,16198
58118,,,Rock,"Mute, a BMG Company",2026-01-28,GB5KW1602347,frankie teardrop (2019 remaster) - suicide,16138
58119,,,Rock,Epic,1993-06-15,USA6P0800016,suicide's an alternative / you'll be sorry - suicidal tendencies,16199
58120,,,Rock,Cleopatra Records,2011-10-11,USA6P0400708,romeo's distress - christian death,16200
58122,,,Rock,,,USPBR0501482,do you believe in the westworld ? - kirk brandon,16194
58123,,,Rock,Cherry Red Records,2019-11-01,GBAZP8800028,new big prinz - the fall,16195
58124,,,Techno (Peak Time / Driving),Digital Hardcore Recordings,2000-10-12,GBBXA9900569,digital hardcore - atari teenage riot,16196
58126,,,Pop,Virgin Records,2003-03-01,GBUM71604118,albatross (monitor mix / alternate mix) - public image limited,16197
58184,125,4A,House,Rhino Atlantic,2023-05-19,USAT20702539,owner of a lonely heart - yes,16151
58215,,,Electronica,0000.,2023-07-07,UKN6K2300388,wordless mass - nthng,16125
58261,,,House,Más Tiempo,2024-02-09,QM4TW2429907,dreams - ossie,16089
58279,,,House,Disorder,2026-02-27,USA2P2609464,don't go (don't leave) - tre reynolds,16074
58300,,,House,Slip N Slide Records,1998-05-01,GBCPZ9811460,move like this (chronicles mix) - nyc live & direct,16062
58376,,,Bass / Club,Dekmantel,2025-05-23,NLTH62500054,belly jolie movements - quelza,16005
58377,,,Techno (Raw / Deep / Hypnotic),RAW.,2025-09-25,FRX872584829,glitzyloopa - lpv,16002
58378,,,Techno (Raw / Deep / Hypnotic),JAM,2026-02-09,ITN3C2400049,the beat - frank biazzi,16006
58379,,,Techno (Raw / Deep / Hypnotic),TNR MEDIA,2024-04-05,GX8LE2519318,valpo - jxxxo,16008
58380,,,"",,,BES132400003,dirty synth rave (uncertain remix) - d.a.v.e the drummer,16007
58381,,,Techno (Peak Time / Driving),Bounce Kastle Records,2025-07-18,QZWV32531035,fav-ba1 - andrew bon bosher,16003
58382,,,Techno (Raw / Deep / Hypnotic),The Sixth Sense//Akashic Records,2024-04-05,NLCK42404557,duplications (2002) (the sixth sense remix) - the miller,16000
58383,,,Techno (Peak Time / Driving),TECH NO WAR,2025-07-09,CH6542547588,pump that kong - djamzer,16004
58385,,,Psy-Trance,United Beats Records,2023-12-01,GBKQU1590582,spaced_out_(original_mix) - mad tribe,15996
58386,,,Techno (Raw / Deep / Hypnotic),RAW.,2025-09-25,FRX872584831,marinai digitali - lpv,16002
58387,,,Psy-Trance,United Beats Records,2021-07-02,GBKQU1590585,trippers_(original_mix) - mad tribe,15996
58388,,,Techno (Peak Time / Driving),Monnom Black,2025-03-28,NLCK42503799,bodyhost - umwelt,15999
58389,,,Hard Dance / Hardcore / Neo Rave,Tidy,2004-01-01,GBLV61904414,punk's (k6) - k-series,15998
58390,,,Hard Dance / Hardcore / Neo Rave,Tidy,2005-03-11,GBKQU0904198,nowhere to hide (ilogik & paul janes remix) - jp & jukesy,16001
58391,,,Techno (Raw / Deep / Hypnotic),Spilo Records,2023-09-01,NLCK42235696,speleon (2023 remaster) - cave,15993
58510,,,"",,,QZYB32586127,my mind is consuming me - geistfrei,1435
58525,,,Techno (Raw / Deep / Hypnotic),Mord,2022-10-28,NLCK42220004,dark voids - exium,15898
58549,,,Techno (Raw / Deep / Hypnotic),Unity Records,2025-01-24,GBLV62409647,prasaar - alien9,15888
58551,,,Techno (Raw / Deep / Hypnotic),Mutual Rytm,2025-03-07,DEH742502173,pwiu - yanamaste,10945
58593,,,Electronica,Rhythm Büro,2023-12-22,UAGI12300005,ab initio (pax edit) - aes dana,15850
58776,,,House,Magnetic People,2026-03-20,ES94G2690109,power8 - londonground,15717
58778,,,Tech House,Headonism,2025-07-18,US83Z2540361,yaka (extended mix) - deflee,15724
58785,,,House,Magnetic People,2026-03-20,ES94G2690106,paseando por sans - bizza,15717
58802,79,12B,Pop,Columbia/Legacy,2015-05-15,USSM19504292,always be my baby (always club mix) - mariah carey,15700
58813,,,R&B,Geffen*,1996-12-03,USMC18416580,new attitude - patti labelle,15691
58822,,,House,Z Records,2020-03-13,SEXMA1200048,see the day (stonebridge 1991 mix) - ann consuelo,15688
58824,77,1A,House,Nervous Records,2016-11-21,USNRS0725232,the nervous track - nuyorican soul,15687
58854,,,Melodic House & Techno,WEITER,2019-07-05,US83Z1912381,toyger (mees salomé remix) - olivier weiter,15664
58874,,,Downtempo,Serafin Audio Imprint,2025-04-11,DEY471814635,circles (sascha cawa remix) (sascha cawa remix) - andreas balicki,15647
58884,,,Downtempo,Tellel,2025-07-28,US83Z2569033,"riders - kermesse, turu anasi",15634
59008,,,Indie Dance,Somatique Music,2024-11-29,US83Z2405863,moet (2024 edit) - jon.k,15524
59013,,,Electronica,Young,2025-01-29,UK7MC2400059,falling together - jamie xx feat oona doherty,15522
59045,,,Tech House,Hot Creations,2020-09-11,GBK6Y2015801,bon bini - shermanology,15496
59051,103,9B,R&B,Columbia/Legacy,2020-08-14,USSM19501125,fantasy (sweet dub mix) - mariah carey,
59162,,,Funky House,New Music Group,2026-04-03,ITT4X2600014,another star (back to disco reboot) (original mix) - zetaphunk,15406
59163,,,Dance / Pop,Boom Records LLC,2026-05-08,QM24S2602207,reason - night tales,15407
59164,,,Dance / Pop,Be Yourself Music,2026-02-20,NLE802600040,what i feel - melsen,15408
59165,,,Tech House,Mood Child,2026-05-22,GBKQU2640461,besame lento - twenty six,15409
59166,,,House,Jango Music,2026-04-10,US83Z2614582,way back (nari remix) - ron carroll,15402
59167,,,House,Deep Testimony,2026-04-03,DE1QW2616448,still in love - block & crown,15404
59168,,,Indie Dance,Sweat It Out,2026-05-15,AUDCB2500470,come thru (moontalk remix) - crooked colours,15401
59178,,,Dance / Pop,Future Classic,2026-05-15,AUFF02600017,flow free (surf mesa remix) - panama,
59179,,,Melodic House & Techno,Experts Only,2026-05-01,USA2P2622659,high on you - jackie hollander,15396
59180,,,Dance / Pop,Golden Path Recordings,2026-05-08,US39N2692945,wanderlust (club mix) - claptone,15395
59181,,,Progressive House,PinkStar Records,2026-02-27,CH3132600186,innerglow - edx,15394
59182,,,Dance / Pop,Found Frequencies,2019-08-09,NLF711906068,"sun is shining (extended mix) - lost frequencies, vince freeman",15393
59183,,,House,The Night We Met,2026-03-06,UKRPL1901023,blessings (joy) (extended mix) - tommy farrow,15468
59184,,,Tech House,Experts Only,2026-04-24,USA2P2620671,can't wait no more - devault,15392
59222,140,3A,Techno (Raw / Deep / Hypnotic),Out of Place,2025-04-24,QT6EY2699299,stop - lyric,15364
59223,,,Techno (Raw / Deep / Hypnotic),TECHNO Records,2025-07-24,DETB32401775,disco sentimento - fran lf,14125
59228,,,Electronica,LAYER Records,2024-10-10,UKRXP2510004,clean slate (alarico remix) - ben klock & fadi mohem featuring coby sey,
59248,,,Techno (Raw / Deep / Hypnotic),Modwerks,2023-02-24,UKXYD2000046,"as it is - ø [phase], dispar vulgo",14784
59422,,,Bass / Club,Hessle Audio,2023-02-03,GBUMC2200014,istibtan - toumba,15227
59481,,,Electronica,Cabaret,2008-09-30,USI4R0806798,subway series - soho,15178
59603,,,Dance / Pop,Polydor Records,2018-06-01,UK8XM1400009,lotus eater - mura masa,15078
59609,139,2A,Pop,Parlophone UK,2014-06-06,GBAYE0500172,feel good inc. - gorillaz,15071
59792,,,Breaks / Breakbeat / UK Bass,Hyperdub,2015-09-30,GBLZC0500001,south london boroughs - burial,14928
59836,,,"",,,USA2P2565006,everything changes - fook yue,14890
59837,,,Deep House,Groover Obsessions,2025-06-13,GX8LD2463932,wittow - hal,14889
59838,,,Techno (Raw / Deep / Hypnotic),JH Archives,2017-12-18,NLM791700161,ritual - jon hester,14891
59840,,,Techno (Raw / Deep / Hypnotic),Outis Music,2015-11-09,DETB31502093,beginning (donato dozzy remix) - modern heads,14888
59841,,,Bass / Club,Livity Sound Recordings,2025-10-31,GBRYX2500418,black torches - jurango,6668
59843,,,Electronica,PAN,2014-10-24,DEX260992685,one stitch follows another - objekt,14883
59844,,,Electronica,A-TON,2018-12-14,DELG71401008,astra naut-e - the 7th plain,14887
59845,,,Techno (Peak Time / Driving),Dust World,2020-06-26,CAKFL2000008,scn 4 - priori,14885
59847,,,Techno (Raw / Deep / Hypnotic),DAYBREAK,2025-12-04,NLCK42519873,solace - kai galactic,14886
59848,,,Techno (Raw / Deep / Hypnotic),Dekmantel,2025-11-07,NLTH62500089,echoes beyond - wata igarashi,10904
59849,,,Techno (Raw / Deep / Hypnotic),NPM,2023-03-31,UKN6K2202712,reverse run (efdemin remix) - iori,14882
59850,,,Techno (Raw / Deep / Hypnotic),Delsin Records,2020-03-13,NLM792000041,delphic - artefakt,14881
59852,,,Techno (Raw / Deep / Hypnotic),Moon Mood Records,2021-03-15,NLCK41084248,squeeky pete (original mix) - gal tsadok-hai,14880
59855,,,Techno (Raw / Deep / Hypnotic),Sungate,2022-03-11,DEH742203717,"perfect symmetrical acid (evigt mörker remix) - jozef k, tin man",14876
59856,,,Techno (Peak Time / Driving),Polynomdivision Records,2023-07-05,NLCK42233037,nerve cells (original mix) - danilenko,14877
59857,,,Techno (Raw / Deep / Hypnotic),Sungate,2024-12-06,DEH742440592,ariake - moy santana,14878
59858,,,Techno (Peak Time / Driving),Curle Recordings,2016-09-02,BEN581600046,smile - microworld,14879
59939,,,Bass / Club,Aniara Recordings,2024-05-10,SE37O2400302,inari - arkajo,14817
59959,,,Techno (Peak Time / Driving),recordJet,2024-05-02,DEZC62415577,conveyer belt - obscurum,14799
60095,,,House,Classic Music Company,1988-01-15,GBCPZ8817610,"personal problem - mike dunn, md iii",14706
60117,,,Trap / Future Bass,Headset,2024-09-19,GBQLP2300788,acid siren tool - sweet philly,14689
60129,,,Rap/Hip Hop,Lost In Dreams,2022-10-28,NLD321900058,20 cm - kc,14674
60130,,,Bass / Club,LOVE IN THE ENDZ,2026-01-28,GXJBJ2692232,pontinha (dj motu remix) - entrañas,14673
60137,,,Electro,,,NLCK42504550,"neon - feral, luigi tozzi",14671
60155,,,Electronica,The Moth Club,2025-04-10,GB8KE2508122,unite - synkro,14657
60199,,,Tech House,Butter Sessions,2022-10-21,AULLW2200158,post pump - sleep d,14625
60316,,,Electronica,Earthly Measures,2026-06-05,UKACT2644120,tokyoto - jinjé,14535
60348,129,7B,Tech House,Catch & Release,2025-09-05,QT47L2500045,"fancy $hit (extended mix) - cid, taylr renee",
60372,,,House,Baker's Dozen,2026-03-27,US39N2657545,down to the bone - josh baker,14490
60395,,,House,Cecille,2026-01-30,GBKQU2603307,i want magic - hector couto,3509
60509,,,Techno (Raw / Deep / Hypnotic),Delsin Records,2026-05-01,NLM792600128,white space - architectural,9811
60549,,,Minimal / Deep Tech,Gettraum,2022-03-04,DEH742203136,express (jinger aka traumer remix) - traumer,14355
60759,,,Dance / Pop,Universal-Island Records Ltd.,2014-03-05,GBUM71302618,when a fire starts to burn - disclosure,14188
60853,,,House,ROSSI.HOME//GRXWN.,2025-03-28,UKU932580831,infinite slammin (edit) (edit) - kolter,12467
60967,,,Ambient / Experimental,OST,2026-04-17,USYBL2600847,choreography of life - mu tate,8906
61064,,,Techno (Peak Time / Driving),Global Techno Movement Records,2024-09-16,GBKQU2482442,woods (goncalo m remix) - jesus de minguela,12299
61098,,,Techno (Raw / Deep / Hypnotic),Planet X Recordings,2026-03-26,NLCK42604581,strasse e (disguised remix) - dj rush,12274
61115,,,Techno (Raw / Deep / Hypnotic),Fuse Imprint,2025-11-21,BEC292547063,shade - setaoc mass,10924
61390,132,4A,Rock,Infectious Music,2026-01-28,AUUM72600109,together - the avalanches,12028
61415,,,Electronica,Warp Records,1991-07-22,GBBPW9100032,simon from sydney - lfo,12007
61455,,,"",,,USSM10113450,red clay - freddie hubbard,11972
61469,126,1A,House,Samples From Mars,2026-03-27,USYBL2600694,are u ok (freak nasty club mix) - salt queen,11960
61558,,,Deep House,Sweet N Tasty,2023-11-30,,untitled 11 - leod,
61677,,,Deep House,Best Works Records,2011-02-21,DEKY51100002,lovin' (andre lodemann remix) - prommer and barck,11815
61792,126,5B,Bass House,JEAHMON! Records,2026-02-20,DEH742607386,body movin - anthony cole,
61797,,,Melodic House & Techno,EXE AUDIO,2026-05-15,UKACT2676659,warehouse (extended mix) - nosssia,6076
61798,,,Tech House,Experts Only,2025-12-05,USA2P2564431,pull up - discip,11719
61800,,,Indie Dance,REALM Records,2025-01-10,US38Y2434568,"insanity (extended mix) - greta levska, sian, sacha robotti",11757
61818,,,Downtempo,Stil Vor Talent,2021-12-03,DE1A12193320,la veleta (kunterweiß remix) - oliver koletzki,11709
61819,,,Melodic House & Techno,Kiosk ID,2019-08-26,DECY51902567,zero points - wide awake,11707
61820,,,Organic House,Crosstown Rebels,2017-02-24,GB7NR1717504,man o to (be svendsen remix) - nu,11706
61821,,,Melodic House & Techno,Heimlich Musik,2025-11-28,ATDY82500016,köln - thea & schtu,11705
61822,,,Downtempo,Underyourskin Records,2022-04-21,DEPQ62201222,mostly ghostly (pulli & chomba remix) - überhaupt & außerdem,11704
61823,,,Electronica,Sol Selectas,2017-06-09,US83Z1778081,burning sun (just emma's just take me back mix) - monolink,11700
61824,,,Downtempo,SCHWRZWLDR,2025-06-20,DEH742508826,noki - christopher schwarzwälder,5239
61825,,,Downtempo,LOKD,2020-07-23,US83Z2023371,reda - temple tears,11703
61826,,,Melodic House & Techno,Sol Selectas,2016-03-14,US83Z1640678,syria (original) - unders,11702
61828,,,Deep House,Hungry Music,2016-03-11,DEAA21600003,joda (worakls remix) (worakls remix) - joachim pastor,11701
61830,,,Downtempo,Shango Records,2021-02-19,QZ5FN2154870,"udumbara (socko remix) - t-puse, noble spirits",11699
61831,,,Indie Dance,Heimlich Musik,2022-08-05,ATDY82200007,moving a mountain - oberst & buchner,11698
61888,,,Electronica,Golf Channel Recordings,2016-06-03,USXCR1400127,let's break the rules - dj nature,11647
61977,,,Deep House,Nuphonic,1995-04-12,DED579904920,moonwalk - blaze,11586
61997,,,House,Peacefrog Records,1996-01-01,GBEWK9600011,a little suntin suntin - paul johnson,7497
61999,,,House,Soul Clap Records,2025-06-06,USUYG1732973,"elevation (louie vega dub) - 2fox, laville",11571
62048,,,Dance / Pop,Ultra,2013-07-22,GBBGH0230210,black byrd flying free - blaze,11532
62054,122,7B,House,1trax,2011-04-25,,i'll be your friend (def mix) - robert owens,
62100,,,Nu Disco / Disco,BBE Music,2019-06-07,GBEQT1400865,i think i'll do some stepping (on my own) - sandy barber,11494
62127,,,Deep House,Vega Records,2003-04-16,GBKQU1921935,cerca de mi - louie vega,11475
62279,,,Tech House,Snatch! Records,2017-06-16,GB9UU1700048,sunshowers - melé,11357
62281,,,House,Eureka!,2017-11-10,GBLV61701519,coffee time (original mix) - crackazat,11429
62453,,,Techno (Peak Time / Driving),Mord,2014-07-14,NLCK41029302,mixtion - original mix - uvb,11251
62530,,,Electronica,Delsin Records,2013-04-15,NLM791300018,seasons go - john beltran,11158
62602,,,House,Semi Delicious,2026-06-19,GBKQU2650358,data entry - demi riquísimo,11099
62606,,,House,Coffee Cola,2026-06-25,GBKQU2650093,dr bongo - luke alessi,11096
62764,,,Bass / Club,TraTraTrax,2025-11-28,COAB11900274,tangle tone - mor elian,10958
62779,,,Techno (Raw / Deep / Hypnotic),Mutual Rytm,2025-03-07,DEH742502168,lahante - yanamaste,10945
62894,,,Tech House,Terminal Underground,2026-02-20,NLRD52426161,body & soul - matroda,10847
62918,128,3A,Afro House,Nothing Else Matters,2024-02-23,GBJAJ2400181,"this is my life (bontan extended mix) (bontan extended mix) - honeyluv, roland clark",10825
62957,,,House,Bliss Point,2025-01-10,USYBL2401250,bubbles (olive t's extra soap remix) - soft keys,10799
62958,,,Techno (Raw / Deep / Hypnotic),Hypnus Records,2019-05-18,NLCK41055876,wastelands - luigi tozzi,10794
62960,,,Deep House,Angis Music,2024-06-21,ITG9S2400002,"that's on point (an abacus story) (an abacus story) - stefano cosi, omar",10792
62962,,,Deep House,Basics Recordings,2024-07-05,GBKQU2449763,vibe we share - michele chiavarini,10790
62963,,,Deep House,Dance Regular,2023-06-09,UKSYZ2300006,late flip - trev,10791
62965,,,Electronica,The Quiet Village,2024-06-07,GBLTF2400081,reunion (extended) - quiet village,
62966,,,"",,,UKU932482716,one night is not enough (jimpster remix) (jimpster remix) - palavas,10787
62967,,,Nu Disco / Disco,Groove Culture,2024-02-23,ITX4M2400033,give it up (micky more & andy tee edit) (micky more & andy tee edit) - right to life,10784
62968,,,Deep House,Wide Awake Records,2023-08-11,NLL562301554,treat you gently - felipe gordon,10785
63114,126,3A,House,Classic Music Company,2020-09-18,GBCPZ2017929,not about you (extended mix) - honey dijon,10671
63130,,,Nu Disco / Disco,Strut,2017-05-19,DEG931700976,kasalefkut-hulu (stereo master) - mulatu astatke,10661
63140,,,Nu Disco / Disco,Athens Of The North,2021-11-26,GBRH31200808,take them in prayer - earl young,10653
63191,,,R&B,Geffen,2021-06-25,USUM72107422,sweet freedom - michael mcdonald,10604
63192,,,Pop,A&M,2013-04-09,USUM71302847,"main title: mama aifambeni (premiere episode) (from ""roots"" soundtrack) - quincy jones",10602
63194,,,"",,,US55G0810001,i found my smile again (radio edit) - d'angelo,10600
63195,,,Hip-Hop,Warner Records,2024-02-08,UK7MC1800056,treasure - sampha,10601
63196,,,"",,,GBBHN9700026,theme from cleopatra jones - joe simon,10596
63198,,,"",,,USSM12303458,la ila i la la - osibisa,10597
63199,,,Pop,Universal Music India Pvt Ltd.,2024-01-19,INH102402479,"agar mujhe na mile tum - jhankar beats - gulshan jhankar studio,mahendra kapoor,asha bhosle",10595
63200,,,Minimal / Deep Tech,Offen Music,2026-01-21,DEHE42500018,green industry - pigeon steve,10599
63249,,,Dance / Pop,Crammed,2013-04-29,US5NR2103812,hal - yasmine hamdan,10556
63250,,,Electronica,recordJet,2024-04-26,DEQ121422799,nouh al hamam - maryam saleh,9637
63251,,,Electronica,No Format,2021-11-05,FR2W62000111,dunya - piers faccini,10554
63252,,,Organic House,Nervous Records,2024-12-06,TCAEU2040330,"taht el wared - bedouin burger, zeid hamdan, lynn adib",10553
63253,,,"",,,DEQ121422802,neheb n3ch hayati - medusa,9637
63254,,,Rock,Maryam Saleh,2022-08-31,DEQ121422801,watan el akk (blackjoy remix) - maryam saleh,9637
63255,124,6B,Pop,Monkey Puzzle/Atlantic,2021-01-14,USAT22500257,tatata - burna boy,10552
63256,,,UK Garage / Bassline,Parlophone UK,2017-10-31,QMFME2257574,gorilla - little simz,10551
63257,,,Electronica,Nowadays Records,2024-11-29,FR0Z42100380,"ttabla (musique de fëte, vol. 2) (musique de fëte, vol. 2) - musique de fëte",10548
63258,,,"",,,FRX872399834,farägh - laï,10547
63259,,,"",,,JMH992500001,road runner - yeza,10550
63260,,,Caribbean,IamWav Music,2024-10-18,QZW9L2254326,tek chat - yeza,10549
63261,,,African,Bad Habit/On A Spaceship/Atlantic,2019-06-14,USAT21903378,anybody - burna boy,10544
63262,,,"",,,QM24S2504303,"for days - melvitto, ayomipo",10545
63263,,,"",,,FRS182055220,water - de.ville,10546
63264,,,R&B,EZMNY Records/Motown Records,2024-09-27,USUM72409193,vibes don't lie - leon thomas,10542
63265,,,Hip-Hop,Warner Records,2020-04-08,GBAYE2200598,raisins under the sun (desert version) (live at joshua tree) - yussef dayes,10543
63266,,,"",,,FXQ312300090,qānā (feat lynn adib) - robinson khoury,10624
63267,,,Breaks / Breakbeat / UK Bass,Lola's World Records,2016-10-14,BE6F51500730,tango - soapkills,10530
63268,,,Breaks / Breakbeat / UK Bass,Squama,2022-04-13,DEPL91800368,"glow, glow - fazer",10536
63280,,,Indie Dance,Crammed,2025-09-03,FR13Z2400019,i remember i forget بنسى وبتذكر - yasmine hamdan,10524
63282,,,Techno (Peak Time / Driving),H-Productions,1994-08-07,GBYNV1100164,live and direct (c side mix) - cari lekebusch,10523
63362,,,House,Holding Hands Records,2021-06-18,UKJEE2100052,coming in hot (original mix) - gallegos,10540
63497,,,"",,,MXF148000133,absurda confidencia - pedrito fernández,10358
63621,,,African,Since 93,2025-12-05,GBARL2500563,laho - shallipopi,10269
63689,,,Pop,Universal Music Italia srL.,2023-02-01,ITR059100002,letto di foglie - adriano celentano,10221
63765,,,Hip-Hop,Yin Yang Media,2022-07-08,TCAHZ2412230,thrust - lakos-vamp,10155
63824,,,Rock,Rhino/Warner Records,2008-02-05,USWB10703338,skatin' - deodato,10113
63846,,,Dance / Pop,Trad Vibe,2017-10-13,FR6V80602431,i heard a sigh - cortex,10094
63901,,,"",,,FR59R1646705,high priestess - karma,10047
63951,,,Bass / Club,Relentless Label Services,2025-10-10,QMFMF2504452,"jozi club - state offf, miss jay, omagoqa, unticipated soundz, senarh",10001
64149,,,Indie Dance,,,DEU672600332,that boy (red axes remix) - tim paris,9823
64267,,,Pop,Universal Music Ltda.,2020-10-30,BRUM71803097,"maraka - may east, alice pink pank",9728
64332,,,House,Major Records NYC,2026-03-13,USA2P2609167,the return - the carry nation,9670
64343,,,Minimal / Deep Tech,Peach Discs,2026-05-06,UKMRM1800121,stop asking me - demuja,9659
64360,,,Latin,WM Brazil,2011-03-13,BRWMB9802394,sangue latino - secos & molhados,9643
64470,,,Electronica,Peak Oil,2026-04-10,QM4TX2628706,shadows of the limits - hoavi,9553
64691,,,Alternative|R&B|Soul,London Music Stream,2021-06-22,USRC12500673,the field - blood orange,9368
64698,,,Afro House,Club Bad,2025-06-20,QM6P42598412,beat up the drum - melé,9358
64723,,,House,DistroKid,1999-07-01,QZK6M1929098,my all - d.e.a. project,9337
64752,,,Hip-Hop,Geffen,2008-03-07,USUM70760399,sexual eruption (instrumental) - snoop dogg,9314
64782,,,140 / Deep Dubstep / Grime,Deep Medi Musik,2007-01-15,GBZSU0900006,disco rekah - loefah,9286
64797,,,"",,,GXD7V2275832,this is how we celebrate - biggy lass,9270
64911,,,Indie Dance,Maccabi House,2025-09-26,QMFME2501843,"beat go bang - saqib, oldnews",9170
64967,,,House,Strut,2025-09-26,FR6V80500950,yèkèrmo sèw - mulatu astatke,9131
64993,,,Pop,UMC (Universal Music Catalogue),2008-12-12,USIR20200509,private life (long version 2) - grace jones,9127
65181,,,House,Wave Machine Muzik,2024-12-12,ARF109902851,cantata de puentes amarillos - pescado rabioso,8949
65271,,,Bass / Club,SLINK,2022-04-01,USYBL2200783,dámelo - simisea,8874
65325,,,Ambient / Experimental,PSY X Records,2026-05-01,GBKQU2627060,strong-willed (rain version) - yana pavlova,8822
65326,,,Electronica,Second End Records,2025-12-12,FRDX62510600,we are not i - jonnnah,8824
65327,,,Electronica,FELT,2026-04-08,GBQLP2600189,v - grady steele,8821
65328,,,Bass / Club,Peak Oil,2026-03-13,QM4TW2681481,ii b4 - paperclip minimiser,8820
65329,,,"",,,QM6P42565377,externalism 01 - externalism,8825
65330,,,Ambient / Experimental,Quiet Details,2026-03-27,GBCMQ2500718,warmth - appleblim,8817
65331,,,Minimal / Deep Tech,Future Times,2026-04-03,USYBL2600727,spinwheel glide - millia,8818
65333,,,Electronica,Wisdom Teeth,2024-10-25,GBHLW2401535,invisible cities - tristan arp,8819
65351,,,Bass House,Lobster Boy 3,2023-07-28,QMBZ92303750,drop down - redlight,8806
65392,,,Trap / Future Bass,Virgin Records,2006-04-24,GBAAA1200648,five man army - massive attack,8774
65427,,,Bass House,Ninja Tune,2026-03-02,GBCFB2400803,homie don't shake - fcukers,8742
65487,,,African,KILOGBEDE RECORDS,2025-04-01,QZGLS2565956,fuga - mavo,8688
65488,,,African,Azuri,2026-04-10,ZA56E2643743,all over you (remix) - deobi,8694
65489,,,Dance / Pop,Five Star Music,2023-07-01,QZ5AB2689388,idi bad - kcee,8686
65491,,,"",,,QT2VB2633789,kupe - modola,8685
65492,,,African,YBNL Nation / EMPIRE,2026-05-06,USUYG1808535,rock me gentle - olamide,8689
65493,,,Afro House,SNDY Music LLC,2025-06-13,QZTLA2620078,compress - meaku,8692
65494,,,Hip-Hop,Iscoop Digital,2022-08-31,QZGLM2609419,w's - orezi,8680
65495,,,African,Chocolate City Music,2026-05-01,US39N2689818,basu kidi - ice prince,8681
65496,,,"",,,QZQAY2678810,anxiety - oladips,8684
65497,,,Hip-Hop,Azuri,2026-06-26,ZA56E2643726,echi - dre ice,8683
65498,,,"",,,QZQAY2636169,bamboo - tekno,8682
65499,,,Hip-Hop,Gosibe Goretti,2024-11-01,QZGLS2634593,worthy i - illbliss,8673
65500,,,African,Canny Consults,2026-04-30,ZA56E2648048,come kulosa - shoday,8675
65508,,,Bass / Club,OBJEKT,2022-07-06,GBQLP2200309,bad apples - objekt,8669
65532,,,Trap / Future Bass,Altafonte bajo licencia exclusiva de Victoria Producciones SpA,2025-04-01,CLEE20901888,1977 - ana tijoux,8640
65590,,,Bass / Club,877 Records,2022-11-25,GBV9V2300003,dagobah (vip mix) - burland,8593
65607,,,Nu Disco / Disco,Glitterbox Recordings,2018-07-27,USAT20616083,he's the greatest dancer (2006 remaster) - sister sledge,8577
65608,,,R&B,RCA Records Label,2011-04-29,GBBBM8500011,the sweetest taboo - sade,8572
65659,,,Caribbean,Greensleeves Records,2007-11-19,GBBZV8304066,"rock with me - clint eastwood, general saint",8528
65864,,,Dance / Pop,Favorite,2016-12-16,FREKO2500045,santo domingo - crystal,8354
65915,,,Trance (Raw / Deep / Hypnotic),Correspondant,2025-01-17,USA2P2500584,kaskade (abdul raeva remix) - schiela,8316
65929,,,Techno (Peak Time / Driving),Triangle.Records,2025-02-10,GBLV62420220,acid workout - alexi delano,8301
65943,,,Melodic House & Techno,Ultra,2025-10-03,USUS12500608,swim (extended mix) - tripolism,8309
66105,,,Indie Dance,Beats on Time,2025-01-10,QZYAP2500001,chiller - saqib,8157
66106,,,Indie Dance,Paranormal,2025-09-26,QMFME2515294,haunted nights - notre dame,8162
66107,,,Dance / Pop,Rose Avenue,2024-06-27,QM24S2402985,"drumstramental - not without friends, jordan brando, luke alessi, william kiss",8155
66108,,,Organic House,Beat & Path,2025-08-15,US83Z2541837,exercise - saqib,8152
66109,,,Indie Dance,Beats on Time,2025-10-10,US83Z2570798,limits - kokoro,8150
66110,,,Minimal / Deep Tech,Be One Records,2025-04-25,GXBNP2504363,good time (original mix) - miguel bastida,8215
66111,,,House,fabric Records,2026-01-15,GBEXH2500209,i wanna know - dj tennis,8151
66112,,,Indie Dance,MDLBEAST Records,2023-11-30,QMDA72336304,a.d.s.r - moontalk,8153
66113,,,Tech House,Nervous Records,2024-10-11,USNRS2443746,green juice - solarce brothers,8149
66114,,,Indie Dance,Beats on Time,2026-02-27,QZYAP2600004,laparwa (saqib remix) - shehaq,8147
66115,,,Melodic House & Techno,Anjunadeep,2025-01-28,GBEWA2407514,knight rider (extended mix) - michael cassette,8145
66116,,,Tech House,DIRTYBIRD,2024-07-12,USUYG1559561,"levitate - omri., maori",8146
66117,,,"",Universal Music India Pvt Ltd.,2026-07-13,INH102302975,"piya tu - remix - asha bhosle,r.d. burman",8154
66118,,,Downtempo,Amuse,2023-06-02,SE6QE2348024,only wit u - deki alem,8148
66133,,,Tech House,South Of Saturn,2025-07-25,GBK6Y2507035,sticky - no static,8133
66156,,,Tech House,Rebellion,2025-12-12,GB7NR2561242,our town - mene,4391
66231,,,Pop,Yin Yang Media,2022-07-08,USWA19610039,tribe - mato,8070
66262,,,Caribbean,Digital Sting,2022-11-30,USA2P2242869,dragon dance - feel free hi fi,8042
66324,,,House,Bosconi Extra Virgin,2011-04-04,ITU901112101,my sun (original mix) - minimono,7983
66325,,,House,Bosconi Extra Virgin,2011-04-04,ITU901112105,runaway (original mix) - minimono,7983
66326,,,"",,,DEM091100139,welcome to our world - rainer trueby & rainer trby,7985
66327,,,House,Left_Blank,2011-12-05,GBLBR1100011,kachinja - el kid,7982
66328,,,Techno (Peak Time / Driving),SoundDesigners,2011-07-29,DEDL81101022,self deception (lump remix) - coldform,7981
66329,,,House,Terpsichore,2011-10-21,DECY51196043,jam with it (the oliverwho factory vocal remix) - the florian muller project,7986
66330,,,House,Vakant,2011-10-24,DEFB41100189,i'm a dancer (original mix) - anonym,7977
66331,,,House,Loaded Records,2003-01-01,GBBMQ0700279,1471 - phlash,7978
66333,,,Techno (Peak Time / Driving),Comeme,2011-10-24,DEU671102044,steady gear rod maschine - rebolledo,7984
66384,,,House,Nervous Records,2021-05-07,USNRS0621186,rapid winds (wayne gardiner's 75 mph mix) - classic man '93,7957
66462,,,Dance / Pop,DIRIDIM,2020-11-19,SMA022000046,gingerman - david morales,7898
66570,,,House,Private Society,2023-10-03,UKXN22342114,journey on - fred p,7806
66578,,,Rock,Steve Miller,2019-10-11,USCA29000928,macho city - steve miller band,7689
66592,,,Nu Disco / Disco,Z Records,2020-10-09,GBPKF2000146,power of the mind (jn redemption mix) - dave lee feat billy valentine,7790
66667,,,R&B,Clarence Avant Catalog,2012-03-26,USMO17882656,journey to the light - brainstorm,7733
66682,,,R&B,Motown,2012-11-19,USMO10000188,i'm here again (extended version) - thelma houston,7716
66694,,,Drum & Bass,Moving Shadow,1996-05-20,DEQ490700014,in too deep - jmj & flytronix,7705
66735,,,Minimal / Deep Tech,Outer Waves Records,2026-06-05,UK9AV2100443,"de i comahlee ah (extended) - jackie mclean, michael carvin",7666
66741,,,Rock,Polydor Associated Labels,2007-06-08,GBAAM0201152,voices inside my head (remastered 2003) - the police,7665
66780,103,1A,House,Defected,2015-11-27,GBAAA9901517,hangin' on a string (frankie knuckles remix) - loose ends,7630
66781,89,7B,Trap / Future Bass,RCA/Legacy,2018-05-25,USRC11100262,"diamond real (12"" remix) - michael wycoff",7629
66783,,,House,Bacci Bros. Records,2014-07-17,ITU030700062,destiny - vivien vee,7633
66784,,,Trap / Future Bass,Epic/Legacy,2019-07-26,USSM18200381,best love - rose royce,7624
66785,,,Nu Disco / Disco,Legacy Recordings,2014-12-05,USSM11407242,glad you could make it - archie bell & the drells,7625
66786,116,6A,Electro (Classic / Detroit / Modern),Unidisc Music,2024-04-01,CAU112400167,can't believe (instrumental) - nancy martin,7631
66788,,,Dance / Pop,Broken Records,2025-06-24,USA2P0402672,funk - u - up (vocal) - jesse saunders,7622
66790,,,House,Clone Classic Cuts,2014-12-22,NLL561405417,nite roads - jovonn,7623
66791,,,Techno (Peak Time / Driving),R&S Records,2008-03-07,BEZ350800020,dimension of drums - dave angel,7627
66792,,,Techno (Peak Time / Driving),Elephanthaus,1999-11-01,USERR9911007,forgotten frequency - tim baker,7621
66793,,,Melodic House & Techno,The End Of Genesys,2026-04-09,USTCB0941134,sex dance - lisa,7620
66794,,,Techno (Raw / Deep / Hypnotic),Trip Recordings,2021-12-01,GBLFT1640012,t4it 3 - bjarki,7626
66797,,,Electronica,Sublime Records,2015-07-15,JPB532400044,kinoko (2024 remaster) - susumu yokota,7617
66798,,,House,L.I.E.S. Records,2025-01-25,USYBL2301157,moonriver - vocal mix - fabio monesi,7616
66800,,,Indie Dance,Bella Union / Co-op,2022-11-23,GBAAA8000601,"rising thermal 14° 16' n; 32° 28' e - jon hassell, brian eno",7618
66801,,,Deep House,Sound Signature,2014-11-14,DEZ651349417,children of the drum (1997 predecessor mix) - theo parrish,7619
66802,,,House,Axis Trax,2011-10-10,GBZLR1100406,my love turns to liquid 2011 (original 1990 mix) - dream 2 science,7612
66817,,,Pop,Warner Records,2007-07-30,USWB11700476,"erotic city (make love not war erotic city come alive) (12"" version) - prince & the revolution",7609
66887,,,Latin,WM Brazil,2013-08-06,BRWMB9705446,mr. funky samba - banda black rio,7547
66968,,,Dance / Pop,Mushroom Pillow,2022-10-28,QMDA72208198,call my name (instrumental) - joe bataan,7488
67010,,,Bass / Club,Ran$om Note,2025-06-04,USGZ21352708,"bad connection (12"" mix) - strange affair",7449
67058,,,Minimal / Deep Tech,Bambe,2024-06-21,NLM792420002,the life of a touring dj - bambounou,7409
67228,,,"",,,NLCK41069316,riddim the dirt - yssue,7280
67278,,,"",,,NLE800610157,"go get busy (extended rave version) (extended rave version) - dj weirdo, dj sim",7243
67302,,,Techno (Peak Time / Driving),Ruffneck,1996-11-01,NLHY51500289,ruffneck rules da artcore scene!!! (12 inch mix) - juggernaut,7221
67357,,,Techno (Peak Time / Driving),Planet Phuture,2020-12-04,DEPI82022196,hardcore muthafucka (original mix) [remastered] - marc acardipane,6517
67361,,,Hard Dance / Hardcore / Neo Rave,Babyboom Records,2002-09-20,NLS240601154,bulletproof - the viper,7168
67373,,,Hard Dance / Hardcore / Neo Rave,The Third Movement,2020-12-18,NLG420400032,i come correct - promo,7081
67481,,,Techno (Peak Time / Driving),Be Yourself Music,2017-10-27,USTC10627802,flesh is the fever - the horrorist,7081
67550,,,Hard Dance / Hardcore / Neo Rave,Violent Disorder Records,2022-12-16,USCA29300105,you dare - mozz,7102
67551,,,Hard Dance / Hardcore / Neo Rave,Terrordrang Records,2023-12-04,GBLV62315208,beserk - explicit,6334
67552,,,Hard Dance / Hardcore / Neo Rave,Violent Disorder Records,2022-12-16,CA5KR1980596,victim - mozz,7046
67553,,,Hard Dance / Hardcore / Neo Rave,Intensive Core,2023-04-25,GBKQU2341368,gods - mozz,7045
67554,,,Hard Dance / Hardcore / Neo Rave,Violent Disorder Records,2023-03-17,GBKQU2324423,j'aime la terreur - mozz,7047
67555,,,Hard Dance / Hardcore / Neo Rave,Violent Disorder Records,2023-07-28,GBKQU2367954,humanity extinction - persecute,7044
67556,,,Hard Dance / Hardcore / Neo Rave,Terrordrang Records,2023-08-25,GBKQU2378807,just do it - mozz,6337
67557,,,Hard Dance / Hardcore / Neo Rave,Terrordrang Records,2023-12-04,GBLV62315211,necromancer - kaos,6334
67558,,,"",,,UKR6V2383893,god save the queen - mozz,7042
67630,,,Hard Dance / Hardcore / Neo Rave,Industrial Strength Records,2017-02-01,USZUT9400023,extreme terror (pain mix) - dj skinhead,6986
67649,,,Hard Dance / Hardcore / Neo Rave,Guillotine Recordings,2024-05-05,GBKQU2342209,out of control - predator,6975
67655,,,UK Garage / Bassline,Banzai,2026-04-03,CA5KR2641212,feel my nrg - henry fong,6969
67692,,,Techno (Raw / Deep / Hypnotic),K7 Records,2023-06-15,DEG932302145,x-303 - kassian,6936
67719,124,6A,House,Glitterbox Recordings,2025-02-07,GBCPZ2524103,"lola's theme (tripolism extended remix) - the shapeshifters, tripolism",6940
67760,,,"",,,FIHOB2500002,chant - dialog,
67824,,,Hip-Hop,Epic/Stay High,2024-09-19,DEAL12100001,remedy - hartmann,6832
67825,,,Electronica,Universal Music Ltda.,2021-06-25,BREMI7800554,"agora é moda - rita lee, roberto de carvalho",6833
67893,,,Techno (Raw / Deep / Hypnotic),Buttheads,2026-03-06,FR10S2661160,moon cave - temple rat,103
67914,,,Melodic House & Techno,Anemos Dance,2025-09-19,DEEC33502158,"tell her never - yet more, selim sivade",6756
67995,,,Funky House,Milk & Sugar,2018-09-14,UKGTD1900031,walking on sunshine (full intention vocal dub) - rockers revenge,6689
68054,,,Afro House,Frau Blau,2026-02-13,NLHR22600010,other side - kadosh,6645
68055,,,Deep House,Earthly Delights,2020-02-21,QM4TW2061943,yamar (fake mood remix) - timujin,6642
68056,,,Melodic House & Techno,Flores,2026-02-27,NLHR22600215,mapa - affkt,6640
68057,,,Melodic House & Techno,Stil Vor Talent,2017-12-22,DEVU51719960,cosmic dance (felipe puertes remix) - kellerkind,6638
68058,,,Progressive House,Pino Music,2024-07-31,USS1Z1800837,the seed (original mix) - d-nox & k.a.l.i.l.,6639
68060,,,Progressive House,Where The Shadow Ends,2026-02-13,US83Z2605695,joker (extended mix) - paul losev,6641
68061,,,Progressive House,AIKUNA,2021-12-10,DEH742230442,baja (remastered) - stephan zovsky,6670
68063,125,12B,Melodic House & Techno,Temple of Dreams,2023-08-25,GBJX32005121,tijuana (vintage culture extended remix) - bedouin,6634
68064,,,Melodic House & Techno,Hive Audio,2025-03-21,CH3132500137,3001 (extended mix) - animal trainer,6635
68065,,,Indie Dance,On The Quiet Records,2025-04-18,PT6DV2500011,where paradise is (extended mix) (extended mix) - xinobi,6633
68066,,,Melodic House & Techno,IAMHER,2024-10-11,DEXO42353589,you see - underher & marc luciano,6637
68067,,,Melodic House & Techno,Mango Alley,2024-01-11,US83Z2350423,the insignificance of it all (chook remix) - haen,6636
68068,,,Indie Dance,Bunny Tiger,2022-07-22,DEEE72201592,ni8t riderz - sharam jey,6632
68069,,,Melodic House & Techno,Variety Music,2024-08-07,NLHR22001005,agnes - serhan guney,6631
68070,,,Melodic House & Techno,Yulunga Music,2026-01-02,US83Z2570233,the tiger hunt (extended mix) - chris child,6672
68071,,,Organic House,Hoomidaas,2022-12-30,US83Z2240910,"through your system - el mundo, zazou",6629
68129,128,,Dance / Pop,Skint Records,2025-04-11,GB5KW2402511,ya mama (fbs loves moguai and carola edit) - fatboy slim,6557
68136,184.6,,Hard Dance / Hardcore / Neo Rave,Be Yourself Music,2022-12-09,NLE800701008,hey! (buzzy's raggamix) (buzzy's raggamix) - tony salmonelli,6553
68141,,,Hard Dance / Hardcore / Neo Rave,Rave Instinct,2022-04-08,GBKQU2176038,words of '95 (gabber remix) - painbringer,6554
68152,101.9,,Dance|Rock|Hard Rock,Hardhead Productions,2015-09-25,NLFL72200599,klapt door je botten - klapt door je botten,
68283,184.6,,Hard Dance / Hardcore / Neo Rave,Be Yourself Music,2022-12-09,USZUT9600079,the dreamer - lenny dee,6464
68298,,,Hard Dance / Hardcore / Neo Rave,Gearbox Digital,2023-06-30,GBKQU2359085,next level - fraw,6453
68300,100,8A,Hard Dance / Hardcore / Neo Rave,Peacock Records,2023-02-03,NLS202300041,"trip to holland (major conspiracy remix) - dr. peacock, partyraiser, major conspiracy",6452
68301,99.8,,Hard Dance / Hardcore / Neo Rave,Be Yourself Music,2024-05-17,QZTBE2324972,feels like heaven - deadly guns & major conspiracy,6450
68302,100,,Hard Dance / Hardcore / Neo Rave,Masters Of Hardcore,2023-09-29,NLFL72300682,dwars door het dak - n-vitral & major conspiracy & ezg,6451
68303,184.6,,Hard Dance / Hardcore / Neo Rave,Neophyte Records,2017-09-07,NLQS91700136,"poeder in je neusgat - kasparov, system shock & revolter ft zwaargewicht",6448
68304,162.1,,Hard Dance / Hardcore / Neo Rave,Q-dance Compilations,2023-06-23,GBLV62208468,"too happy - rooler, sickmode",6449
68305,102.1,,Hard Dance / Hardcore / Neo Rave,Peacock Records,2023-02-03,QT3EZ2430610,fckface - major conspiracy,6447
68306,,,Hard Dance / Hardcore / Neo Rave,Snakepit Music,2023-10-26,NLFL72300766,go fck yourself - spitnoise & major conspiracy,6446
68307,,,Hard Techno,Treasure Records,2024-06-07,NLS762300912,wake up! (major conspiracy remix) (extended mix) - the prophet,6498
68308,,,Hard Dance / Hardcore / Neo Rave,Midify,2011-04-04,NLS762300500,"wake up! (from the hard edit) - the prophet, brennan heart",6445
68309,,,Hard Dance / Hardcore / Neo Rave,Roughstate,2022-07-08,NLH3Q2101047,"homicide - rejecta, act of rage",6443
68310,99.2,,Hard Dance / Hardcore / Neo Rave,Q-dance presents QORE,2024-01-10,NLH2L2400001,"too late - stv, unvizion",6444
68311,,,Hard Dance / Hardcore / Neo Rave,Savage Squad Recordings (Official),2024-03-07,NL7EN2400013,fantasyland (major conspiracy remix) (original mix) - the purge,6497
68312,,,Hard Dance / Hardcore / Neo Rave,DistroKid,2023-11-16,QZTBC2318210,ready to the battle - loner,6441
68313,,,Hard Dance / Hardcore / Neo Rave,PARTYRAISER RECORDINGS,2023-08-17,NLFL72300575,don't stop now - revealer,6440
68433,75.9,,Hard Techno,LW Recordings,2024-05-24,GBLV62307488,bittersweet - jens mueller,6361
68434,,,Hard Dance / Hardcore / Neo Rave,The Third Movement,2003-05-09,NLE802300450,"one tribes jam (original 98 promo rmx) (original 98 promo rmx) - dj weirdo, dr. phil omanski",6360
68435,178.2,,Hard Techno,Ruffneck,1996-05-01,NLHY51100260,pumpin - zerox,6359
68436,94.8,,Hard Dance / Hardcore / Neo Rave,BEAT Music Fund,1997-01-01,NLC050201151,pain in the ass - too hostile,6358
68437,93.1,,Hard Dance / Hardcore / Neo Rave,Mokum Records,2023-07-06,NLLB82300069,the break (wicked xxx remix) - dj chosen few,6357
68438,92.4,,Hard Dance / Hardcore / Neo Rave,Be Yourself Music,2022-12-09,NLC050200690,hardcore to da bone (masters of ceremony dope mix) - masters of ceremony,6404
68439,95,4B,Hard Dance / Hardcore / Neo Rave,Border Town,2023-05-18,NLS242300058,braincracking - neophyte,
68440,149.7,,Hard Dance / Hardcore / Neo Rave,BEAT Music Fund,2007-10-29,NLS240601082,back to tha 'o' school - black knight,6356
68441,,,Hard Dance / Hardcore / Neo Rave,Q-dance Compilations,2019-09-02,NLS161801738,basskick paradise (original mix) - cryogenic,6421
68489,,,Hard Dance / Hardcore / Neo Rave,Mokum Records,2022-07-14,NLLB82200089,name of the dj - dj chosen few,6313
68493,89.9,,House,BlackSnow Recordings,2013-03-11,QZK6M2206464,choose life - choose life,6312
68529,129,,"",,,DEMM41301193,fables and fairytales (adam marshall into the sprit lands mix) - murr,6285
68581,99.9,,Electronica,Bite The Day,2025-09-26,DEVY92500268,"wtf (word salad version) - idjut boys, minjung kate kim",6236
68616,130,,House,Craigie Knowes,2025-05-26,UKL4N1700307,the core - olsvangèr,6210
68618,130,,House,Automatic Writing,2024-10-31,DGA0L2450256,can't get enough - paul cut,6207
68648,129.4,,Tech House,Trace Amounts,2025-11-21,CA5KR2600003,for the soul - tini gessler,6181
68761,127,,Melodic House & Techno,CircoLoco Records,2026-01-23,QMFME2518323,turbo rosso - jimi jules,6086
68814,122.1,,Dance / Pop,Strange Fruits,2021-07-28,QZQAY2566525,dimelo - rafman,6044
68815,,,Afro House,Retrolounge Records,2022-02-05,US83Z2136269,"suenos - andor gabriel, max well",6043
68817,118.4,,Melodic House & Techno,3000 Grad Records,2019-11-29,DEU671902037,pororoca feat anissa damali (mollono.bass remix) - dandara feat anissa damali,6042
68818,122,,Melodic House & Techno,Kontor Records,2025-05-30,DEN062500286,try (extended mix) - with u & jamek ortega,6068
68819,126,,Afro House,Make The Girls Dance Records,2024-05-24,CH7812409267,"guayabo (extended mix) - kurd maverick, la perla",6069
68820,122.2,,Melodic House & Techno,Diynamic,2024-11-08,DEDH72300334,"seasons - grigoré, serve cold",6039
68821,122,,Afro House,Xumba Recordings,2019-03-18,GBKQU1908724,seduction (original mix) - dave andres,6063
68822,117,11B,Pop,Jive,2007-11-23,USJI10600511,sexyback (linus loves remix (edit)) - justin timberlake,6038
68824,120.1,,Indie Dance,Maneki Neko,2023-10-27,US83Z2342808,"house hysteria - pinto., dvirnuns",6040
68825,123.7,,Afro House,TH3RD BRAIN,2024-12-13,NL3M12406554,celular - sistek,6041
68826,124.3,,Tech House,Origins Inconclusive,2024-06-15,GB8KE2412185,rapture - tony metric,6037
68827,120,,Afro House,Mahaba,2025-05-30,GBCPZ2524416,come back - beatsbyhand,6036
68828,108.3,,Pop,Red Zone Entertainment / IDJ,2012-07-17,USUM71207185,pyramids - frank ocean,6033
68829,117.9,,Afro House,Yulunga Music,2024-03-01,US83Z2465094,"feel different feat adekunle gold, maleek berry (chris idh remix) - reekado banks",6061
68843,123.6,,Deep House,Bedrock Records,2019-05-03,DEEC31300012,scala (original) (original) - agoria,6026
68863,128.8,,Tech House,Insomniac Records,2025-03-14,NL8RL2503938,i know you want to - max styler,6007
68874,128.1,,Deep House,Ornaments,2025-07-04,DECY52500371,verloren (isolée remix) - lesterr,5995
69039,122.1,,Progressive House,Synthesis Recordings,2026-04-22,US83Z2622959,tribalism - kebin van reeken,5855
69070,,,Indie Dance,Running Back,2022-03-18,DEVY92200024,last night (original) - jet hammer,5831
69071,126,,House,17 Steps,2020-06-19,GBEWA1906293,lyra (dusky remix) - 9th house,5832
69072,122,,Indie Dance,Compost Disco,2020-11-20,DEM092000120,rocket dial - clavis,5828
69073,,,Indie Dance,Running Back,2020-05-01,DEVY92000047,schlagzeug - shan,5830
69074,,,Melodic House & Techno,ISOLATE,2023-02-03,DEY472370534,high voltage - marc gonen,5826
69075,,,Afro House,Madorasindahouse Records,2026-03-27,QRHH52600003,calling you - unfazed,5824
69076,123,,House,Disco Halal,2026-04-10,GBGLW2600188,leave them all behind (marc gonen remix) - sx2,5823
69077,120,,Melodic House & Techno,LSF21+,2021-12-16,DEW872302948,"won't say - re.you, jim hickey, sanrey",5827
69079,127,,Melodic House & Techno,Frequenza,2025-12-12,CA5KR2601653,out of control (extended mix) - nihil young,5821
69080,123,,Melodic House & Techno,Phobiq,2025-10-24,ITZW52500065,"the monument - heîk, armix",5820
69081,125,,Melodic House & Techno,JEAHMON! Records,2026-05-15,DEH742612207,starving (radio-edit) - namazi,5822
69082,125.9,,Indie Dance,ATLANT,2025-03-21,US83Z2510531,"the sound - waltervelt, kiko",5819
69138,130,,Tech House,Kontor Records,2025-09-19,DEN062500597,tequila (extended mix) - diego san diego & alec monopoly,5791
69179,130,,Tech House,Nervous Records,2024-06-28,USNRS2443578,"everybody be somebody (feat yavahn) - classmatic, ruffneck",5741
69534,,,Minimal / Deep Tech,ACCUSED,2026-05-08,GBKQU2645803,illegal rave - aca (yu),
69536,130,,Tech House,elrow Music,2026-05-01,ES94G2627505,composure - ninetree,
69735,130.9,,House,Cherry Lounge Recordings,2015-05-05,DELM40300003,beautiful people - sthlm soundmachine,
69757,81,7A,Nu Disco / Disco,Glitterbox Recordings,2018-07-27,USAT20102173,lost in music (1984 bernard edwards & nile rodgers remix) (1995 remaster) - sister sledge,
69856,,,Tech House,Knee Deep In Sound,2026-01-30,UK74K1400920,hold the flame - saeri,
69886,127,7B,Tech House,Sweat It Out,2023-03-10,AUDCB1702286,"new bottega - torren foot, azealia banks",
69887,128,12B,House,Edible,2026-02-27,UKJSW2500048,raise them (extended mix) - wh0,
70054,92.4,,Dance / Pop,CL&MT,2025-10-01,NLS242200180,rebel - charly lownoise & mental theo,
70092,110.7,,Techno (Peak Time / Driving),CL&MT,2025-10-01,NLS241502995,live at london (hardcore mix) - charly lownoise & mental theo,
70244,,,"",,,USZUT9400301,wanna be a gangster - disciples of annihilation,
70424,111.9,,Deep House,Atlantic Records UK,2021-02-22,USWB11104118,like a prayer (churchapella) (churchapella) - madonna,
70642,129.6,,Bass / Club,LOVE IN THE ENDZ,2026-01-28,GXJBJ2692235,eris (karan! remix) - entrañas,
70655,132,,Bass / Club,Hakuna Kulala,2023-04-28,UGA262301013,ic3 (menzi remix) - scratcha dva,
70714,120,,House,Jolly Jams,2026-07-03,DECY52600221,promo only 1 (refix) - red axes,
70729,150.3,,"",,,KRB462100477,let's go ! - bus,
70730,142.9,,Psy-Trance,Classic Goa Trax,2020-07-20,GBKQU2056253,xone (original mix) - mittelstandskinder ohne strom,
70731,,,"",,,USQY50942293,who is feeling normal? - pigs in space,
70732,147,,"",,,USQY50942296,"visitors, pt. 2 - pigs in space",
70733,145.8,,Psy-Trance,Classic Goa Trax,2025-06-24,GBKQU2556378,torrent of insanity - xenomorph,
70734,145.1,,Psy-Trance,Avatar Records,2006-08-28,IL1210301702,why? - cydonia,
70737,146.1,,Psy-Trance,Classic Goa Trax,2021-01-26,GBLV62039685,pearly gate crasher (original mix) - phlat phase,
70739,145.9,,Psy-Trance,Parallel Records 303,2025-09-24,GX53U2514471,ph acid - mandukya,
70742,144,,"",,,USA2P1809970,big troublems - krumelur,
70743,146,,Electronica,Parvati Records,2011-12-05,NLD910800642,poltergeist - droidsect,
70843,131.7,,Bass / Club,Nervous Horizon,2023-05-26,UKA9G1700098,rashash - toumba,
70975,99,,Dance / Pop,Dark Entries Records,2026-01-09,USA2P2567198,rain forest - spider taylor,
70980,,,Ambient / Experimental,TraTraTrax,2025-04-08,GXEEE2600003,rafflesia arnoldii - colombian drone mafia,
71002,129.9,,Bass House,Diynamic,2025-07-25,DEDH72300463,do you - vintage culture,
71062,135,,Techno (Raw / Deep / Hypnotic),SK_Eleven,2020-07-17,NLCK41069840,m. at play (original mix) - phara,
71129,137.1,,Breaks / Breakbeat / UK Bass,Kapsela,2024-10-25,GBQLP2400605,worm dance - objekt,
71149,69.9,,Dubstep,Macabre Unit Digital,2013-02-11,GB9NK1200083,mystery (original mix) - biome,
71499,124.2,,Tech House,1605,2014-09-08,SIB151400005,grooveland (original mix) - oscar l,
71505,129.3,,Techno (Peak Time / Driving),Genesa Records,2017-09-06,NLCK41042687,guide (exium remix) - ducerey ada nexino,
71506,136.1,,Techno (Raw / Deep / Hypnotic),Token,2025-07-18,BEN582500381,forbidden city - skjöld,
71507,133,,Techno (Raw / Deep / Hypnotic),Moving Pressure,2025-06-06,NLCK42507425,diamond city - obscur,
71508,142,,Techno (Raw / Deep / Hypnotic),Complex Fractals,2024-07-31,CH6542536689,exiled - deranged,
71509,143.9,,Techno (Peak Time / Driving),Syncopated Records,2023-02-22,NLCK42225242,twist the knife (volster remix) - snakebite_616,
71510,134.7,,Techno (Peak Time / Driving),Disconnekt Records,2020-05-25,NLCK41067095,cryogenia - tensal,
71511,138.9,,Techno (Peak Time / Driving),Renegade Methodz,2025-04-04,NLCK42505998,mechanizer - endlec,
71512,134,,Techno (Raw / Deep / Hypnotic),Autonome Records,2025-08-19,CH6542557742,hubble - connor wall,
71513,133.1,,Techno (Raw / Deep / Hypnotic),Planet Rhythm,2021-12-17,NLCK41080660,something different - stephen disario,
71653,124.9,,Bass / Club,Defenders Ent,2018-11-23,GBQEK0900043,bongo jam (feat calista) [club mix] (club mix) - crazy cousinz,
71821,138,,Bass / Club,TraTraTrax,2025-11-28,COAB11900284,shake the floor - sazzle,
71837,128.2,,Tech House,Physical Presents,2025-11-14,CAM372500330,come alive - bijou,
71902,,,Drum & Bass,Simplify.,2020-07-10,CZA750320207,čínský potůček - pavel richter,
71930,,,Electronica,fabric Records,2022-03-25,USNCB2023003,suite pour l'invisible - ana roxanne,
71939,98,1A,House,Domino,2021-03-31,GBARL1200079,instrumental no. 2 - my bloody valentine,
71984,,,Electronica,Editions Mego,2026-05-08,DEX262500632,nolicom (2025 remaster) - tujiko noriko,
71988,107.6,,Trap / Future Bass,Arista/LaFace Records,1998-09-29,USLF20000411,skew it on the bar-b - outkast,
72031,119.9,,House,Trax Records,2025-03-14,QM4TX2557680,rainy nights - seph martin,
72156,,,Breaks / Breakbeat / UK Bass,Dekmantel,2025-07-02,NLTH62500055,mothertime - call super,
72334,135,,140 / Deep Dubstep / Grime,Butter Sessions,2020-07-03,AULLW2000066,crosswinds - midnight tenderness,
72358,137,4B,Minimal / Deep Tech,Armada Music,2026-03-13,NLF712600896,space funk (extended mix) - jackyboom,
72359,134,,Bass House,Live From Earth (DE),2025-08-29,USZ4V2500298,sinai ray - atrip,
72370,132,,"",,,QZS632261841,last inspiration - mark a. brook,
72371,130,,Minimal / Deep Tech,Pleasure Club,2022-12-27,UK9AV2201910,emu emu - voigtmann,
72578,70,,Dubstep,Tectonic,2009-11-02,GBGXC0900033,get up (jack sparrow remix) - pinch,
72614,140,,Bass / Club,ec2a,2025-03-25,UKW3Z2500369,left side - presti,
72672,71.3,,UK Garage / Bassline,Bad Tips,2023-06-08,FRDX62304910,dirty - neida,
72732,139.9,,140 / Deep Dubstep / Grime,Deep Dark & Dangerous,2023-12-01,GBLV62305196,don't move - leo cap,
72919,128.3,,Breaks / Breakbeat / UK Bass,Rhythm Athletic,2022-06-10,FR96X2241635,drop - murder he wrote,
72972,99.7,,Bass / Club,More Time Records,2022-05-06,FR2X42236661,three faced - avernian,
73006,150,,Dubstep,Bait,2024-05-03,FRDX62402040,plotting smth - carré,
73147,93.3,,140 / Deep Dubstep / Grime,Banoffee Pies Records,2024-03-22,DEG932400350,toll booth - unknown mobile,
73223,75.3,,Latin Electronic,WAJANG,2025-07-18,FRR642501128,"acidez - siu mata, amor satyr",
73224,152.9,,Electronica,Loma Vista Recordings,2024-09-18,USC4R2447272,spank! - hitech,
73225,,,Bass / Club,Moveltraxx,2024-01-04,FRX452254573,"drop down do a split - dj roc, katie got bandz",
73459,125.9,,Bass House,Siamese,2026-03-27,CHC652600305,the bassline - jast,
73474,124,,Indie Dance,Watergate Records,2024-09-20,DEPX42400730,we got rhythms for sale - fahlberg,
73554,131,,Techno (Raw / Deep / Hypnotic),Non Series,2023-05-12,BEN582200807,sorcery (psyk remix) - luigi tozzi,
73555,140,,Techno (Raw / Deep / Hypnotic),47,2024-09-06,DECY52400933,ypox - kangding ray,
73560,145,,Dubstep,traverse,2025-12-05,FRDX62511370,vision - trois-quarts taxi system,
73650,122.1,,Electronica,Warp Records,1998-10-19,GBBPW9800095,we change the frequency - two lone swordsmen,
73675,124,,Techno (Raw / Deep / Hypnotic),Livity Sound Recordings,2025-05-02,GBRYX2500399,pulse xviii - peverelist,
73729,132,,Bass / Club,RKS Dubz,2018-05-18,FR2X41847124,"bowow - fonzo, aæe",
73791,132,,Bass / Club,BNYR,2024-08-29,GXBGA2300008,infiltrator - benyayer,
73900,134,,Techno (Peak Time / Driving),Vision Serpent,2026-02-13,US83Z2605808,vessel (aio remix) - aender,
73902,133.9,,Techno (Peak Time / Driving),KOSMOS,2025-07-18,US83Z2540663,refugium (aio remix) - sabura,
73904,134,,Techno (Peak Time / Driving),VOLTA,2026-01-08,DEY472581594,robot - aio,
73905,132,10B,Techno (Peak Time / Driving),KOSMOS,2025-03-28,US83Z2513855,"growling - aio, hngt",
73988,,,Minimal / Deep Tech,Eastenderz,2026-06-19,GBKQU2658795,rush - ryan nicholls,
73993,130,,Minimal / Deep Tech,WYLD,2026-06-19,GBKQU2660297,kick it - ryan resso,
73998,130.1,,Tech House,RWorks,2026-04-09,GBKQU2635515,let's freak - iglesias,
74001,124,,Techno (Raw / Deep / Hypnotic),Crescent London,2025-06-06,GXBNP2507534,jupiter mood - toki fuko,
74002,122,,Techno (Peak Time / Driving),Lempuyang Records,2025-01-24,GBKQU2505271,weetabix (2024 remaster) - martin jarl,
74003,125,,Techno (Raw / Deep / Hypnotic),OHM Series,2026-01-22,GBLV62523948,dub story - andrey p.,
74004,123.9,,Techno (Raw / Deep / Hypnotic),OHM Series,2026-01-09,GBLV62523923,donder - orbia,
74005,122,,Techno (Raw / Deep / Hypnotic),AE Recordings,2020-02-14,GBLV62003171,when is deep (original mix) - anton kubikov,
74006,119.9,,Techno (Peak Time / Driving),Chart Series,2024-09-06,DEH741709473,midnight space destiny - substak,
74007,129.2,,Techno (Raw / Deep / Hypnotic),Arts,2025-03-07,NLCK42503145,"any second now - pedro capelossi, aeikus",
74008,129,,Deep House,Dial,2025-07-11,DETB32401718,wrapped in spaces between us - dolomea,
74015,128.1,,Deep House,Permanent Vacation,2026-01-30,DECY62600004,x-plor12 (silver sky) - sam goku,
74025,,,Minimal / Deep Tech,Take Notes,2024-11-29,GBLV62406262,the way i like it - discip,
74052,116.8,,Drum & Bass,Dimension,2026-03-31,US39N2653957,once in a lifetime - dimension,
74057,128,6A,Dance / Pop,Defected,2026-04-03,GBCPZ2625158,my temptations (extended mix) - oden & fatzo,
74167,124,,Tech House,Houseline,2019-03-22,CA5KR1915678,"trip - john summit, tombz",
74264,126,9A,Deep House,Nu Faze Records,2015-09-18,DEY470943076,"it's the spirit (83 west vocal mix) - dj romain, darryl d. bonneau",
74471,98,9B,Indie Dance,Multi Culti,2026-01-26,NLLD92500017,quasar - mytron,
74549,66,2A,Electronica,Peacefrog Records,1996-05-24,GBEWK9600004,ten days of blue - john beltran,
74558,120,2A,Afro House,Innervisions,2015-12-11,,too much information (laolu remix (edit)) - dele sosimi afrobeat orchestra,
74738,127.7,,"",,,FR59R2651363,join the circus of dr. lao 2 (radio edit) (radio edit) - trance induction,
74767,149,4A,Electronica,Carrier,2023-09-22,GBQT21500297,still so - carrier,
75026,129,3A,House,8Bit,2025-05-23,DEW872503270,funky beat - chinonegro,
75066,129,2B,Tech House,Metamorfosi Records,2025-12-19,NL8RL2577825,caprii - harvy valencia,
75224,126,1B,Tech House,ABRA X,2024-10-11,QMDA62408712,"groove con clase - malone, cameron jack",
75386,135,6A,Electronica,Ninja Tune,2024-09-13,,vocoder [club mix] - floating points,
75428,129.7,,"",,,DEQ020602859,time has changed - codec and flexor,
75449,124,9B,House,Rhythm Section International,2023-04-14,DEG932300115,pump up the volume - wallace,
75490,121,4A,Progressive House,Amangold,2018-01-25,DEH741718410,insolita - modeplex,
75491,123,11A,Melodic House & Techno,Diynamic,2017-10-13,GBY7T1100848,dream - lehar,
75492,123,12B,Melodic House & Techno,Diynamic,2018-01-19,DEDH71800005,major minor - karmon,
75493,123,3A,Deep House,Click Records,2018-02-19,US83Z1801222,pompei (peter makto & gregory s remix) - alive!,
75494,121,8A,Melodic House & Techno,Manitox,2018-12-17,QM4TW2635661,marimba (extended mix) - german brigante,
75495,118,3A,Deep House,Kindisch,2017-09-22,DEBE71700221,distant memory - davi,
75497,123,8A,Deep House,Endless,2017-08-04,ITDZ01700048,"lotus - lehar, musumeci",
75498,120,12A,Organic House,Tale & Tone,2017-08-04,GBJX31816001,letter for poly - cornucopia,
75500,124,,"",,,AUVC01882611,"ey ya tumbo - child, doppel",
75501,120,8A,Deep House,Anjunadeep,2017-10-20,GBEWA1702710,far away place (jody wisternoff & james grant remix) (jody wisternoff & james grant remix) - xinobi,
75506,128,10B,House,Knee Deep In Sound,2026-02-27,UK74K1400929,in the air - hot since 82,
75550,128,9A,House,DFTD,2026-07-10,GBCPZ2625339,i wanna dance (extended mix) - stacey pullen,
75561,127,7A,Tech House,THRIVE MUSIC,2026-06-26,QZFPL2600098,wtf - broken hill,
75577,130,3A,House,Odd Soul Sounds,2025-06-06,QT4K32543132,"ruafreak - keys n krates, afrique like me, 96 vibe",
75634,123,9B,Indie Dance,Blessed Music,2026-03-06,GBKQU2616644,freak (fairtone remix) - anton ishutin,
76137,132,2B,R&B,UNI/MOTOWN,2018-08-08,USUMG9900462,visions - stevie wonder,
76155,89.6,,Alternative|Pop Indé,,,GBCK42610805,life's a party - prophetic justice ministry,
76173,72,11B,Rock,CAPITOL CATALOG MKT (C92),2018-06-22,USCA20000789,the weight - the band,
76223,131,4B,Tech House,NAFF,2019-09-06,GBJX31844010,tv science - anf,
76351,142,5A,Bass House,Because Music & ultra rare,2026-02-18,FR6P12503730,chelsea girls 2.0 - u.r.trax,
76460,85,,"",,,BRSME8200001,samurai - djavan,
76568,140,5B,House,Sumoclic,2023-08-16,FRX762393806,sleeves touch my elbows (feat mora y los metegoles) - 1tbsp,
76625,113,9A,Electronica,Infinite Drift,2025-12-05,USA2P2566066,too cute to delete - cybermission,
76626,85,11B,Drum & Bass,HAUS of ALTR,2026-01-30,USYBL2600324,break awareness - moma ready,
76627,76,8B,Electronica,XL Recordings,2026-07-23,GBBKS2400359,dai buki - dj python & jawnino & organ tapes,
76628,89.9,,"",,,NLZ8C2500007,labyrinth of losses - saffron bloom,
76629,94,9A,Electronica,Step Ball Chain,2025-12-15,NLZ8C2500752,trick trick - trickpony,
76630,95,,"",,,QMFME2488262,nu stone groove - ali omar,
76631,154,9A,Drum & Bass,Step Ball Chain,2024-04-19,,shiver (on ice dub) - trickpony,
76632,165,2A,Ambient / Experimental,Black Butter Records,2026-05-20,USA2P2569991,bullet caught in a spiders web - rian brazil,
76633,123,6A,Drum & Bass,Pizza Hotline,2022-09-23,GBGLW2200680,level select - pizza hotline,
76634,85,8A,Drum & Bass,Omni Music (UK),2025-03-23,GBLV62422489,3 days later - arcologies,
76671,106,9B,Techno (Raw / Deep / Hypnotic),Mutual Rytm,2022-09-09,DEH742220505,early morning acceleration - chlär,
76693,106.9,,"",,,TCAGM2209857,the girl who lost the world - yullola,
76694,100,,"",,,DELI52404260,canine - eat-girls,
76695,127,,"",,,QZJCP2500101,affordable decorating - adult.,
76696,128.1,,"",,,TCAES2041180,friend machine - nation of language,
76698,142,,"",,,NLE3U2000004,lamp lady - sevdaliza,
76699,140,,"",,,USL4Q2297768,ask owl - tangerinecat,
76700,135.1,,"",,,FRR642501877,an illusion - la mverte,
76701,132.8,,"",,,FR0Q12301614,new place in town - vox low,
76702,127,8B,Electro (Classic / Detroit / Modern),Alfa Matrix,2024-05-24,BEC262608802,burned cpu (high thermal throttling) - cubic,
76703,128,,"",,,USA2P2543930,du plafond à la terre - leroy se meurt,
76704,123,,"",,,CHA832380906,idol - orphia,
76705,134,5B,Electro (Classic / Detroit / Modern),Mannequin Records,2025-11-28,USA2P2552969,beiss mich! - l.f.t.,
76706,130,2A,Electro (Classic / Detroit / Modern),TuneCore,2025-05-06,TCAJM2531207,reason to stay - pixel grip,
76707,132,12B,Electronica,Alfa Matrix,2026-04-06,BEC262634110,winter has come to its end - elektrostaub,
76713,128,4A,Deep House,Semi Delicious,2025-02-07,GBKQU2017824,midnight district line - kassian,
76815,130,,"",,,FR10S1831344,the music is moving - fargetta,
76820,122,11A,Dance / Pop,Numero,2021-01-11,USSR39207604,endangered species - endangered species,
76917,120,6B,Nu Disco / Disco,Unidisc Music,1981-01-01,CAU118102251,let's start the dance (remix) - bohannon,
76959,122,8B,Dance / Pop,Sony Music CG,2018-04-02,GBARK9000001,"move your body (12"" mix) - xpansions 95",
76983,128,,"",,,FRX202058414,"wheele - anunaku, dj plead",
77147,139.6,,Electro,,,GBALZ1400474,das massenmedium - holger czukay,
77164,160,2B,Electronica,Sony Music Entertainment,2023-05-12,GBARL0300482,9:25 - global communication,
77488,,,"",,,USYBL2402580,2 times too - glint,
77560,81,9B,R&B,Cherry Red Records,2023-12-15,USUM71106939,"heartbeat (12"" version) - dazz band",
77561,85,8B,Dance / Pop,Cosmic Romance,2025-05-16,QM4TW2525772,fleur de cannelle - giorgio lopez,
77562,92,4A,Indie Dance,Mule Musiq,2006-10-23,JPZ920700268,undefeated - force of nature,
77563,94,10A,Indie Dance,Systematic Recordings,2012-02-27,DEDL81001216,special dimension - spirit catcher,
77564,83.7,,"",,,FR0Q12101203,double polygone - sauveur mallia,
77565,98,4A,Nu Disco / Disco,Streetwise Recordings,2017-12-07,QMV7W1500027,rock to rock - citispeak,
77567,101.7,,"",,,CAU118303794,beat wave - warp 9,
77569,101.7,,"",,,DGA082590938,world famous techno pop - f.o.e,
77570,102.6,,"",,,FR5LR8300060,la danse des mots (maxi version) (maxi version) - mondino,
77571,128,5A,Dance / Pop,Planet Dance Music,2012-12-14,DEA319601671,talking to the night (vocal) - brian ice,
77582,85,5B,Techno (Raw / Deep / Hypnotic),Delsin Records,2026-06-05,NLM792600136,latent - forest drive west,
77690,74,,"",,,GBLAZ1400471,traum mal wieder - holger czukay,
77691,,,"",,,JPVI09828830,tsuki - kuniaki haishima,
77692,,,"",,,ITB007371636,pollution / ti sei mai chiesto quale funzione hai? - franco battiato,
77693,100,8B,Electronica,AD 93,2024-08-23,DEG932401381,"gravity will fail us - holy tongue, shackleton",
77694,97,5B,Electronica,Bureau B 1,2018-12-07,DELI51802602,home: ruitor - richard pinhas,
77695,143,8B,Electronica,YEAR0001,2020-07-08,SE5AJ2001096,circles - torus,
77696,100,6B,Electronica,Shitkatapult,2017-06-16,DEX181700057,energieerzeugung - si begg,
78065,126.1,,"",,,GBCMQ2300131,you would love me now - jay glass dubs,
78192,125,10A,Tech House,N.C.M Label,2026-05-29,NLCK41065857,sideline - ol,
78193,153,3A,Electronica,Idle Hands,2018-06-01,GB6PV1800008,never had - o$vmv$m,
78194,,,"",,,GBBPB0400584,six hours one week - scorn,
78195,172.3,,"",,,NLCK41065851,block24 - ol,
78196,164,9B,House,ON-U Sound.,2015-06-01,GB5P59900003,bedwood - doug wimbish,
78197,85,7A,Electronica,ESL Music,2014-04-07,USESL1222008,claridad - thievery corporation,
78199,91,12A,Caribbean,Madhouse Records,2023-12-04,USA2P2111842,stink riddim (instrumental) - dave kelly,
78200,69,10B,Caribbean,Chrome,2021-07-02,USQY51248580,hot water riddim (instrumental) - madd spider,
78201,105,7B,Electronica,Delicate Records,2022-05-19,NL4UC2100019,"spiritual delusion - d. tiffany, roza terenzi",
78202,123,12B,Deep House,Studio Barnhus,2025-12-19,SE2WJ2513006,bhuka dub - axel boman,
78203,129,12B,Organic House,Record Blanks,2026-03-06,QM6MZ2620979,dancing on hot sand (low tide mix) - dj olive,
78340,120,6A,Deep House,Bobby Donny,2024-09-20,UKU932481827,flowers - joy jenkins,
78376,140,12A,Techno (Peak Time / Driving),BangersOnly,2023-09-15,DEY472377243,"go up - justin jay, witness protection",
78409,,,"",,,BX4IU2417408,"fode pra karalho - petrus.wav, dj rafinha duarte, mc gw",
78414,73,4A,Electronica,Peak Oil,2025-06-06,QM6MZ2588936,circle of dust - purelink,
78416,140,3A,Electronica,Numbers,2024-10-18,GB7CH2400022,"heima - fergus jones, perko",
78482,140,11A,Dubstep,Dimeshift,2025-04-30,UKU932580893,vitamins - buckley,
78499,140,9A,Bass / Club,Mid:night Cut,2025-12-05,GBLV62516447,cut that - elbarto,
78652,155,9B,Hard Dance / Hardcore / Neo Rave,BSMNTTRAXX,2024-10-18,BEZ451200625,woops - dj bountyhunter,
78653,135,8A,Trance (Main Floor),Armada Music,2023-08-11,DEN060301420,outside world (hands up rmx) - sunbeam,
78654,,,Hard Dance / Hardcore / Neo Rave,Masters Of Hardcore,2025-10-24,NLFL72500951,little things - hysta & korsakoff,
78655,88,2A,Hard Dance / Hardcore / Neo Rave,Planet Phuture,2024-03-15,,wave of rave (hysta rmx radio edit) - marc acardipane,
78657,,,Hard Dance / Hardcore / Neo Rave,The Third Movement,2025-10-03,NLG422400562,till i die - hysta,
78658,178.2,,Hard Dance / Hardcore / Neo Rave,Masters Of Hardcore,2026-05-29,NLFL72501595,where i belong - endymion & hysta,
78659,,,Hard Dance / Hardcore / Neo Rave,Frenchcore Worldwide,2025-11-28,NLZ3R2500418,illusion of time (hysta remix) - dr. peacock,
78660,90,,Hard Dance / Hardcore / Neo Rave,The Third Movement,2025-04-03,NLG422400490,danger (gabber mix) - hysta & promo,
78661,178.2,,Hard Dance / Hardcore / Neo Rave,Masters Of Hardcore,2025-05-16,NLFL72500401,falling down - hysta & ophidian,
78776,103.8,,Tech House,React,1994-07-01,NLE941100006,talking about god - igor,
78881,136,,Techno (Raw / Deep / Hypnotic),Another Intelligence,2020-04-21,USHM82385781,blue like metal - tadeo,
78882,136.1,,"",,,USHM82385782,the bouncing - tadeo,
78891,134,,Techno (Raw / Deep / Hypnotic),Bunkers Collective,2025-07-25,NLCK42511714,madrid mirage - dold,
78892,138.9,,Techno (Raw / Deep / Hypnotic),Bunkers Collective,2025-07-25,NLCK42511717,inside it all - decka,
78893,138.8,,Techno (Raw / Deep / Hypnotic),Bunkers Collective,2025-07-25,NLCK42511718,reclusive hermit - p.e.a.r.l.,
78894,138,,Techno (Raw / Deep / Hypnotic),Token,2025-10-10,BEN582500570,second skin - phara,
78895,135.9,,Techno (Raw / Deep / Hypnotic),Hayes,2025-11-21,NLCK42517443,freak (real freak) - perfo,
78896,136,,Techno (Raw / Deep / Hypnotic),Token,2025-10-10,BEN582500571,the ring - phara,
78897,140.1,,Techno (Raw / Deep / Hypnotic),Hayes,2025-09-26,NLCK42514286,air viper - fresko,
78899,138.2,,Techno (Raw / Deep / Hypnotic),Hayes,2025-11-21,NLCK42517436,city drift - perfo,
78900,138,,Techno (Raw / Deep / Hypnotic),Phyr Records,2025-10-22,NLCK42514009,lasciate ogni speranza (original mix) - oscar mulero,
78901,138,,Techno (Raw / Deep / Hypnotic),Mord,2025-06-13,NLCK42508795,leaving the old flesh - temudo,
78902,143.1,,Techno (Raw / Deep / Hypnotic),ANAOH,2025-03-21,QMSL31950148,sochrosom (original mix) - ecilo,
78903,140.2,,Techno (Raw / Deep / Hypnotic),Token,2025-11-14,BEN582500575,time drift - border one,
78904,137.3,,Techno (Raw / Deep / Hypnotic),Hayes,2025-11-21,NLCK42517435,tan lines - perfo,
78905,140,,Techno (Raw / Deep / Hypnotic),Token,2025-11-14,BEN582500576,echo state - border one,
78906,139.9,,Techno (Raw / Deep / Hypnotic),Hayes,2025-01-10,NLCK42500154,street sweeper - metapattern,
79241,118,1A,Rock,Vanguard Records,1990-10-23,USVG20701184,all night passion (extended dance mix) - alisha,
79346,132,,Progressive House,Correspondant,2025-06-27,USA2P2531674,call me back - julie desire,
79720,106.9,,"",,,SEYFX2300501,i am the surprise - your enemy,
79805,142.5,,Indie Dance,Electronic Emergencies,2023-06-05,NLF6Z2300007,fetishista kommunista (toilet remix by vive la fete) - macho diva,
79864,125.2,,"",,,QZK6K2313438,very - strange flesh,
79890,120.9,,Indie Dance,Sacred Bones Records,2023-09-15,US5NR2333001,contortion - sextile,
79936,,,Electro (Classic / Detroit / Modern),GESTALT.PROMO,2023-06-16,GBKQU2356150,good - any act,
79937,121,,Trap / Future Bass,Orangle Records,2025-04-11,FRX872361693,bez gruntu - bez gruntu,
79938,129.9,,"",,,QZMHK2326663,80's bitch - adriano canzian,
79940,128,,Electronica,Sector Industrial / EMPIRE,2023-06-02,NOGVY2501090,out there - hooverlordz,
79941,,,"",,,RUA1D2367229,genki desu - hsaa!,
79942,136,,Electro (Classic / Detroit / Modern),Clone West Coast Series,2023-06-16,NLL562301583,lfo brain - prz,
79944,90,,"",,,DEEX20602255,die or suffer - echo west,
80247,140,,Techno (Raw / Deep / Hypnotic),Mind Medizin Records,2025-09-26,QMFME2515373,sexy rhythms (linear system remix) - theo nasa,
80249,142,,Techno (Raw / Deep / Hypnotic),Agora Records,2025-10-03,FRR642501311,capture - kuss,
80285,95.5,,"",,,USBN29800993,superwoman (where were you when i needed you) (remastered) - noel pointer,
80286,109,3B,R&B,UNI/MOTOWN,2018-12-14,,all night long (all night) - lionel richie,
80287,101.8,,House,Strut,2014-11-03,ZA56E1517703,heaven - ebo taylor,
80288,95.2,,African,Little Lagos Records,2025-08-15,QZHN42672380,sawale - cardinal rex jim lawson,
80289,107.2,,Nu Disco / Disco,Concert Live,2014-11-24,USAR10301288,trick me - kelis,
80290,95.5,,Pop,London Music Stream/Because Music,2017-12-15,GBAAP2100066,lush life (remastered) - sugababes,
80291,,,Pop,Def Jam Recordings,2005-08-12,USUM70501130,if it's lovin' that you want (album version) - rihanna,
80292,110,,African,Empire Mates Entertainment Ltd.,2011-06-12,FR96X1788602,don't dull - wizkid,
80293,119.9,,Trap / Future Bass,Universal Music AS,2020-04-03,QMB622502007,cocoa body - halima,
80294,85.1,,"",,,QMB622502010,november like u - halima,
80295,140.2,,Pop,Golden Angel/ Interscope Records,2025-08-08,USUG12504965,girlie-pop! - amaarae,
80296,135.3,,Trap / Future Bass,Universal Music AS,2020-04-03,QMB622502004,oops - halima,
80297,100,,Trap / Future Bass,Universal Music AS,2020-04-03,QMB622502003,eau de vie - halima,
80371,,,Ambient / Experimental,Signature,2026-05-01,GBZSD2500042,pigeon luncheon - calibre,
80410,132,,Bass / Club,Moveltraxx,2022-08-11,FR6V81150556,rude boy giddy up - dj tameil,
80447,79.6,,Pop,Parlophone UK,2004-09-20,GBAYE7400157,90% of me is you - gwen mccrae,
80628,129.9,,Minimal / Deep Tech,Sweatrz Records,2023-10-27,AUXN22386568,mi scusi - stacie fields,
80637,,,Electronica,Kai Whiston,2026-07-09,QM6P42619637,spill for the bleed - kai whiston,
80638,153.3,,Indie Dance,Soul Jazz Records,2024-05-10,GBYFG1100042,20 jazz funk greats - throbbing gristle,
80639,63.1,,Electronica,Warp Records,2001-10-22,GBBPW0100155,father - aphex twin,
80640,,,"",,,USA2Z1900917,you can bury me in the east - mamaleek,
80641,,,"",,,USPKE1810045,flutter - quin kirchner,
80642,133,,African,Nonesuch,2006-03-07,USNO17506302,"aluar horns (zaire border, uganda) - nonesuch explorer series",
80643,,,Hip-Hop,Warner Records,2020-07-24,USWB11902759,74 - earl sweatshirt,
80644,,,Electro|Jazz,,,USFHC2102005,short fuse - ras moshe burnett & dafna naphtali,
80645,136.5,,Rock,Sub Pop Records,2009-11-03,USSUB0983402,floyd the barber - nirvana,
80646,,,Electro,,,GBHQZ2200001,cornet lament - cosey fanni tutti,
80647,93,,Electronica,Tri Angle (NA),2013-11-19,GBCW31300115,mildew swoosh - fis,
80648,104.3,,Alternative,GMM Music Public Company Limited,2025-02-01,GBTFC1700021,paper hats - this heat,
80649,,,Electro,Quindi Records,2026-01-23,FR10S2210999,kläranlagengesang 1 - läuten der seele,
80650,,,Films/Jeux vidéo|Musiques de films,,,QMB622301524,invasion - bobby krlic,
80651,,,Electronica,Smalltown Supersound,2021-03-26,NOSTS2175070,"untitled 7 - pavel milyakov, bendik giske",
80652,83.3,,Electronica,Maloca,2023-10-06,DEG932303265,knee dip - hihats in trees,
80653,,,Electronica,PAN,2017-11-10,DEX261700374,privileged lord - m.e.s.h.,
80654,,,Alternative,,,UK8DN1400019,forces of oppression - the pop group,
80655,128.6,,Pop,HEROES Music Fund,2026-02-27,GBBBM7800012,fat mama kick - the walker brothers,
80656,,,Electronica,Tri Angle (NA),2014-04-29,GBCW31400122,great god pan - sd laika,
80657,92.3,,Electronica,Kai Whiston,2026-07-09,QM6N22620822,retch'd - kai whiston,
80668,122,2A,Dance / Pop,Touch Entertainment,2025-10-08,USLD91783895,"no wonder (yoruba soul radio edit) - peven everett, tony touch",
80722,,,"",,,GXJBJ2576140,make me wise - e l u c i d,
80756,99.5,,Pop,A&M,2025-11-14,USGR10400978,casa forte - sergio mendes & brasil '66,
80951,138.1,,Techno (Raw / Deep / Hypnotic),Wangan Club,2026-01-17,QZG2X2600146,antiqua - franco rossi,
81017,121,2A,House,Alleviated Records,2026-04-24,US4G92500687,when you need me - mr. fingers featuring brianna,
81043,133,7A,Electronica,Faitiche,2019-09-06,DELA21900294,description of rain (over frisland) - andrew pekler,
81212,125,4A,House,Strictly Rhythm,2019-12-13,USSR39752801,free (m&s philly klub mix) - ultra naté,
81214,94,3A,Afro House,NO ART,2025-08-29,GBKQU2579705,"too much - bontan, bantu, dr. chaii",
81216,124,11A,Afro House,Black Book Records,2024-11-01,USBBR2400029,"percolator (bontan remix) - green velvet, bontan",
81319,128,11B,Electronica,ADA Korea,2023-01-24,KRMIM2305154,soju - reels ranger,
81503,95.2,,"",,,AUHYZ1900004,all is bliss - i.a.o.,
81520,88.7,,Pop,A&M,2021-03-11,USSM11506103,"making love (7"" version) - herbie hancock",
81582,125,10A,Deep House,Southern Fried Records,2016-09-23,GBEFR1608802,let the drums speak (butch remix) (butch remix) - mighty dub katz,
81738,123,7A,Melodic House & Techno,Crammed,2025-07-23,BE6F52500030,catfishy - los pulpitos,
81837,70,7A,Electronica,Late Night Tales,2015-09-11,FRZ035800010,"générique (bande originale du film ""ascenseur pour l'échafaud"") - miles davis",
81946,128,8A,Tech House,MicroHertz,2019-03-08,GBJX33719023,waisted (album mix) - archie hamilton,
81948,126,8A,House,Henry Street Music,2014-10-06,NLML68000306,the bomb! (these sounds fall into my mind) (armand van helden re-edit) - the bucketheads,
82009,145,,Dance / Pop,Customized Culture Recordings,2024-01-26,DE1QW2517664,now that's what i call techno!!! - dj hörde,
82011,144,6A,Electronica,BCCO,2025-09-05,NLCK42513845,"certified two-stepper - lucas boston, bcco",
82012,144,2B,Techno (Peak Time / Driving),We Are The Brave,2023-02-17,DEG932204668,naughty pleasure - rudosa,
82013,147,3A,Techno (Peak Time / Driving),ARONA RECORDS,2024-02-08,QZH5E2330514,chasm - ntbr,
82014,145,4B,Trance (Main Floor),KTK Records,2023-06-20,FRDX62306190,run - vizionn,
82015,147,11A,Psy-Trance,MISGUIDED LABEL,2026-03-06,NL9WP2500010,relax your soul - ktk,
82023,127,12A,House,Cecille,2025-02-14,GBKQU2507180,we luv - nick curly,
82052,136,11B,Techno (Peak Time / Driving),PoleGroup,2021-01-08,NLCK41079758,tormenta - oscar mulero,
82312,127,7A,House,Heist Recordings,2024-09-06,NLYV52400045,touch me again - dam swindle,
82380,128,5A,House,Yellow Productions,1998-02-15,FR6V89802984,disco 2000 selector - bob sinclar,
82392,126,6A,Deep House,Gettraum,2024-09-06,DEH742429040,"sunday loop (traumer stripped down) - dj deep, traumer",
82393,127,12A,House,Dennis Quin,2023-06-22,GBKQU2340336,odessey (extended mix) - dennis quin,
82394,126,11B,House,REK'D,2024-10-04,GBLTF2400125,it's just a dub - st. david,
82395,128,6A,House,COD3 QR,2024-09-13,NLZ9U2400029,they just talkin' - jay robinson,
82396,123,6A,Deep House,GLBDOM,2023-07-07,GBKQU2354408,roots - manuold,
82397,124,10A,House,Go 4 Music,2016-03-25,FRU541600192,on & on - alex gopher,
82398,130,4A,Dance / Pop,Engelwood,2024-09-27,QM24S2405030,get it poppin' - engelwood,
82512,102,2A,R&B,Virgin Records,2022-10-07,USVI29800038,go deep (masters at work thunder mix) - janet jackson,
82525,127,9A,Rock,Rhino/Warner Records,2026-03-06,USRH12504507,sugar on my tongue (cbs/columbia demo) - talking heads,
82526,130,4B,Hip-Hop,Epic/Freebandz,2020-04-15,USSM12001863,inside the mattress - future,
82527,,,Hip-Hop,Hitmaker Music Group,2024-12-05,FR5R00905165,make it clap - fat trel,
82528,135,7A,Hip-Hop,Runway Records / 10K Projects,2026-06-19,QZJ842603429,everglades - aziedoesntexist,
82529,139,,"",,,BECM12100003,when love is gone - emotive response,
82530,70,2B,Indie Dance,Pack Records,2026-07-01,QT3FA2592478,dog tag freestyle - bassvictim,
82531,126,11A,Hip-Hop,Epic/Freebandz,2019-10-27,USSM11913494,codeine crazy - future,
82533,155,5A,Dance / Pop,Virgin,2023-09-29,DEUM72310899,dünne linien (fein und grau) - butschi,
82534,155,5A,Electronica,TETE VIDE,2024-08-07,QZS662437145,fading in delusion - butschi,
82535,78,6A,Hip-Hop,Lizzy Records / Fimiguerrero,2026-06-17,QZJ842607384,me again - fimiguerrero,
82626,129,9A,Rock,Cherry Red Records,2022-08-26,GBBLY8100167,choices - thomas leer,
82698,128,10A,House,Defected,2020-07-17,GBARL2000800,"live without your love (mark broom remix) - love regenerator, steve lacy",
82721,123,10B,Deep House,Classic Music Company,2025-04-04,GBCPZ2524298,"y'all need jesus (extended mix) - coflo, mama stacey",
82885,128,2A,House,Wall Of Sound,2010-05-02,GBENL0900210,love you to life (mala / digital mystikz remix) - grace jones,
82897,140,3A,140 / Deep Dubstep / Grime,Tempa,2008-01-21,GBQGW0800109,shake-it - skream,
82929,136,12A,Techno (Raw / Deep / Hypnotic),Somov Records,2023-09-29,QZNWW2113481,spirit - ignez,
82935,130,9A,Techno (Raw / Deep / Hypnotic),Mental Disorder,2013-06-17,NLCK41021092,day after 5 - reeko,
82968,128,7A,Breaks / Breakbeat / UK Bass,Conducta,2025-03-05,GX3Q92509071,handle with care - conducta,
82977,120,9B,Trap / Future Bass,A&M,2019-07-19,USUM71913063,we got a love thang (silky house thang) - cece peniston,
82979,124,6A,Dance / Pop,Strictly Rhythm,2017-07-05,GBDVG0968301,love & happiness (yemaya y ochùn) (feat india) (david penn vocal mix) - river ocean,
82980,126,12A,House,Defected,2008-07-14,GBCPZ1711864,need you now (sergio flores remix) - soul central,
82981,123,1B,House,Grand Music,2019-06-14,ITC942310658,makes me love you remixes (morning star mix) - eclipse,
83217,123,12B,Indie Dance,Future Romance,2025-12-05,DEH742532340,sometimes i wish - snyl,
83431,123.5,,"",,,ES5051630055,oh! superman (disco spacer mix) - marcello giordani,
83555,109.5,,Bass House,Alphabeat Records,2020-10-13,GBUQH2200102,martin street special - nkono teles,
83592,87.4,,Progressive House,Muzenga Records,2022-04-29,CA21O1100035,green mountain beauties - kool music,
83642,93.6,,Mainstage,TRXX,2015-11-23,GBMEF2502721,kazanchis - zena,
83713,100,5B,Electronica,Deconstruction/Concrete,1999-03-12,GBARS9800149,dirge - death in vegas,
83757,110,7A,Deep House,URS,2014-06-16,DEY470931328,nani - mira (berlin) & christopher schwarzwalder,
83764,119,11B,Indie Dance,Laut & Luise,2023-01-27,DEU672300128,low high (jonathan kaspar remix) - afar,
83813,75,3A,Caribbean,Promised Land Recordings,2019-03-14,GBARL1900692,toast - original koffee,
83822,79,12B,Pop,Capitol Records,1993-09-27,USCA29300477,fade into you (edit) - mazzy star,
83843,122,12A,Electronica,Pschent Music,2004-12-06,FRR640790077,café de flore - doctor rockit,
84057,163.9,,"",,,USUM70608687,summer in the city - quincy jones,
84061,109,7A,Nu Disco / Disco,Strut,2009-07-28,DEG930990106,you need a change of mind - brooklyn express,
84093,,,Rock,Roc Nation / Roc Nation Artists - Caroline,2018-02-09,USMC10345795,for some we loved - dorothy ashby,
84212,90,,"",,,QZ5FN2238920,anything you want - acopia,
84246,,,Electronica,NLV Records,2021-11-23,GBLFP2313105,day place - lovefear,
84269,100,4B,R&B,Late Night Tales,2014-11-03,USCA28500028,fool's paradise - meli'sa morgan,
84300,95,2A,Hip-Hop,Virgin Catalogue,2003-03-01,GBAAA9901499,don't you ever (try to change me) - loose ends,
84399,150,7B,Caribbean,Moods International Records,2019-10-18,JMJ901900002,"baby i've been missing you - bunny maloney, mudies all stars",
84400,130,,"",,,GBCMZ0800018,ooh baby baby - sonia,
84401,83,8B,Caribbean,VP Records,2018-02-09,USVPR9505061,heaven - sharon forrester,
84403,134,,"",,,GBVVQ1100274,all time low - peter hunnigale,
84404,,,"",,,GB5KW2101665,what's your mouse (baby be true version) - pete weston,
84405,87,7B,Caribbean,VP Records,2016-06-03,USVPR0006476,for the love of you - barry biggs,
84406,91,,"",,,JPR221300044,candy - derrick harriott,
84408,72,10B,Caribbean,Columbia/Legacy,1999-05-01,USA560702541,don't let the sun catch you crying - peter tosh,
84412,80,9B,Caribbean,VP Records,2017-02-10,USVPR1601022,better than the stars - christopher martin,
84413,81,,Pop,SRC Records/Universal Records,2008-04-21,US4R30730997,be with you - tami chynn,
84414,134.3,,Hip-Hop,Coyote Records,2019-01-18,TCAHC2371080,crazy for your loving - webster james linton,
84440,102.5,,"",,,NL4BJ2100004,time is on our side (edit) - mad honey & another taste,
84490,95,7A,Pop,Universal Music Ltda.,2020-09-17,BREMI9700261,speed racer - fernanda abreu,
84524,94,5A,Electronica,Ninja Tune,2026-07-15,GBCFB2500597,overchord - actress,
84528,140,6A,Bass House,Chaos,2024-11-08,CBEFB2603812,u know - notion,
84657,140,10A,Brazilian Funk,Shake Music,2025-12-18,BCZLO2500001,rebola - laza,
84752,125,3A,House,Freeze Records,2022-07-29,USMKQ2200039,here we go again (extended mix) - todd terry,
84877,98,11B,Ambient / Experimental,Finn Streuper,2026-01-21,NL8D32500001,what it's like to be a bat 1 - finn streuper,
85051,136,9B,Breaks / Breakbeat / UK Bass,Suburban Base Records,2014-04-27,GBDLM1300316,i get high (munchies mix) - austin,
85057,162,1A,Hard Dance / Hardcore / Neo Rave,Slammin' Vinyl,2021-04-16,UKZ6W2002010,"don't need your love - dj red alert, mike slammer",
85074,85,8A,Drum & Bass,V Recordings,2019-07-26,GBCEQ1400109,trouble - scorpio,
85091,126,9A,House,CWPT,2021-09-17,GBJX32162106,"body fidelity (percussapella mix) - rog'e, tanya stevens",
85101,124.9,,"",,,DEZ650806607,"hiya kaya (rocco deep mix) - kentphonik, khensy",
85105,130,1A,Bass / Club,FABRICLIVE.,2025-08-19,GBEXH2500115,"wicked - jeremiah asiamah, yung saber",
85151,124,1A,Indie Dance,Slacker 85,2026-04-24,QM6MZ2618212,stranger to your kind (ddwy remix) - addy weitzman,
85159,136,4A,Tech House,Nervous Horizon,2026-03-19,UKA9G1700403,kataklisma - tsvi,
85230,122,2A,Electronica,Polarized Future,2024-07-08,GBQLP2400350,painless county - yogg,
85244,159,6A,Melodic House & Techno,Augmented Research,2024-05-20,NLZ8C2400317,riparian zone - raär,
85361,73,12B,Bass / Club,Nervous Horizon,2023-05-09,UKA9G1700095,janoob - toumba,
85605,130,8A,House,Soulfuric Trax,2026-03-20,GBCPZ2625096,another night (extended mix) - ruze,
85624,131,12B,R&B,Warner Strategic Marketing,2016-11-12,USSM10112184,only the strong survive - billy paul,
85630,126,12B,Bass / Club,CoOp Presents,2025-10-24,GBMCZ0602138,medulla oblongta (izco remix) - lcsm (likwid continual space motion),
85694,125,1A,House,Nu Groove Records,2024-02-23,GBCPZ2322670,"crew thing - steve bug, cle",
85743,125,11A,Tech House,Warp Records,1990-10-08,GBBPW9000020,aftermath - nightmares on wax,
85745,126,10B,Electronica,[PIAS] Le Label,2019-04-12,BEP010491382,radio babylon - meat beat manifesto,
85800,140,8A,Bass / Club,International Chrome,2024-04-26,NLCK42405405,dembowzer - morelia,
85883,135,9A,Breaks / Breakbeat / UK Bass,Faux Poly,2025-09-12,DEG932503954,ugot - roaming data,
85947,160,10A,Hard Techno,Kniteforce Records,2016-10-25,GBKQU1688957,swift half (dj vibes & wishdokta remix remastered) - future primitive,
85972,,,"",,,GB45A2500189,we're not free - ego ella may,
85973,84,1A,R&B,Sanctuary Records,2026-01-28,GBAJE7300344,sexy mama - the moments,
85974,151.3,,"",,,BRSGL0400073,lorraine - jorge ben jor,
85975,135,4B,Electronica,Malicious Damage,2015-02-16,GBCEJ1200268,golden clouds - the orb,
85976,88.9,,"",,,USHM20504875,the way i want to touch you - carmen rodgers,
85977,113,,"",,,BR19C1300205,pôxa - os mutreteiros grilados,
85979,94.5,,"",,,UKMEH2200245,s.i.t.l. - sault,
85980,96.6,,"",,,DEZC62128176,ain't it funny - jaki whitren,
85981,,,"",,,GBBLY2202976,vesta - synanthesia,
85991,120,11A,Nu Disco / Disco,Fulltime Production,2022-10-07,ITC899000025,i need love - kano,
85997,142,5A,Latin Electronic,TraTraTrax,2024-07-05,COAB11900196,pika 2 - doctor jeep,
86010,127,7A,Deep House,You&Me Records,2025-11-28,US39N2548889,subsonic - josh baker,
86029,158,3A,140 / Deep Dubstep / Grime,First Second Label,2021-10-22,IEBAE2100130,step mode - glimmerman,
86115,92,8A,Electronica,Pole Records,2011-09-30,DEPD61100402,fragen - pole,
86116,112,7B,Dance / Pop,Blank Forms Editions,2023-07-28,QZUBX2200406,eraser - 7038634357,
86117,105,9B,Electronica,MOSZ,2005-08-23,USI4R0505964,1407 - peter rehberg,
86118,97,10A,Rock,Night School,2026-05-08,GBCK42610302,mincing while the maelstrom churns - guttersnipe,
86119,130,12A,Electronica,SVBKVLT,2023-03-24,GBHLW2300654,harvest - mmph,
86120,79.2,,"",,,UKESW1600038,liquid stone - isabassi,
86122,,,"",,,USDY42599482,ronroneo - atosigado,
86285,129,7A,Downtempo,Disco Gecko Recordings,2026-02-06,GBAZF9500044,kincajou - banco de gaia,
86331,139,6A,Techno (Raw / Deep / Hypnotic),Hardgroove,2025-08-15,NLMH62500010,only 909 - harvey mckay,
86371,99,6B,Deep House,In Dust We Trust,2022-07-22,FRX202230936,soft focus - jon sable,
86409,112.1,,"",,,BRBMG7400225,filhos de zambi - trio ternura,
86499,116,8A,Deep House,Frame of Mind,2019-12-20,NLTH61700107,heartbreaker - nemesis,
87061,77,7B,Trap / Future Bass,Aftermath,2013-04-02,USUM71210777,backseat freestyle - kendrick lamar,
87394,103.9,,"",,,QM4TW2436340,baby with a halo - ura,
87395,113,5A,Electronica,The Something Something,2023-06-16,NLCK42232091,drowning guitar (original) - shoal,
87396,91,2A,Electronica,Lapsus,2022-12-08,DEG932203755,storm mother - lord of the isles,
87397,80,2B,Ambient / Experimental,YEAR0001,2024-12-06,SE5AJ2202386,where do we go (malibu remix) - eurohead,
87398,96,3A,Ambient / Experimental,Peak Oil,2025-06-06,QM6MZ2588934,yoke - purelink,
87399,119,4A,Electronica,co:clear,2024-06-14,QZFP52411906,stone - box5ive,
87400,112,11B,Electronica,Sumac,2024-02-16,USYBL2302229,jk - lavurn,
87401,88,1B,Downtempo,UVB-76 Music,2024-06-28,GBKQU2513696,slow-wave - lucid dreams,
87402,146,8A,Ambient / Experimental,A Colourful Storm,2024-12-13,DECY52401427,a ghost again - valentina magaletti,
87403,157,5A,Dance / Pop,Soave Records,2024-10-25,ITR932300220,embryonic - roberto musci,
87404,,,"",,,DEX262100233,logical (2021 remaster) - shuttle358,
87405,78,12B,Dance / Pop,Soave Records,2024-10-25,ITR932300219,the principle of things - roberto musci,
87406,,,"",,,QMFME2171997,lhite - ishq,
87407,120,,"",,,DGA072516576,xmas rec - ugne&maria,
87410,120,6A,Electronica,Nowadays Records,2024-09-06,FR0Z42400280,diggedy - oogo,
87511,160,8A,Electronica,Big Crown Records,2020-11-13,QZ2L61900069,champion - liam bailey,
87542,111,9B,Electro (Classic / Detroit / Modern),Pineapple Records (UK),2026-04-17,CA5KR2643842,nutriko - hlrty,
87568,87,8A,Drum & Bass,Shogun Audio,2026-05-15,GBPWR2600011,snakes & ladders - gardna,
87675,135,9A,Trap / Future Bass,idontcare,2026-04-15,BXQTE2600002,soca - idontcare,
87860,138,12B,Hip-Hop,Roc Nation / IDJ,2010-11-22,USDJ29905922,big pimpin' - jaÿ-z,
87877,151,12A,Hip-Hop,Virgin Records FR LAS (S&D),2025-10-30,FR9W12535825,mon bébé (free kitty version) - theodora,
87981,129.9,,"",,,BKVPA2600001,vita's house - vita,
88008,143,6A,Bass / Club,Pretty Weird,2026-02-20,QM4TW2663681,cookie cutter - chloé robinson,
88014,74,11A,Bass / Club,Pineapple Records (UK),2026-04-17,CA5KR2642849,slingshooters - hlrty,
88025,122,6A,Electronica,Idle Hands,2017-03-31,GB6PV1700005,novemilauno - piezo,
88026,95,4A,Electronica,Unit 137,2022-05-27,GBCM31200075,betty - hylu,
88028,,,"",,,USA2P2104728,the president eats children - equiknoxx,
88029,90,10B,Bass / Club,Nervous Horizon,2023-10-27,UKA9G1700217,psyspi (ehua remix) - ma sha,
88030,75,11A,Bass / Club,Maloca,2023-12-08,DEG932304267,"velcro interrupt - farsight, le motel",
88031,104,,"",,,NLQ4L2300053,lights out (original mix) - bertram,
88032,98,9A,Breaks / Breakbeat / UK Bass,Pressure Berlin,2018-06-12,GB5P51800076,dagga - miss red,
88033,75,10B,Bass / Club,Maloca,2024-03-12,DEG932400705,"rolling deep - hypna, warrior queen",
88035,125,1A,Bass / Club,Paradoxe Club,2022-02-18,FR9W12116743,loot - le dom,
88036,100,12A,Bass / Club,LOVE IN THE ENDZ,2025-11-12,GXJ8K2558964,"colafles - love in the endz, styn",
88037,100,,"",,,NLZ8C2300115,fractal submission - dual monitor,
88038,156,10A,Bass / Club,Nervous Horizon,2022-04-08,UKA9G1700077,breathe easy - josi devil,
88121,84,12A,Techno (Raw / Deep / Hypnotic),Fantastic Trax,2023-09-08,DEY472377229,don't touch me (while i'm dancing) - lubelski,
88124,136,12A,Techno (Raw / Deep / Hypnotic),Hayes,2026-05-08,NLCK42605728,kazoo (stripped version) - deano (za),
88142,120,12A,Latin,Trampa,2026-02-10,BK4DA2606744,sad girlz luv cumbia - latincore,
88169,138,1A,Bass / Club,Rinse,2025-05-23,GBQGW2500040,tactical dub 1.6 - lu2k,
88171,134,7A,Latin Electronic,PlayTune,2026-03-06,US39N2644234,sweat - lamsi,
88187,150,,Electro,,,QT62W2527609,what that mouth do - dj slugo,
88303,136,5B,Dance / Pop,Technicolour,2026-02-26,GBCFB2500762,i did you wrong - harry hayes,
88315,143,6B,Techno (Raw / Deep / Hypnotic),The Acid Mind Recordings,2025-01-04,US83Z2419567,yahiko - yuuta,
88318,139,1A,Techno (Raw / Deep / Hypnotic),WSNWG - BACK TO ZERO,2024-04-26,DETB32400260,exiting the delusion - ø [phase],
88319,137.9,,"",,,UKU932482441,reality three (909 mix) (909 mix) - bloody mary,
88320,145,1A,Techno (Raw / Deep / Hypnotic),Mutual Rytm,2024-09-06,DEH742428920,enter the danger - exos,
88321,147,10B,Techno (Raw / Deep / Hypnotic),Sys.Ex Records,2024-06-07,DEH742417720,madrigal (disguised remix) - specific objects,
88323,145,9B,Techno (Raw / Deep / Hypnotic),Talismann,2022-08-19,NLM792200094,tanan - talismann,
88326,144,10B,Techno (Raw / Deep / Hypnotic),Tresor Records,2024-10-25,DEF272437106,ruff cut - exos,
88332,140,8A,Techno (Peak Time / Driving),Phuture Wax Records,2015-05-15,DEH740300922,mechanical slavery (eric sneo remix) - tom wax,
88333,146,6A,Hard Techno,Planet X Recordings,2024-07-31,NLCK42412817,attack - exos,
88351,126,11A,Minimal / Deep Tech,range.,2026-01-29,GBKQU2603984,light the candles - sam curran,
88397,126,9B,House,Rekids,2023-10-13,GBLTF2300147,u gotta - nic fanciulli,
88418,98,4A,Nu Disco / Disco,Streetwise Recordings,2017-12-07,QMV7W1500028,rock to rock (instrumental) - citispeak,
88446,123,9B,Nu Disco / Disco,Rare Wiri Records,2025-12-08,UKU932580517,mad mountain - ilya santana,
88448,68,8B,Pop,WM UK,2017-05-19,GBAHT1500178,a nation rejects (remixed by youth) - art of noise,
88450,119.2,,"",,,USCGH0568543,i like (what you're doing to me) (instrumental) - young & company,
88451,128.8,,"",,,GBKQU2324569,french fries (edts) - detlef,
88452,112,4B,Dance / Pop,Salsoul Records,2026-01-28,USSA49410506,falling in love - surface,
88453,113,8A,Nu Disco / Disco,Perpetual,2014-12-19,USGZ21352437,"into the milky way (bobby ""dj"" guttadaro remix) - jimmy briscoe and the beavers",
88454,115.2,,"",,,GBCPZ8912357,apt. 3b - n.y. house'n authority,
88457,68,8B,Pop,WM UK,2017-05-19,GBAHT1700129,a nation rejects (2017 remaster) - art of noise,
88500,143,9B,Techno (Raw / Deep / Hypnotic),X-IZE,2026-03-10,QM4TX2635744,evil therapy (dj dextro remix) - exos,
88636,127,2A,Tech House,Wh0 Plays,2023-12-01,QMFMF2333832,helter skelter - jacq (uk),
88638,130,10A,Dance / Pop,CORE Records,2023-10-20,BE5KW2310062,da whip - afriqua,
88639,128,8B,House,Southern Fried Records,2024-11-08,GBEFR2309299,bus stop please - fatboy slim,
88679,135,9A,Progressive House,FQ Inside Recordings,2006-02-27,DEZ650601344,"tjark ""fulltime"" (original tjark version) - tjark",
88717,104,11B,Downtempo,Hell Yeah Recordings,2023-03-24,ITWXB2372751,super rapido - caramel 3000,
88743,125,4A,Melodic House & Techno,Sheep At Night,2024-03-28,GBEFR2309196,what is love? - layla benitez,
88744,123,7B,Tech House,ULTIMA,2026-05-15,US83Z2628935,ragga - gorgu,
88745,125,7B,Indie Dance,BRAND'ADE CREW,2025-05-24,CH6542537967,canela en el suelo - black accord,
88746,126,7B,Tech House,LOW CEILING,2024-03-15,GBKQU2419739,rudebox - dont blink,
88748,122,12B,Melodic House & Techno,Magician On Duty,2025-02-07,US83Z2426931,drahilius (reyneke remix) - kerosino,
88749,130,7B,Tech House,DistroKid,2025-07-25,,loco - we met offline,
88750,129,4A,Bass House,Confession,2025-08-15,USLD91780959,no matter - marten hørger,
88751,125,7B,Indie Dance,Kinetika Music,2024-02-02,GBKQU2403831,sans vetements (plastic robots remix) - far&high,
88752,129,7B,Tech House,Catch & Release,2025-09-05,,fancy $hit - cid,
88753,128,5A,Bass House,tszr,2025-11-28,US38Y2583907,we like it raw - greg 99,
88754,132,5A,Tech House,DistroKid,2026-02-27,QZK6F2620289,bandz - jay sync,
88755,134,10B,Tech House,Rules Don't Apply,2026-01-30,USUYG1778062,right on time - sven lochenhoer,
88756,128,9B,Indie Dance,Almar,2026-04-24,UKACT2675574,feel the same - kasprii,
88757,128,9B,Techno (Peak Time / Driving),DENSE AUDIO,2023-06-16,GBKQU2343055,try 2 stop me (maksim dark remix) - progroyal,
88758,131,12B,House,10K Projects,2025-08-22,QZJ842503408,"want that (extended mix) - sunday scaries, xkylar",
88759,128,12B,Mainstage,Parlophone (France),2007-05-21,FRZID0700100,"love is gone (amo & navas remix) - david guetta, joachim garraud, chris willis",
88760,129.8,,Dance,,,NLZ542400926,no ecstasy love (extended mix) - marten hørger,
88976,122,6A,Indie Dance,Jane Musica,2026-05-08,GBKQU2634219,smooth & fast - did virgo,
89008,125,6A,Indie Dance,Optimo Music Digital Danceforce,2022-10-07,DEU672201217,antidoto - theus mago & curses,
89051,125,6A,Dance / Pop,Polydor,1991-04-16,USWWW0128376,people are still having sex - latour,
89052,121,2B,Dance / Pop,Warner Bros. Records,2009-01-24,USWB18100020,controversy - prince,
89296,129,2A,Tech House,Higher Ground,2025-11-06,USZ4V2500471,genie - ero808,
89369,122,8B,Melodic House & Techno,Frau Blau,2024-07-05,IL4612400063,zizzy - enamour,
89421,144,2B,Techno (Raw / Deep / Hypnotic),Analogue,2024-04-12,NLCK42403164,ares - dax j,
89473,130,3A,House,PVCLB,2026-02-27,GBKQU2606965,party on - firza,
89555,114,11B,Trance (Raw / Deep / Hypnotic),Flux Collective,2024-12-16,NLCK42420065,infiltration - max duret,
89556,78,4B,Techno (Peak Time / Driving),Useless Seconds,2024-12-18,FRDX62409390,pressure - a strange wedding,
89638,123,10B,Ambient / Experimental,Warp Records,2025-10-03,GBBPW2502082,grand prix - nala sinephro,
89660,122,10B,Bass / Club,Black Major x Ice Drop,2025-11-14,US23A8925759,ngyasindelwa - dj lag,
89843,132,5A,Bass / Club,ec2a,2025-12-12,UKW3Z2504336,right now - trustee,
89971,98,8A,Latin,PLAYLIZT,2025-04-01,PEIF21101010,sonido amazónico - los mirlos,
90000,111,11A,Dance / Pop,Top Notch Music BV,2025-03-27,NLG662500121,energy boost - de schuurman,
90002,125,2B,Minimal / Deep Tech,Fuse London,2015-08-17,UK6GD1400035,mind blank - archie hamilton,
90013,99.9,,"",,,QM4TX2681994,pilates - ms nina,
90060,95,7A,Latin,Roc Nation Distribution LLC,2025-03-12,QZTLA2512369,mamazota - arlene mc,
90172,132,4B,Techno (Peak Time / Driving),KOSMOS,2026-01-16,NLF712602484,relaxation method - diego straube,
90284,130,5A,Techno (Raw / Deep / Hypnotic),ISOTOOP,2025-03-04,NL9SG2400001,futureshock - vand,
90285,135,12B,Techno (Raw / Deep / Hypnotic),Non Series,2024-10-18,BEN582400341,fear of sleep (edit) - psyk,
90286,68,8B,Techno (Raw / Deep / Hypnotic),Non Series,2024-10-18,BEN582400342,become nothing - psyk,
90287,128,12B,Techno (Raw / Deep / Hypnotic),Token,2022-10-14,BEN582200365,ascension chain - mike parker,
90288,129,8A,Techno (Raw / Deep / Hypnotic),012,2025-01-10,UKWNM2400011,hydrozoa - claudio prc & andrea cossu,
90289,68,11A,Techno (Raw / Deep / Hypnotic),KR3 records,2024-03-11,NLCK42401648,will all be done (psyk remix) - jk flesh,
90290,137,5B,Techno (Peak Time / Driving),Basic Beat,2015-04-20,NLDB91500151,indicate - jeroen search,
90291,110,12A,Techno (Peak Time / Driving),Basic Beat,2015-04-20,NLDB91500154,magnets - jeroen search,
90292,137,,"",,,NLTF62000015,the key design - counterpart,
90294,130,,"",,,NLCK42504551,"enigma - feral, luigi tozzi",
90295,134,8B,Techno (Raw / Deep / Hypnotic),Non Series,2025-02-28,BEN582400866,reluct - translate,
90296,140,,"",,,NLCK42503050,the impact - mathys lenne,
90297,134,1A,Techno (Raw / Deep / Hypnotic),Non Series,2025-02-28,BEN582500009,electron cascade - translate,
90298,138,4B,Techno (Raw / Deep / Hypnotic),Phyr Records,2024-09-06,NLCK42407564,decálogo - irazu,
90299,137,3A,Techno (Raw / Deep / Hypnotic),Amotik,2024-07-26,NLCK42410526,inverted - orbe,
90301,137,9B,Techno (Raw / Deep / Hypnotic),Knowledge Imprint,2024-10-22,NLCK42416600,"dft001a3 (quelza remix) - deano (za), faretrade",
90302,134,2A,Techno (Raw / Deep / Hypnotic),K S R,2023-04-07,NLCK42225030,resin - border one,
90303,137,6A,Techno (Raw / Deep / Hypnotic),K S R,2023-04-07,NLCK42225034,inflection - aiken,
90304,139,7B,Techno (Raw / Deep / Hypnotic),Warm Up Recordings,2024-07-12,NLCK42410507,"orange body, green legs - oscar mulero",
90305,137,9A,Techno (Raw / Deep / Hypnotic),Mord,2025-04-25,NLCK42505548,"at6 - amorphic, tensal",
90363,132,,"",,,GBCMQ2500698,teonanacatl - rosa pistola,
90375,117.7,,"",,,GX8JJ2200003,shurooq - toumba,
90625,139.9,,"",,,FRR642601551,bububbleble - boukan records,
90639,100,10B,Caribbean,TJ  Records,2018-11-02,USA2P1406003,wine & kotch - charly black featuring j capri,
90675,133,,"",,,FRP7S2600012,piquizin - lorkestra,
90837,140,3A,Ambient / Experimental,AD 93,2025-03-21,DEG932406942,sickle walk - yhwh nailgun,
90907,108,12A,Electronica,Peak Oil,2026-04-10,QM4TX2628710,after the cyclone - hoavi,
90978,100,1B,Latin Electronic,Club Romantico,2026-04-30,USZ4V2600138,duro - safety trance,
91009,128,6A,Minimal / Deep Tech,Conceptual,2020-08-24,US83Z2027989,disconnect - zuckre,
91020,,,"",,,QM6MZ1970814,long water - wilson tanner,
91096,106,3B,Hip-Hop,EMI Catalogue,2005-12-05,GBAAA9901519,gonna make you mine - loose ends,
91173,144,2B,Minimal / Deep Tech,Sine Wave Records,2026-03-19,USYBL2600593,lush - jwords,
91192,100.1,,Electro|Reggae|Dub,,,FR5R02600418,the swap - froid dub,
91402,113,1A,Breaks / Breakbeat / UK Bass,DIRTYBIRD,2023-02-10,USUYG1466466,"af rex - danny goliger, choopsie",
91448,62.9,,"",,,QMRTJ1800158,split in di middle - freezy,
91563,126,9A,Breaks / Breakbeat / UK Bass,Text Records,2012-08-20,GBXNG1190001,pinnacles - four tet,
91600,127,4B,Melodic House & Techno,NEWORLD,2024-11-01,US38Y2424318,ritmo - argy,
91708,128,6B,Tech House,STEREOHYPE,2026-03-20,US39N2639165,freaky (extended mix) - tita lau,
91712,128,9A,Tech House,FUNKiMAN,2024-03-28,GBKQU2419014,"dc ten thousand dreams (extended mix) - sem jacobs, tagmann",
91721,130,11A,House,Momentum New York,2026-02-13,CH6542620419,step to - malcolm zeller,
91750,135,5A,Techno (Peak Time / Driving),PoleGroup,2021-01-08,NLCK41079760,gradiente de voltaje - oscar mulero,
91825,130,8A,Techno (Peak Time / Driving),Faut Section,2020-10-26,NLCK41075358,bending the arm (original mix) - michel lauriola,
92014,,,"",,,USUG12506174,yukon - justin bieber,
92058,87,11A,Drum & Bass,Crate Classics,2026-04-30,GB8KE2607581,rudeboy sound (dj hype & heist remix) - crate classics,
92174,90,7B,Electronica,Sacred Bones Records,2026-04-28,US5NR2638207,deception dance - gigi masin,
92175,83,2B,Pop,True Panther Records/Capitol Records,2025-11-07,USUM72511228,avalanche - grace ives,
92176,,,"",,,QT6HJ2506727,monk - honey,
92178,,,"",,,QM3862420002,black - la peste,
92180,91.1,,"",,,QMDA71402715,dead sea - institute,
92181,,,Alternative|Rock indé,,,CAI371011295,bureaucrat - institute,
92182,92.2,,Alternative|Rock|Rock Indé/Pop Rock,,,TCABO1310764,pigman - subhumans,
92183,86.4,,Alternative|Rock,,,QM8QH1600417,waterfall - the fresh & onlys,
92184,82.5,,Pop|Pop indé/Folk|Singer & Songwriter,,,GBBWX1100074,one time thing (2011 remaster) - michael chapman,
92185,164,10A,Pop,Exploding In Sound Records,2019-10-03,USA2B1902638,adeleine - water from your eyes,
92186,140,6B,Dance / Pop,4AD,2014-03-17,GBAFL1300206,seasons (waiting on you) - future islands,
92187,140,5B,Dance / Pop,4AD,2014-03-24,GBAFL1300208,spirit - future islands,
92208,133,1A,Progressive House,On Loop,2025-10-30,QMFME2585175,"here, everywhere - zaltsman",
92286,67,12B,Nu Disco / Disco,International Anthem,2020-07-31,QM84B2022007,isms - makaya mccraven,
92287,122.5,,"",,,CAK472101508,slow drag - georgia anne muldrow,
92288,122,5B,Electronica,Faitiche,2001-01-01,DELA21100115,"they, them - jan jelinek",
92289,75,9A,Techno (Peak Time / Driving),Music Man Records,2012-09-17,NLHD81200012,slow motion katrina - robert hood,
92290,127,10B,Electronica,10k,2023-10-31,GB5952300404,if u let me - dj blackpower,
92291,160,3A,Trap / Future Bass,Sub Pop Records,2020-04-17,USSUB1933502,ad ventures - shabazz palaces,
92292,85.8,,"",,,BEIX82200250,battling dust - voice actor,
92294,95,4A,Electronica,Blue Note Records,2014-08-27,USBN28900107,harlem river drive - bobbi humphrey,
92295,68,12A,R&B,drink sum wtr,2023-08-25,QMB622300563,de la soul - gareth donkin,
92297,115,4A,Afro House,7Wallace,2026-04-01,QM4TX2698271,can we make it real - manny norté,
92298,125,7A,House,Vega Records,2015-02-23,US4DK0401052,berimbau (original mix) - elements of life,
92299,118,1B,House,Kryptox,2023-06-09,DEBY41700190,we got the power (emma-jean thackray remix) - joel holmes,
92300,122,8A,Dance / Pop,Dome Records,2009-10-05,GBHEA0300019,the principles of love (incognito remix) - incognito,
92301,124,4B,Electronica,Peppermint Jam Records,2024-06-27,DEP082300013,dangerous vibes (emmaculate remix) - ferry ultra,
92386,140,5B,Electronica,UMC (Universal Music Catalogue),2017-09-29,UK7EF1600003,jumbo (remastered 2016) - underworld,
92475,117,5A,Deep House,Faces Records,2010-04-27,DEZ651000931,raw cuts #6 - motor city drum ensemble & danilo plessow,
92511,99,11B,Deep House,Alleviated Records,1994-03-01,US4G90400259,summertime breeze - larry heard,
92521,216,9A,Dance / Pop,Our Starry Universe,2022-04-22,USA2P2211539,"at one (mother oak's reprise) - dan wainwright, elle redding",
92525,,,"",,,UKACT2031007,the lake (ambient reprise) (ambient reprise) - john beltran,
92840,67,4B,Techno (Raw / Deep / Hypnotic),Trip Recordings,2021-12-01,GBLFT1740038,700 - deniro,
92895,150,6A,Trap / Future Bass,Silk + Steel,2025-07-02,FRX282568906,crocodile - manni dee,
92941,122,4A,House,Nervous Records,2012-12-04,USC8T1000052,monitor (mkl vs. bgss rework) - adultnapper,
93009,123,9A,Deep House,Phonogramme,2023-11-06,FRIDO2314262,ancient technology - abacus,
93027,140,9A,Trance (Main Floor),541,2018-01-26,BEN581200373,i am free - the mackenzie,
93148,130,2B,Tech House,Paul's Boutique,2026-05-22,ITLAQ2600173,twisted twinkle (original mix) - paolo martini,
93157,128,1A,Minimal / Deep Tech,HIGH CEILINGS,2025-05-23,GBKQU2536138,seguimos - toman,
93180,140,4A,Techno (Peak Time / Driving),Step Rec.,2023-10-13,PLE072354601,it's gotta be funky - edvvin,
93315,142,,"",,,IETLY2100036,don't play - dj swisherman,
93316,124,3A,Tech House,Variety Music,2022-09-23,DEW872004954,mai (original mix) - saul antolin,
93317,128,2A,Minimal / Deep Tech,With Love Records,2023-05-05,CA5KR2337578,teen teen (original mix) - leon (italy),
93318,130,8B,Minimal / Deep Tech,Great Stuff Talents,2023-12-08,DEW872306734,weakness - jay caesar,
93319,123,4A,Deep House,Glasgow Underground,2018-06-08,GBPQS1800068,quiero samba (original mix) - emery warman,
93320,128,8A,Tech House,EKEI,2023-03-31,CA5KR2332223,not bad (original mix) - jay caesar,
93321,128,12A,Minimal / Deep Tech,Key Records,2021-03-15,DEY472171971,"telling you the truth - prunk, project89",
93322,128,10A,Minimal / Deep Tech,Ultra Knites Records,2023-01-23,GBKQU2306542,moving through life - mike sharon,
93323,133,9A,House,Trick,2024-03-22,GBJX32463011,kick the 909 (extended) - robbie doherty,
93324,128,9A,Mainstage,Perfect Havoc,2022-11-30,UK4ZF2200061,sandstorm (extended mix) - freejak,
93325,128,8A,Tech House,Kebra Recordings,2023-07-07,CA5KR2361289,we trust - movedeck,
93326,125,4B,Minimal / Deep Tech,Surge Recordings,2021-11-12,GBLV62110819,east magnetic - coral o'connor,
93327,128,5B,House,DFTD,2022-03-04,GBCPZ2220624,"back in the dance (extended mix) - darius syrossian, george smeddles",
93328,129,11B,Tech House,Hot Creations,2023-03-24,GBK6Y2320704,supersonic (extended) - joshwa,
93336,142,10B,House,Belters 4U,2025-07-11,GXF5W2500018,"public enemy - 909 racing team, domenik deckert, mike momburg",
93353,138,5A,Techno (Raw / Deep / Hypnotic),Demolate Records,2026-06-19,NLCK42607515,free roam - uväll,
93355,72,3A,Techno (Raw / Deep / Hypnotic),Clergy,2025-01-30,NLCK42500035,investigator - kameliia,
93369,133,3B,Dance / Pop,Jive,2008-12-19,USJI10800838,womanizer - britney spears,
93370,143,8B,R&B,Top Dawg Entertainment/RCA Records,2022-12-09,USRC12301678,snooze (sped up) - sza,
93371,70,8A,140 / Deep Dubstep / Grime,Punch Drunk Records,2018-03-16,GBRYX1000046,mad sax - guido,
93372,150,8B,R&B,"I.G. Records, Inc./Universal Records",2004-07-20,USDJ20400128,southside - lloyd,
93373,148,,Pop,Columbia (Sony),2024-08-09,USSM12501567,new york - addison rae,
93374,164,6A,Drum & Bass,RAVE4EVAR,2021-11-19,QZPKS2100043,dark fours - dev/null,
93375,160,7A,Drum & Bass,Deep Jungle,2022-08-05,GBRD52200257,holding on - dwarde & tim reaper,
93377,,,African,Parlophone Portugal,2022-12-09,PT7EX2000079,não quero saber - mdo (menino de ouro),
93378,123.9,,Deep House,Atlantic Records UK,2021-02-22,USWB10504973,get together - madonna,
93547,85,3A,Hard Dance / Hardcore / Neo Rave,BEAT Music Fund,1992-09-11,NL8FJ2402268,alles naar de klote (wij doen niet mee aan de moduh mix) - euromasters,
93586,111.9,,"",,,QMB622600102,i envy light - will graefe,
93589,,,Rock,Universal Music Australia Pty. Ltd.,2018-10-12,FRX282576865,miffed it - way dynamic,
93770,122,10A,Deep House,4Lux Black,2025-11-21,NLM652500041,tape machine - gerd,
93778,123,7A,Dance / Pop,The Music Hub,2024-06-14,NLSB72400306,"get motivated - lomalo, jstlbby",
93883,152,,Hard Dance / Hardcore / Neo Rave,SHOCKWAVE.AGENCY,2025-06-13,BEE202500089,"what you want - andreasz, luka",
93946,122,5A,Electronica,Warp Records,2024-12-17,GBBPW2401389,"spiral staircase (afx remix) [london 14.09.2019] - aphex twin, luke vibert",
94023,84,4B,R&B,L-M Records/RCA Records,2022-07-15,USRC12201440,bad habit - steve lacy,
94109,,,Latin,Now Again Records,2022-11-11,GBDCR2500110,tema em harmônicos - fabiano do nascimento,
94158,95.3,,Mainstage,DistroKid,2025-05-05,UKMEH2200147,faith - sault,
94174,145,2A,Bass / Club,Faux Poly,2026-04-08,DEG932600411,wetlands - neida,
94175,137,7A,Latin Electronic,TraTraTrax,2026-03-27,COAB11900295,iiii (abismo) - 1oo1o,
94238,95,10A,Bass / Club,OODA,2023-07-07,NLM792300124,kaipo - vardae,
94243,,,Films/Jeux vidéo|Musiques de films,Bomba Dischi,2026-03-15,ITFBO2500528,fatima fuma - iosonouncane,
94244,,,Pop,,,QT4K42558767,nothing matters - undercurrent.,
94245,96,9B,Ambient / Experimental,Lo Recordings,2025-10-03,GBDRC2425304,hagoromo (2025 remaster) - susumu yokota,
94246,122,8B,Ambient / Experimental,International Anthem,2025-08-21,QM84B2153001,"in åland air - jeremiah chiu, marta sofia honer",
94247,,,Electro,Bad Info,2025-08-22,DEG932204759,or even forever - kmru,
94248,,,Classique,,,GBDCA2003727,prolog - shida shahabi,
94249,138,12B,Dance / Pop,A24 Music,2026-01-30,QMB622505709,removal - a. g. cook,
94250,,,Films/Jeux vidéo|Musiques de films,RVNG INTL.,2020-12-04,USLS52458709,rc2 - oliver coates,
94251,152,12A,Electronica,Phantom Limb,2025-09-10,UK9AV2502274,we walked all the way to the lake and the water was so still we jumped in naked - dylan henner,
94252,91,10B,Techno (Raw / Deep / Hypnotic),Ostgut Ton,2025-10-17,DEU672500954,below the surface - efdemin,
94253,92,10A,Electronica,Denovali Records,2025-09-12,DERK92539705,122 - dictaphone,
94254,154,10A,Electronica,light-years,2024-05-08,DEG932401699,"dissolvi - grand river, abul mogard",
94349,,,"",,,USMO17582655,"passion flower - grover washington, jr.",
94365,125,8A,Ambient / Experimental,RVNG INTL.,2026-04-10,US6PQ2600001,film still / the sea - félicia atkinson,
94411,125,3A,Techno (Peak Time / Driving),Music Man Records,2008-10-13,BEN580800284,rain (echospace reduction) - petar dundov,
94421,87,12A,Techno (Peak Time / Driving),R&S Records,2019-09-13,BEZ351900139,hard to say - djrum,
94594,105,,Caribbean,Evidence Music,2019-05-10,QMFMF2569713,envidiosos - bony fly,
94659,118,9A,Dance / Pop,Duophonic,2019-09-13,USEE19792085,contronatura - stereolab,
94660,85,7B,Rock,Sony Music Entertainment,2010-11-05,GBBQY0400070,blue skied an' clear - slowdive,
94661,123,11B,House,Magnetron Music,2026-07-03,NLW042500274,film - de witte kunst,
94662,114,8B,House,4AD,2022-03-11,GBAFL2100369,american coffee - jenny hval,
94663,80,8B,Pop,UMC (Universal Music Catalogue),2018-10-05,GBF080501042,summer-blink - cocteau twins,
94664,100,4B,Electronica,Shelter Press,2019-03-08,DEX261900290,jacob's house - john also bennett,
94665,103.8,,Tech House,Domino,2010-08-02,ARF901600104,cosoco - juana molina,
94666,161.6,,"",,,US58L1666202,the wink - tim presley,
94667,126.3,,"",,,QM5L82000023,station to station - mega bog,
94676,78,2B,R&B,Geffen,1995-05-23,GBFWU0300036,guess you didn't know - one way,
94684,90,9B,Electronica,K7 Records,2017-10-20,GBNYT8100014,"you can't turn me away (7"" mix) - sylvia striplin",
94781,132,10B,House,First Word Records,2020-05-15,GBMCZ0601442,he laughs she cries - kaidi tatham,
94849,144,6A,Nu Disco / Disco,Mr Bongo,2002-02-25,GBCLQ1800265,não adianta - trio mocotó,
94856,125,,"",,,ITOUU2200013,celebration suite (samba de janeiro 2022 instrumental) (samba de janeiro 2022 instrumental) - relight orchestra,
94868,69,8A,140 / Deep Dubstep / Grime,I & I Music,2021-07-02,UKHAU2000353,chainba (re-master) - mala,
94876,125,,Nu Disco / Disco,Defected,2022-07-15,GBCPZ2220756,what would you do? (expansions nyc extended dub vocal) - dames brown,
94889,131,5A,Minimal / Deep Tech,Contact Music,2025-12-19,UKACT2540061,keep the crowd moving (radio edit) (radio edit) - boss priester,
94927,131.3,,"",,,QM24S1832194,me dê amor (feat gaiola das popozudas) - sango,
94965,140,,Techno (Peak Time / Driving),BEAU,2026-06-30,QZMHN2283772,bit 2 [beau002] - beau didier,
95012,110,,"",,,QZES52349543,forever - blood club,
95022,133,11A,Caribbean,Trensetta Productions,2022-06-27,DEW259200212,ploy (ur mix) - maurizio,
95044,67,4A,Hip-Hop,Stones Throw Records,2025-07-28,US2S72009019,makeitliveforever - knxwledge,
95083,110,11A,Dance / Pop,Vanguard Records,2007-02-13,USVG29552423,over like a fat rat (edit) - fonda rae,
95089,130,10B,Electro (Classic / Detroit / Modern),Clear Memory,2025-09-08,NLL562302688,sun - hayter,
95090,74,9B,Electronica,Dalmata Daniel,2024-07-31,HUAFC2400056,second rerun - betonkust,
95091,127,6A,Electronica,Something Happening Somewhere,2026-06-12,NL2RA2600008,red breast robins (original mix) - m.r.e.,
95092,88,8A,Electro (Classic / Detroit / Modern),Tripalium Corp,2021-02-12,DGA062026850,slacid - automat,
95093,97,5A,Electro (Classic / Detroit / Modern),Trust,2025-04-21,ATL711240015,honokida (alex cortex remix) - /dl/ms/,
95094,132,11A,Electro (Classic / Detroit / Modern),Bass Agenda Recordings,2026-01-23,NLCK42601360,aura borealis - sematic4,
95095,116.9,,Electronica,Dalmata Daniel,2020-07-17,HUAFC2000037,"mental vortex (l.f.t. remix) - ct kidobó, lau",
95096,159,11A,Electro (Classic / Detroit / Modern),Mechatronica Music,2026-01-23,NLCK42521137,spider formation - the spy,
95201,129.9,,Electro,,,QZS662452794,tah-ner - vanoni,
95263,126,9A,House,Ninja Tune,2023-04-28,GBCFB2200962,gentle heart - nabihah iqbal,
95318,82,5A,Electronica,re:st,2021-07-05,GB8KE2153910,outer thoughts dub - inhmost,
95360,127,9A,Minimal / Deep Tech,Rhythm Section International,2026-06-17,DEG932602734,traffic - asa tate,
95361,124.1,,Techno (Peak Time / Driving),Work Them Records,2026-05-29,UKU932582218,collective consciousness (spn re-mixed version) (spn re-mixed version) - spencer parker,
95405,132,3A,Pop,Capitol Records (CAP),2013-10-18,USUM71311296,dark horse - katy perry,
95427,132,3A,140 / Deep Dubstep / Grime,Black Acre Records,2022-02-17,GBTVQ2100023,living bones - commodo,
95428,135.9,,Electronica,subglow,2025-11-05,GBMA22513475,come again - mia koden,
95429,72,7A,Electronica,Brownswood Recordings,2021-04-07,GBMEF1500821,kotos (feat asociacion juvenil puno) - mala,
95430,140,8B,140 / Deep Dubstep / Grime,Innamind Recordings,2025-12-05,GBLV62516432,dust (ago remix) - epoch,
95431,75,6A,Bass / Club,Ilian Tape,2024-05-16,DEOB62400855,stomping ground - mantra,
95433,85,9B,Drum & Bass,Metalheadz,2012-02-13,GBBHF1130458,cornered - d bridge,
95500,102,8B,Hip-Hop,EMI Gold,2005-12-05,GBAAA8600574,nights of pleasure - loose ends,
95525,125,11A,Drum & Bass,Applied Rhythmic Technology (ART),2017-05-22,GBQLP1601110,t'raenon (original mix) - photek,
95535,140,1A,140 / Deep Dubstep / Grime,Mean Streets,2026-06-26,GBRD52600126,nokia - d.o.k,
95536,109,1A,140 / Deep Dubstep / Grime,DistroKid,2025-04-03,QT8BW2693755,in the dance - manga saint hilare,
95541,68,4A,Dance / Pop,PlayTune,2025-10-24,US39N2528487,if you like - de schuurman,
95644,127,11B,Deep House,REK'D,2026-02-06,GBLTF2600015,check your chains - justin harris,
95649,110,2A,Dance / Pop,Favorite,2015-04-24,FRODU8215000,stand on the word (1982 version) - the joubert singers,
95699,120,4B,Electronica,Warp Records,2026-05-29,GBBPW2602547,naraka - boards of canada,
95765,69,5A,Electro (Classic / Detroit / Modern),Klasse Wrecks,2022-01-07,NLL561908667,quit startin' - mr. ho,
95822,117,11A,Ambient / Experimental,Ilian Tape,2026-06-30,DEOB62601081,the surface of moss prime - fields of mist,
95892,106,9B,Hip-Hop,EMI Gold,2005-12-05,GBAAA8400118,choose me (rescue me) - loose ends,
95992,128,10B,Latin Electronic,PlayTune,2026-03-06,US39N2644238,we need some more girls in here - karyo,
96121,121,10B,Breaks / Breakbeat / UK Bass,MAGICWIRE,2018-07-06,FR2X41881287,yoga on e - gnork,
96231,91,2B,Trap / Future Bass,Paul Sea Productions,2009-07-01,USL5R0800703,i juswanna chill - the large professor,
96237,95,8A,Trap / Future Bass,Jive,1999-10-25,USJI10300166,oh my god - a tribe called quest,
96294,99,11A,Rock,Mexican Summer,2026-07-17,QMV8L2234802,without me - fauzia,
96362,,,"",,,USSM16800363,frelon brun - miles davis,
96438,128,2A,Dance / Pop,Venusnote Ltd.,2013-07-03,GBAJH0400164,dream on (bushwacka tough guy mix) - depeche mode,
96510,106,1B,Bass / Club,Nervous Horizon,2024-03-08,UKA9G1700227,parhasar - tsvi,
96611,66,7A,Electronica,Appendix.Files,2025-02-06,QZH5E2489049,mutant dub - clima,
96631,,,"",,,GB9TP2001005,leu-u-lu - humbros,
96671,113,6A,Breaks / Breakbeat / UK Bass,Pinkman,2017-06-19,NLQ4L1700026,het infuus - identified patient,
96677,128,5A,Tech House,Phoenix G,2005-09-12,NLCK41036322,miss nasty - mr. g,
96700,79,8A,Electronica,Dark Entries Records,2025-11-21,USA2P2559195,wild slugs united - c.l.a.w.s.,
96788,85,11A,Trap / Future Bass,Stones Throw Records,2006-02-07,US2S70626006,stop - j dilla,
96789,83,1A,Hip-Hop,eOne,2003-06-10,USKO10302209,city high - inspectah deck,
96790,88,11A,Trap / Future Bass,Cold Chillin',1995-09-05,USSM19501011,blowin' up in the world (album version) - kool g rap,
96791,91,1A,Trap / Future Bass,Virgin Records,2014-08-08,USVI29800141,you know my steez - gang starr,
96792,162,8A,Trap / Future Bass,RT Industries,2010-02-16,USMY19800009,dat gangsta shit - fat joe,
96793,90,1B,Trap / Future Bass,Arista,1999-06-29,USAR19901559,krystal karrington - camp lo,
96794,93,7A,Dance / Pop,Sanctuary Records,2026-01-28,GBAJE0401073,much more (feat yummy bingham) - de la soul,
96795,96,10A,Hip-Hop,Def Jam Recordings,1997-09-15,USRL19700584,never seen before - epmd,
96796,108,6A,Hip-Hop,The Bicycle Music Company,2015-10-02,USC4R2558131,groupie therapy (remastered 2025) - the pharcyde,
96797,94,3A,Hip-Hop,Rhino/Elektra,2007-06-26,USEE10609964,real hip-hop (premier mix) - das efx,
96798,95,,Pop,EastWest U.K.,2006-02-13,CA5KR1968393,"uncut, pure - big daddy kane",
96799,99,7A,R&B,violater,1999-08-10,USAR10000327,vivrant thing - q-tip,
96800,102,8A,R&B,Negotiate All Business Inc.,1997-08-19,USTV19700028,niggas night out - royal flush,
96801,103,12A,Hip-Hop,Rhino,2014-01-17,USWB19903956,o.g. original gangster - ice-t,
96803,103.9,,"",,,US23S9833109,hit the h**ker - eazy-e,
96804,106,2B,Trap / Future Bass,Arista,1990-01-01,USAR10000116,pitch in ona party - dj quik,
97159,128,1A,House,LOVE ON THE ROCKS,2026-04-24,GBJX32126005,dream ritual (eris drew & octo octa's alchemical sisters dub) - paramida,
97175,127,6A,House,LClub Music,2026-02-13,GBKQU2604110,don't know - affani,
97176,128,8B,Minimal / Deep Tech,Indica Label,2026-03-11,US83Z2608431,nevrora - dnl (br),
97177,142,11B,Techno (Peak Time / Driving),CNC,2025-01-17,NLCK42422604,hang - concussion,
97178,126,9B,Tech House,Mindshake Records,2024-06-14,GBKQU2453584,beat heat - paco osuna,
97179,126,8A,Minimal / Deep Tech,Duff Music,2019-07-22,CA5KR1940675,dynamic sound - jhon timbala,
97180,128,7A,Afro House,Nervous Records,2026-01-02,USNRS2644465,marimba - ramon bedoya,
97181,126,4A,Minimal / Deep Tech,Evaporate 蒸發,2025-12-13,GBLV62526752,limitation (damnc remix) - dikka,
97183,126,,"",,,ITBHZ1500901,close your eyes - samu.l,
97250,113,12B,Rock,Nice Life,2026-06-02,US25X2302035,"quit your job, runaway! - junior mesa",
97337,126,9A,House,Desolat,2008-05-05,DEHE40800008,pimp jackson is talking now!!! (original mix) - loco dice,
97418,125,7B,Rock,Universal Music Australia Pty. Ltd.,2018-06-08,AUUM70600227,"i go hard, i go home (dj hell remix) - the presets",
97436,125,6A,Techno (Peak Time / Driving),Klang Elektronik,2007-07-24,DEL220700162,dub rider - radical majik,
97545,125,10A,Melodic House & Techno,WIR Musik,2019-11-22,DEH741918618,"mucky star - caitlin, thomas schumacher",
97546,126,2A,House,Coco Machete Records,2006-02-14,USI4R0601534,creep - scandal inc.,
97547,112,2B,House,Brique Rouge,2007-01-27,FR43R0600154,what day is it? (mark o'sullivan remix) - mike monday,
97548,124,,"",,,GBCPZ0716795,dance wit me (instrumental) - hipp-e,
97550,126,2A,House,Rekids,2024-08-30,US2J70613901,mouth to mouth - audion,
97552,89.9,,"",,,DGA0Q2376786,for her - zakko,
97553,125,3A,Minimal / Deep Tech,Get Physical Music,2006-11-29,DEBE70600101,4 play - audiofly x,
97554,102,2A,Rock,Chrysalis UK,2006-11-13,GBFFG0600025,lovelight (soulwax ravelight vocal) - robbie williams,
97555,125,5B,Rock,Chrysalis UK,2006-11-13,GBFFG0600027,lovelight - robbie williams,
97641,142,8A,Electronica,Posh Isolation,2017-03-17,GBHLW1701117,la hills burn at the peak of winter - croatian amor,
97663,123.1,,"",,,DEU672001787,relocate (rodriguez jr. remix) - re.you feat stereo mc's,
97773,144,1A,Techno (Raw / Deep / Hypnotic),BCCO,2026-04-17,NLCK42604932,3&d - sinergy,
97975,66,5B,Techno (Peak Time / Driving),Soma Records,2021-02-08,GBBVL2106003,techno programming (instrumental mix) - optic nerve,
98131,143.6,,Trance (Raw / Deep / Hypnotic),Mylja Records,2024-02-23,NLL561807401,cleo - donato dozzy,
98304,127,12A,Deep House,Bondage Music,2025-01-10,DEH742435245,routine check - mihai popoviciu,
98384,80,4B,Bass / Club,WAJANG,2025-11-05,FRR642501602,"zuuuh - amor satyr, toma kami",
98404,124,3A,Deep House,Groove Culture Deep,2026-05-15,ITX4M2600126,tropical interlude - dominic balchin,
98619,137,6A,Techno (Raw / Deep / Hypnotic),ANGLS,2024-11-15,NLCK42417832,endorama - dimi angelis,
98752,123,,Dance,,,USA2P2605972,time with you - john summit,
98765,128,6B,Melodic House & Techno,1001 Recordings,2025-12-05,BE5KW2500954,"pas - zafrir, mila journée",
98783,122.3,,Electro|Dance,,,USDBY1000141,spell of dub - peter black,
98806,125,5A,Dance / Pop,Experts Only,2026-04-15,USA2P2605968,mess w/ me - john summit,
98807,127,8A,Dance / Pop,Experts Only,2024-02-14,USUG12508891,"shiver (n.o.y & guy katch remix) - john summit, hayla",
98808,128,4A,Tech House,Saved Records,2026-01-23,GBJAJ2101121,witch doctor (extended mix) - john summit,
98810,136,6A,Drum & Bass,Experts Only,2024-05-16,USUG12402628,"go back - john summit, sub focus, julia church",
98811,124,2B,Melodic House & Techno,Monaberry,2024-11-08,DET752400067,let me breathe (extended mix) - xotto,
98821,93,5B,Melodic House & Techno,Future Romance,2025-12-05,DEH742532343,poppy trail - serpoosh,
98822,120,5A,Trance (Main Floor),Future Romance,2025-03-14,DEH742503009,infinite light - james harcourt,
98823,122,7B,Melodic House & Techno,Future Romance,2025-04-25,DEH742506746,black flame (extended mix) - cyantist,
98825,121,12B,Melodic House & Techno,Future Romance,2025-12-05,DEH742532342,cocu - rardia,
98826,124,12B,Melodic House & Techno,Future Romance,2026-05-22,DEH742523423,explore (extended mix) - microtrauma,
98827,124,12B,Melodic House & Techno,Future Romance,2025-04-25,DEH742506747,fragments of forever (extended mix) - cyantist,
98829,125,10B,Melodic House & Techno,Future Romance,2025-06-13,DEH742515205,rites - no sé leon,
98830,124,10B,Melodic House & Techno,Future Romance,2025-02-28,DEH742501459,doorway - cynar,
98831,125,2A,Progressive House,Future Romance,2025-08-29,DEH742523422,norycove - microtrauma,
98832,124,2A,Melodic House & Techno,Future Romance,2026-01-16,DEH742534150,roller coaster - chrisik,
98956,128,4B,Indie Dance,Diynamic,2025-10-24,DEDH72300536,bring the lows up - pablo say,
99009,131,9B,Techno (Peak Time / Driving),Drumcode,2025-02-14,GBUR62000996,gravity (extended mix) - oscar l,
99077,133,4B,Progressive House,Saw Recordings,2001-10-01,US4J60500042,belly - jas,
99087,121,7A,Melodic House & Techno,Unreleased Records,2025-05-30,NLF712503177,soft (extended mix) - ewerseen & jaquet,
99104,137,10A,UK Garage / Bassline,FABRICLIVE.,2026-05-15,GBEXH2600076,hyper - bodhi,
99108,126,5B,Pop,WM Finland,2026-05-15,FIOV22500037,fine dine - vesta,
99132,100,2B,Trap / Future Bass,Nervous Records Hip Hop,2006-07-14,USNRS0020120,who got da props - black moon,
99369,128,3A,House,Hydrozoa,2026-02-13,GBKQU2609000,top of the world (spencer parker works harder mix) - aardy,
99394,144,6A,Techno (Raw / Deep / Hypnotic),Heist Mode,2024-03-09,GBKQU2423544,killer whale - benza,
99487,145,5A,Techno (Raw / Deep / Hypnotic),Mutual Rytm,2024-12-13,DEH742438606,your soul is art - sera j,
99616,117,9A,Electro (Classic / Detroit / Modern),Alleviated Records,2026-04-24,US4G92500683,replicate - mr. fingers,
99750,140,10A,Techno (Raw / Deep / Hypnotic),Clergy,2025-12-29,TCAFS2164758,exit - vsk,
99770,124,4A,House,Cecille,2013-03-13,DEDL81300391,"we repeat - paul c, paolo martini",
99826,136,4B,Techno (Raw / Deep / Hypnotic),Dance Trax,2023-10-13,UK34N1800846,viruz - confidential recipe,
99936,135,7B,Techno (Raw / Deep / Hypnotic),Consumed Music,2022-11-11,CA5KR2300642,transmission 5 (original mix) - linear system,
99987,133,3A,Techno (Raw / Deep / Hypnotic),Nachtstrom Schallplatten,2024-04-19,QM4TX2432442,nigromancia - pwcca,
99988,131,6A,Techno (Raw / Deep / Hypnotic),Warm Up Recordings,2021-07-09,NLCK41089567,krf007 (original mix) - vertical spectrum,
99989,130,11A,Techno (Raw / Deep / Hypnotic),KR3 records,2020-07-30,ITZ332000073,warbler - takaaki itoh,
99990,164,7A,Techno (Raw / Deep / Hypnotic),Mord,2022-10-28,NLCK42220032,męczybuła - vertical spectrum,
99991,134,2B,Techno (Raw / Deep / Hypnotic),PoleGroup,2025-02-21,NLCK42502238,il silenzio degli innocenti (original mix) - conceptual (it),
99992,130,2B,Techno (Raw / Deep / Hypnotic),Semantica Records,2025-11-28,DEH742530428,peels a tangerine (pris remix) - svreca,
100103,137,12A,Techno (Raw / Deep / Hypnotic),Mord,2025-04-11,NLCK42503611,flash point - milo raad,
100231,99,9B,Nu Disco / Disco,Cleopatra Records,2013-04-03,,set adrift on memory bliss - p.m. dawn,
100263,70,11B,140 / Deep Dubstep / Grime,Locus Sound,2026-02-06,GBKQU2602518,stabs - photom,
100303,75,7B,R&B,Universal Records,2019-02-04,,"never leave you (uh oooh, uh oooh) - lumidee",
100444,82,9B,Electronica,Blue Note Records,2014-08-27,USCA29700350,holy thursday - david axelrod,
100594,108.6,,"",,,USPR37170015,there comes a time - the tony williams lifetime,
100595,126.8,,"",,,GBBCK0600037,societé guantánamo (masón) - tumba francesa,
100596,,,"",,,GBAWA0212749,invacion de 80 - daniel ponce,
100597,97.5,,"",,,GBBCK1701159,oshun - grupo oba-ilú,
100598,90,3A,Nu Disco / Disco,Columbia/Legacy,1991-09-08,USSM17700264,rumba mama - weather report,
100599,117.1,,"",,,GBBCK1701153,ogun - grupo oba-ilú,
100600,104.9,,"",,,GBBCK0600038,tambores 2 - tumba francesa,
100601,115,2A,Dance / Pop,Partisan Records,2020-10-28,US2392650202,kamoutalia - bombino,
100602,115.4,,"",,,USAK20400021,she's the star / i take this time - arthur russell,
100603,90,11B,Pop,Rendez-Vous Digital,2011-09-15,USMC10112180,built for comfort - howlin' wolf,
100604,153,7A,R&B,UNI/MOTOWN,2014-09-30,USMO10300541,up again - the miracles,
100605,,,"",,,GB8A91200024,bird (bonus track) - cymande,
100606,99,1B,Downtempo,DistroKid,2023-04-07,QM7281860676,wyrm - quelle chris,
100607,84,11B,Nu Disco / Disco,Columbia/Legacy,1991-09-08,USSM17700265,palladium - weather report,
100608,96,,"",,,USUM70507257,either or - eddie fisher,
100609,,,Dance / Pop,Vinilio Music,2026-03-10,GRL018400061,i lathos agapi - lena platonos,
100610,,,"",,,FISBA7500058,konevitsan kirkonkellot - piirpauke,
100612,93,3B,Pop,Rhino,2015-05-11,GBAHT1500131,ode to don jose (2018 remaster) - art of noise,
100616,,,"",,,DEB337608302,air - terje rypdal,
100625,122,5B,Nu Disco / Disco,Now Again Records,2018-04-02,US2S71740002,watching out - split decision band,
100705,126,11A,Dance / Pop,Unidisc Music,2019-04-12,CAU111900014,tonight - suzy q,
100774,,,"",,,USL4Q1876875,rekonfò djazi - gifrants,
100775,147.4,,"",,,USDEA1859806,wind conversation - masahiro sugaya,
100776,,,"",,,TCJPF2506636,fukushima - sinsuke fujieda group,
100777,89.6,,"",,,GBDCR1900043,feel like making love - ana mazzotti,
100778,82,3B,Nu Disco / Disco,Kalita,2022-04-01,UKR7K1800056,another love gone - the igg band,
100780,96.9,,"",,,FR96X1792504,dor - djuta gomes,
100781,94,,"",,,QM7281495497,bu na porta mal - domingos mustasse,
100782,104.2,,"",,,QMDA61538742,perde tempo - grace évora,
100784,116,12B,Afro House,BBE Africa,2025-03-07,GBEQT2300017,monsom - kantata,
100785,90,7A,African,Virgin Music Africa LAS (S&D),2025-06-28,GBLLT2146630,mama mother (original) - nel oliver,
100786,118.2,,"",,,FRX281561088,who's fooling who - khemistry,
100787,76,5A,Melodic House & Techno,Black Rose Recordings,2026-01-23,JPPC08355201,shining star - 松原正樹,
100788,116.5,,"",,,JPPO00407870,santigo bay rendez-vous - masayoshi takanaka,
100789,,,"",,,UYB142018006,tus abrazos - jorge galemire,
100790,,,"",,,KRMIM2420555,thoughts : moths - kimbanourke,
100791,,,"",,,QMUGB2505101,ile de gorée - jess sah bi,
100801,107,,"",,,GBUQH2300078,edue ukot akpa itong - sammy obot,
100910,117.8,,"",,,USSM19500918,let's groove - archie bell and the drells,
101014,107,8A,Indie Dance,Doppelgaenger,2013-07-19,DEH741211965,geek chic (kuniyuki's journey remix) - lord of the isles,
101093,89,9B,Nu Disco / Disco,Epic,2003-06-30,USSM10104366,inspiration information - shuggie otis,
101194,96,8A,Dance / Pop,Prelude Records,1978-01-01,CAU117800545,darling come back home - barbara mason,
101390,124,3A,House,Defected,2016-03-21,GBCPZ1609472,what am i here for? (ndatl vocal) - the dangerfeel newbies,
101632,131,1A,Tech House,Tamango Records,2026-04-10,GBKQU2633258,so smooth - joe dove,
101633,130,2A,Tech House,Tamango Records,2026-04-10,GBKQU2633257,something special - joe dove,
101642,131,6B,House,Flashmob Records,2026-04-10,ITKG02600498,git funky (radio edit) - mil jes,
101643,131,2A,House,Flashmob Records,2026-04-10,ITKG02600497,bust it! (radio edit) - mil jes,
101644,128,9B,Minimal / Deep Tech,Rendr Records,2026-03-03,GBKQU2621257,on the beat - yaya,
101645,128.2,,Tech House,Drop Low Records,2024-07-12,ITV262600028,fever - blow (ita),
101646,130,7A,House,Gruuv,2026-03-20,GBK5G1000485,raw manifesto - qubiko,
101647,128,6A,Tech House,Tamango Xpress,2026-05-29,GBKQU2652035,all the people - roots,
101648,126,,"",,,GB6NC0500008,heavy what? (honkey version) (honkey version) - izit,
101659,129,9B,Minimal / Deep Tech,NoZzo Music,2025-01-17,GBKQU2501475,"too dizzy - moreno & prieto, dem boyz",
101712,,,Films/Jeux vidéo|Comédie|Livres audio,,,USWB10201568,acid - richard pryor,
101714,101,6A,Nu Disco / Disco,Strut,2017-05-19,DEG931700975,kulunmanqueleshi (stereo master) - mulatu astatke,
101717,92,9B,Pop,Universal Music Group International,2003-02-18,USPR38102457,"africa, center of the world - roy ayers",
101718,100,3A,Electronica,Capitol Records,2008-02-12,USCH39300067,loungin' - guru,
101721,,,Pop,Partyliners,2022-01-21,GBAYE1700299,"solos based on ""a night in tunisia"": drum ensemble, pt. 3 (live) - art blakey, charlie persip, elvin jones, philly joe jones",
101722,,,Electro,,,GBLAZ2001374,energy it up (part 1) - michael rother,
101723,,,Rock,,,FR3JX0800800,caloubadia (1981) - alain péters,
101725,93,10A,African,Virgin Music Africa LAS (S&D),2021-05-10,FR1KS0600420,kambe - toure kunda,
101727,151.1,,Films/Jeux vidéo|Musiques de films,,,INM6G2101039,aatavu chanda - s p balasubrahmanyam,
101728,136.4,,Musique asiatique,,,GBUQH1400016,teoy salap pamaa - angkanang kunchai,
101729,164.1,,Pop|R&B|Soul,,,,welcome 2 america - prince,
101730,100,12A,House,96 Musique,2016-03-11,USAT21401458,celestial blues - andy bey,
101731,109,8A,Nu Disco / Disco,Parlophone UK,2009-01-12,GBAYE0902650,heaven and hell is on earth - 20th century steel band,
101732,131,6A,Dance / Pop,A&M,2006-07-31,USAM16874785,the face i love - chris montez,
101733,105.9,,"",,,US1SR2122914,jerusalem - bishop jeff banks,
101735,,,Jazz,,,CH4030700021,yuri's choice (feat nya) (feat nya) - erik truffaz,
101736,98,4A,Trap / Future Bass,Island Records,2019-01-25,USIR28700382,paid in full (derek b's urban respray version) - eric b. & rakim,
101737,80,7A,Hip-Hop,Sanctuary,2010-07-19,GBAJE8200233,it's a shame (mt. airy groove) - grandmaster flash & the furious five,
101738,97.2,,Rap/Hip Hop|Rap français,,,DGA062311497,change the beat (aka une sale histoire) (aka une sale histoire) - fab 5 freddy,
101739,97.9,,Rap/Hip Hop|Rap français,,,DGA062311496,change the beat (aka une sale histoire) (aka une sale histoire) - beside,
101741,84,12B,Hip-Hop,Stones Throw Records,2007-03-20,US2S70753009,crushin' (yeeeeaah!) (instrumental) - j dilla,
101744,131,4A,Nu Disco / Disco,Strut,2018-05-11,DEG931801294,"an angel fell - idris ackamoor, the pyramids",
101745,86.1,,Musique brésilienne,Universal Music Ltda.,2018-02-02,BRMCA8700104,depois que o ilê passar (original album) - caetano veloso,
101746,146.8,,Latino,,,GBUQH1200137,arena - family atlantica,
101747,98,8A,R&B,Hey Boy Music,2026-05-14,ES71D1900409,vamonos - elkin & nelson,
101818,127,9A,House,Altra Moda,2004-10-04,GBBFR0400134,the weekend (extended vocal mix) - michael gray,
101886,142,5A,140 / Deep Dubstep / Grime,Tectonic,2019-11-22,UK4941900015,send out - pinch,
101938,,,UK Garage / Bassline,Armada Music,2025-08-15,NLF712504925,dreams (lucas alexander extended remix) - smokin' beats,
101956,131,7A,Minimal / Deep Tech,Deeperfect,2026-02-20,ITA061302986,boogie blueprint (original mix) - emery bex,
101961,129,6A,Minimal / Deep Tech,Momento Recordings,2026-05-08,IT6FC2400315,in da hood - white off,
101968,132,5A,Minimal / Deep Tech,Andhera Records,2026-04-17,GBKQU2633290,don't do it - crewcutz,
102015,123,9B,Melodic House & Techno,Kontor Records,2020-01-17,DEN061902222,keep control (artbat remix) - sono,
102157,118,9A,Electronica,Tsuku Boshi,2020-03-20,FR9W12005805,music for nature and the every day - hideki umezawa,
102158,135,6B,Electronica,Smalltown Supersound,2023-02-10,NOSTS2216030,the first song - kelly lee owens,
102159,158,11B,Electronica,Quiet Time Tapes,2019-04-05,USYBL1900664,nana - ulla straus,
102160,144,3B,Electronica,WSNWG,2024-04-08,DEYS32000518,"atakama - out of place artefacts, vril, rødhåd",
102161,158,3B,Techno (Raw / Deep / Hypnotic),Editions Mego,2006-05-15,ATE690604704,marble waltz - tujiko noriko,
102162,,,"",,,IEAOR1500018,"cúirt bhaile nua - treasa ní mhiolláin, micheál seoighe",
102163,138,7A,Ambient / Experimental,Balmat,2023-07-21,DEG932301235,dread the evening - minor science,
102164,90,8A,Electronica,WSNWG,2024-04-08,DEYS32000512,"ennoch - out of place artefacts, vril, rødhåd",
102165,,,Electronica,Room 40,2022-09-30,QMAN92300009,the lighthouse iii - colin stetson (ft iarla ó lionáird),
102166,121,10B,Ambient / Experimental,Balmat,2023-09-08,DEG932301239,life texture - minor science,
102167,105,10B,Bass / Club,Timedance,2023-01-20,DGA082242635,built on sand - batu,
102168,141,7A,Ambient / Experimental,LILA लीला,2025-02-28,US83Z2507009,merope (alone) - purl,
102169,124,7B,Electronica,"LANDR, Self-Released",2026-03-24,QZNWV2034794,merope (svlbrd ambient mix) - purl,
102170,134,1A,Techno (Raw / Deep / Hypnotic),Arts,2025-03-21,NLCK42504076,a quiet exit - aprs,
102172,96,3B,Ambient / Experimental,Delsin Records,2025-05-23,NLM792500063,sigillo - claudio prc,
102173,,8B,Electronica,Kranky,2011-10-10,USNCB1116103,sketch 3 - tim hecker,
102174,128,8A,Electronica,Circular Limited,2021-09-09,CA5KR2196089,magellan (original mix) - basis change,
102175,96,8A,Electronica,Lemongrassmusic,2010-11-12,TCAFK2143724,20 minutes (extended version) - carbon based lifeforms,
102176,162,8A,Electronica,light-years,2024-10-04,DEG932402962,vien - ludwig wandinger,
102177,100,6B,Electronica,light-years,2024-10-04,DEG932402966,6 eyes - ludwig wandinger,
102178,156,2B,Electronica,light-years,2024-10-04,DEG932402961,rot - ludwig wandinger,
102179,128.1,,"",,,SE4VM1801612,tårlös sorg - isorinne,
102180,,,Electronica,Smalltown Supersound,2021-06-15,DEX262100809,amorphous absorption - perila,
102181,90,6A,Electronica,Editions Mego,2021-06-04,ATE692127908,"fantas morbida (kara-lis coverdale) - caterina barbieri, kara-lis coverdale",
102182,126,7B,Ambient / Experimental,NOTON,2026-03-10,DE1N62500021,xerrox monophaser 2 (remaster) - alva noto,
102183,258,4A,Electronica,NOTON,2020-06-19,UK6821719430,xerrox canaux - alva noto,
102184,,,Mainstage,Strong Music Records,2021-01-31,RUA1D2142428,willed - strong,
102252,129.9,,Electro,SoundCloud Direct,2017-04-04,SE5AJ1900731,clumsy - oli xl,
102284,85,2B,Electronica,City Slang,2025-05-30,DED629971710,die dinge des lebens - to rococo rot,
102493,78,8A,Electronica,PARTICIPANT,2023-04-21,GBQLP2300250,love like an abscess (aho ssan remix) - richie culver,
102550,81,8B,Techno (Peak Time / Driving),The Final Experiment,2023-05-01,DELG71401109,"nacht, fluss, grille, auto, frosch, eule, mücke - shed",
102601,,,"",,,ATE691500901,"de natura sonorum, première série - bernard parmegiani",
102725,115,4B,Deep House,Sub_Urban,2018-02-09,QZ5FN1787903,a sore subject (sebas ramis & jay son remix) - igor gonya,
102726,117,2A,Deep House,Rebirth,2019-09-06,ITJ781900046,"after all it's us - c.vogt, patrick jeremic",
102728,118,3A,Deep House,Olatu Recordings,2023-05-29,GBKQU1530139,funk & love - edmund,
102729,123,4A,Indie Dance,Re:vibe Music,2015-12-22,DEPR32015120,piano groove (original mix) - gariy & hacker,
102730,124,4A,Tech House,Work & Consume,2025-05-26,GBKQU2536296,deixa a gira - julien sens,
102731,116,7B,Organic House,Stil Vor Talent,2019-11-01,DEXO61966889,yira yirar - marco tegui,
102732,121,,Melodic House & Techno,Exotic Refreshment,2020-03-20,PLU212000008,"jana (themba's herd remix) (themba's herd remix) - bahramji, medusa odyssey",
102733,110,8B,Organic House,Earthly Delights,2017-07-03,DEZ651709340,nabia - be svendsen,
102734,119,,Electro|Techno/House,Do The Hip! Recordings,2018-04-06,DEW871802940,brand new feelings (audiotones remix) - two modest & hugobeat feat natune,
102735,108,7A,Electronica,Sol Selectas,2019-06-21,US83Z1914863,ouahe (original) - dandara,
102749,123,9B,Afro House,Cacao Records,2023-04-21,DEY472372871,"the hi (radio edit) - hyenah, lazarusman",
102750,121,9B,Afro House,Kunye,2023-04-14,ZAYJ11800064,that organ track - shimza,
102751,122,9B,Melodic House & Techno,Crosstown Rebels,2023-01-20,GB7NR2328502,horizon red (extended) - made by pete,
102752,123.9,,Electro|Techno/House|Dance,UNION RECORDS (IT),2022-03-18,ITLCJ2100152,afrolatina (instrumental mix) (instrumental mix) - ethian guerrero,
102754,124,10B,Melodic House & Techno,DFTD,2023-03-24,GBCPZ2321620,"time (extended mix) - cristoph, awen",
102755,124,9A,Tech House,Boom Boom Room,2023-04-13,GBKQU2309314,"jungle - dimo (bg), mr.k (bg)",
102756,123,7A,Afro House,MoBlack Records,2022-06-03,ITFGO2200044,anchor point - ahmed spins,
102757,124,11B,Afro House,Hurry Up Slowly,2022-03-11,GBKQU2221789,"tamba lamba - stylo, space motion",
102758,123,11B,Afro House,Chivirico Records,2023-11-10,ITSV22300027,"una latina en tulum (feat lemonsouldj) - aaron sevilla, dj roberto da'silva",
102759,123,12B,Afro House,Warung Recordings,2023-03-17,DEBE72300519,slide (antdot & albuquerque remix) - oxia,
102760,122,10A,Afro House,Kazukuta Records,2023-03-10,QM4TW2392902,"amano - meith, kreative nativez",
102761,79,10A,House,House of Tucci,2023-04-14,GBKQU2316271,feel the heat - tuccillo,
102762,122,2B,Afro House,Hurry Up Slowly,2023-03-31,NLRD52222797,"libertad - non grata, atencio",
102763,123,,Electro|Techno/House,Abracadabra Music,2019-10-11,GBJX31832019,mr. grammarticalogylisationalism boss (blond:ish remix) - blond:ish,
102764,124,12A,Afro House,Nite Grooves,2022-12-02,USA671800301,dem people go (wolf story extended remix) - dennis ferrer,
102811,128,8B,Techno (Raw / Deep / Hypnotic),Planet Rhythm,2025-07-04,NLCK42507973,back to the now - re:axis,
102818,135,12B,Techno (Peak Time / Driving),Stereo Society,2024-02-02,UKR6V2383144,psika (freedom fighters remix) - dusty kid,
102829,85,9B,Tech House,Nervous Horizon,2026-04-17,UKA9G1700404,turbo motion - tsvi,
102935,123,2A,Melodic House & Techno,Anjunadeep,2024-10-25,GBEWA2405641,"ascension (extended mix) - marsh, volen sentir",
102941,130,4A,Tech House,TALLDOOR RECORDS,2024-02-16,US83Z2461983,way down - skonka,
102943,126,6A,House,Defected,2026-05-15,NLL561003044,palm leaves (deetron remix) - gerd,
103107,123,6A,Minimal / Deep Tech,Fierce Animal Recordings,2015-11-30,QMSNZ1511333,ranch (original mix) - mateo!,
103179,126,12A,Breaks / Breakbeat / UK Bass,Hypercolour,2015-02-23,UK9PS1900070,inhale / exhale (feat tanaya harper) [bruce's deep breath mix] (bruce's deep breath mix) - the cyclist,
103180,132,12A,Dance / Pop,Nowadays Records,2025-05-14,FR0Z42500330,"wussup (club nowadays, vol. 5) (club nowadays, vol. 5) - kaval",
103181,69,9A,Latin Electronic,Fable,2026-07-17,FRX282601246,moonleaf - main phase,
103302,104.6,,"",,,USKO10501569,caribbean nights - bob james,
103318,124,12B,Electronica,Mood Hut,2026-07-17,USYBL2600928,downswept - gi gi,
103322,150,7A,Dance / Pop,Feri [dist. Tratore],2026-04-11,BRTRB2603616,porrada seca - feri,
103367,113,6B,Bass / Club,Twenty Twenty London Recordings,2026-02-06,UKCTU2607602,st[r]utter - hijinx,
103446,124,12B,Pop,Parkwood Entertainment/Columbia,2013-03-29,USSM11102793,schoolin' life - beyoncé,
103579,82,3A,Trap / Future Bass,Columbia/Legacy,2020-08-14,USSM10500413,like you - bow wow,
103583,94,5A,Hip-Hop,Razor & Tie,2002-02-05,USAT20110293,what's luv? (feat ashanti) - fat joe,
103710,97.3,,Pop,,,FR96X2094531,belladonna - andreas vollenweider,
103901,91,1B,Electronica,Too Pure,2025-03-28,GBBNZ2400029,climactic phase #3 (2025 remaster) - seefeel,
103902,113,9A,Ambient / Experimental,Community Music Group in collaboration with ISC Hi-Fi Selects / In Sheep's Clothing LLC,2026-04-24,QM24S2601658,114e jour - marc leclair,
103998,130,1A,Techno (Raw / Deep / Hypnotic),Paranoid London Records,2025-11-21,UKA482500004,decimated driver (dub) - paranoid london,
104039,160,4A,Electronica,Kontra Musik,2025-04-11,SE2872500201,montes caucasus - andreas tilliander & goran kajfes,
104040,120,1B,Electronica,Un Je-Ne-Sais-Quoi,2023-06-02,FRZ322300297,image 3 - images of goo,
104041,83.9,,"",,,GBMKL0600114,taz (remastered) - higher intelligence agency,
104042,122,12B,Indie Dance,Lunar Disko,2012-07-16,DEY470915044,field in the evening - automatic tasty,
104043,128,7A,Electronica,Warp Records,1998-10-19,GBBPW9800099,light the last flare - two lone swordsmen,
104044,155,8A,Ambient / Experimental,Warp Records,2026-05-01,GBBPW2502203,falling first - seefeel,
104079,123,2A,House,Accidental Jnr,2021-11-12,GBBND9800395,sing it back (herbert's tasteful dub) - moloko,
104157,136,8A,UK Garage / Bassline,INSTINCT (UK),2026-07-03,GBKQU2670646,stucking - stones taro,
104218,100,5A,Pop,Parlophone UK,2014-04-11,GBAYE0903021,stylo (feat mos def and bobby womack) - gorillaz,
104219,99.8,,Electro,DALE PLAY Records,2020-12-01,JPB621600746,300ml (milk) - rei harakami,
104220,118.1,,Alternative,,,JPCO08181090,heartbeat - colored music,
104221,65,2B,Dance / Pop,Venusnote Ltd.,2013-07-03,GBAJH0400042,personal jesus (pump mix) - depeche mode,
104222,97,7A,Trap / Future Bass,London Music Stream/Because Music,2017-12-15,GBAMY9700037,sometimes (nuyoricans meet the heavies) - the brand new heavies,
104223,117.3,,Alternative,,,JPCO08117821,colored music (re-edited by chee shimizu) - colored music,
104224,128,8A,House,Irma Records,2010-04-09,ITI021000044,playa serena - don carlos,
104226,119,5A,House,Armada Music,2025-05-30,NLF712503462,break 4 love (ridney & inner spirit extended remix) - raze,
104227,120,8B,House,Baobab Secret,2013-12-16,DECY51349051,esprit de la jungle - double k,
104243,151,5A,Electronica,Planet Mu,2015-10-15,USA2B1303606,violet - ital tek,
104293,104,11A,Nu Disco / Disco,Dark Entries Records,2022-11-12,USA2P2246674,low down dirty rhythm - patrick cowley,
104300,,,Electro,TuneCore,2025-12-19,DEH742033158,dédaism - ruby my dear,
104301,86,8B,Drum & Bass,Metalheadz,2020-09-25,GBBHF1310601,run run run (calibre remix) - goldie,
104302,87,7A,Drum & Bass,Dubthing Records,2026-03-27,GBKQU2627212,flutes of the jungle - thing,
104303,84,1A,Electronica,Warp Records,2001-10-22,GBBPW0100150,54 cymru beats - aphex twin,
104304,95,6A,Rock,Universal Music Division Virgin Music,2016-09-16,QMPKX1471853,"omg, her butt - father",
104305,125,4B,Techno (Peak Time / Driving),hello strange,2021-04-05,AUMEV2433059,untitled - unknown artist,
104306,113,,Alternative|Rock|Rock Indé/Pop Rock,Huubanga Productions,2024-07-26,QT6642632060,real thing - mijita,
104307,164,3B,Drum & Bass,Planet Mu,2015-10-15,US78Q0500174,banana seat girl - venetian snares,
104308,90,,"",,,UST8K1551779,everybody in the club gettin shot - father,
104309,96.3,,Drum & Bass,DistroKid,2022-10-17,GX5MY2363981,"anybody can find love (except you.) (breakcore, slowed + reverb instrumental) - breakcore girl, karōshi",
104310,100.6,,"",,,UKEX32300865,dusty and damaged - sink saiko,
104311,105,11B,Electronica,Mille Plateaux,2010-05-07,USBRC1000016,eve - lodsb,
104312,136,3A,Techno (Peak Time / Driving),DistroKid,2024-06-07,QZNMV2501192,sodom - father,
104313,120.1,,"",,,USUYG1096066,why don't u - father,
104314,92,5A,Hip-Hop,"Honorable Court, LLC",2014-12-25,USUYG1059278,swole pocket shawty - c-note,
104315,130,1A,House,XL Recordings,2000-09-25,GBBKS0000147,sorry! (i didn't know) (original radio edit) - monsta boy,
104332,117.3,,Hip-Hop,Virgin Catalog,2018-04-20,USBN27300042,lansana's priestess - donald byrd,
104362,106,8A,Nu Disco / Disco,Columbia/Legacy,2017-11-10,USSM11002366,special lady - splendor,
104408,,,Dance / Pop,Buddhist Army,2017-10-20,QZAKB2562713,new boy - nirosta steel,
104486,128,9A,House,Life And Death,2026-07-17,QMBZ92639964,siren tiger (papa nugs remix) - fundido,
104530,93,4A,Drum & Bass,Delsin Records,2026-06-05,NLM792600138,bias - forest drive west,
104533,90,7B,Techno (Raw / Deep / Hypnotic),Delsin Records,2026-06-05,NLM792600140,tensor - forest drive west,
104579,112,6B,Dance / Pop,Energy Production,2020-12-07,IT00D8200109,take me to the top (ben liebrand 1983 remix) (ben liebrand 1983 remix) - advance,
104928,128,8A,House,Defected,2026-03-06,FR10S2537825,activated (extended mix) - piem,
104982,106,6A,Electronica,AD 93,2024-11-19,DEG932405666,hypersoft lovejinx junkdream - james k,
105067,98,11A,Electronica,False Idols,2019-11-29,DEG939600134,same - smith & mighty,
105181,67,4B,Electronica,False Aralia,2026-07-03,QM6P42684854,false lp a - 01 - topdown dialectic,
105382,160,7A,Trance (Raw / Deep / Hypnotic),De Rio,2024-01-05,UKN6K2301272,reptilation1 - abo abo,
105541,100,9B,Electronica,Warp Records,1998-08-02,GBBPW9800013,telephasic workshop - boards of canada,
105733,96,,Electronica,F Communications,2012-07-09,FRV229500002,forget it - st. germain,
105734,130.1,,Alternative,,,US2S71910046,mind your own business - automatic,
105735,124,5A,House,Star Creature Universal Vibrations,2026-05-15,GBKQU2641230,get some rest - fugitive artifact,
105736,91.1,,Electro,,,GBT7D1100037,courage (feat gavin turek) - tropics,
105737,118,,Afro House,Platoon,2025-09-26,US23A8753828,"water - thakzin, mörda, osaze, lyrik shoxen",
105738,120,5B,House,Sony Music Labels Inc.,2017-07-07,USMR80400045,sunshine (i can fly) - raul midón,
105814,103,10B,House,Nervous Records,2026-04-17,USNRS2644578,don't forget - pacific coliseum,
105890,129,1B,House,Domino,2021-03-31,GBCEL2000154,when you sleep - my bloody valentine,
106106,121,8B,Afro House,Deep Root Tribe,2026-02-06,QZU7C2600011,africana - breyth,
106190,128.1,,UK Garage / Bassline,Rinse,2025-07-04,GBARL1001491,lights on (single mix) - katy b,
106193,137,7A,Breaks / Breakbeat / UK Bass,Hessle Audio,2011-05-23,GBUMC1000009,don't change for me - ramadanman,
106259,130,3B,Latin,Independent,2023-04-14,QZWDW2303534,"kilo (nick león remix) - the martinez brothers, tokischa, nick león",
106263,70.2,,Electro|Dance,,,UGA262300258,ultra instinct - dj shaun-d,
106450,142,8A,Techno (Raw / Deep / Hypnotic),Spazio Disponibile,2020-01-20,NLM791910010,qatarsi - marco shuttle,
106506,,,Rock,Verve Forecast,2008-04-21,GBXYZ2600004,radial blur - infant,
106620,,,Electronica,Denovali Records,2025-01-31,GB5P51800312,god willing - mansur brown,
106621,89.8,,Latin,LA LOM,2026-03-27,TCAGJ2217733,santee alley - la lom,
106622,121,7A,Electronica,Universal Music Ltda.,2025-04-11,BREMI7300031,a rã - joão donato,
106623,,,Pop,A&M,2025-11-14,USAM16674770,tim dom dom - sergio mendes & brasil '66,
106624,,,Trap / Future Bass,Far Out Recordings,2020-04-17,US25T0612572,sun walkers - jneiro jarel,
106625,120,1B,Organic House,Café Del Mar Music,2024-08-23,GBKQU2458218,laguna - john beltran,
106645,140,4A,140 / Deep Dubstep / Grime,1985 Music,2026-02-26,UKEWB1600489,skunkworks - alix perez,
106659,129,4A,Techno (Peak Time / Driving),Rekids,2017-07-28,GBLTF1700025,feel the same (floorplan extended remix 2) - radio slave,
106668,130,5B,Brazilian Funk,DJ Marlboro,2019-05-02,BRLRE1800089,rap da massa funkeira (dj marlboro remix) - mc ailton,
106815,,,"",,,USSM19700191,brother to the night (a blues for nina) - darius' poem (album version) - spoken word by larenz tate,
106818,86,9B,R&B,Universal (MT),2011-08-29,USBB40580390,come & talk to me - jodeci,
106819,88,5A,Hip-Hop,LL Cool J.,2017-07-28,USMO10000243,hey lover - ll cool j,
106821,91,8B,R&B,Giant,2010-02-16,USGI10100412,what's goin' on - tony thompson,
106822,91,7A,Nu Disco / Disco,Ruffhouse/Columbia,1996-11-26,USSM19503317,tonite's tha night (kris kross redman remix) - kris kross,
106823,94,11A,R&B,Rhino/Elektra,2017-05-26,USEE10412456,sweat you down - sista (2),
106824,92,6A,Pop,Interscope,2018-11-09,USIR19600979,fix - blackstreet,
106825,93,3A,Hip-Hop,Atlantic Records,2007-01-22,USAT20700078,on the hotline (amended version) - pretty ricky,
106826,95,1A,Pop,Def Jam Recordings,1998-08-10,USIR29800197,kiss test - kelly price,
106827,94,3B,Hip-Hop,Blackground Records,2025-05-23,USUYG1353115,rose in a concrete world (j dub remix) - joe,
106828,121,9A,Nu Disco / Disco,550 Music - Epic,1996-10-08,USSM19602001,lonely daze - ginuwine,
106829,130,6B,Trap / Future Bass,Hollywood Records,2020-06-12,USFM90400125,if you love me - jamie foxx,
106830,116,10A,R&B,Blackground/Atlantic,2011-11-28,USAT20101942,don't leave me - intro,
106856,122,11A,House,Main Street,2004-04-01,DEW259900309,"na fe throw it - round five, paul st. hilaire",
106872,,,"",,,GXJ8K2554368,jiggle saw - mina,
106964,101,4A,Trap / Future Bass,Atlantic Records,2004-01-27,USAT20303709,overnight celebrity (feat miri ben-ari) - twista,
107085,131,7A,Breaks / Breakbeat / UK Bass,Dekmantel,2018-05-14,NLTH61800055,dissolve - randomer,
107096,119,3A,Hip-Hop,Columbia (Sony),2025-07-25,USQX92503274,"ring ring ring - tyler, the creator",
107161,115.4,,Funky House,SPRS,2017-12-01,USAT20302037,the real thing - sergio mendes,
107300,129.8,,Electro,,,BEE202500137,do what the sound say - nc,
107311,130,8A,Dance / Pop,Bingo Bass,2009-10-19,GBQGW0900012,blunt edge - dj zinc,
107313,70,1A,140 / Deep Dubstep / Grime,Evil Sky,2025-06-18,GBKQU2547774,devil's hands - drone,
107353,122,3B,Progressive House,All Day I Dream ,2026-02-13,QM4TW2627688,the universe - makebo,
107582,135.2,,Afro House,23OHSIX,2017-05-12,GBLFP1806745,adura lebo - k1 de ultimate,
107583,84.6,,Afro House,23OHSIX,2017-05-12,GBLFP1806746,oba to o - k1 de ultimate,
107584,146.5,,"",,,USCHR1374584,salawa special medley - alhaja queen salawa abeni,
107585,,,"",,,US3DF1716447,my hands are blessed (original) - yinka ayefele,
107586,,,"",,,PS1009900165,etaba - asala yousuf,
107587,,,"",,,PS1009900164,khamas sabayia - asala yousuf,
107588,,,"",,,LBA131500643,aalouch - ali el deek,
107590,88,,African,Platinum Records,2020-10-02,LBA081100575,maghroumah - najwa karam,
107592,98.1,,"",,,DGA052589404,gheby ya shams - saryia berkachi,
107593,106,,Pop,Ninetone,2021-05-01,FRX202095951,mashye l'hajal - rabih al asmar,
107594,110.1,,Tech House,Deported Music,2013-05-20,FRX281708223,wa aayni - asala yousef,
107720,137,1A,Nu Disco / Disco,Island Mercury,1987-05-27,USUM72301921,she works hard for the money (club mix) - donna summer,
107767,104,5B,Nu Disco / Disco,Universal Music Group International,2007-09-07,USMC17706914,"theme from ""which way is up"" - stargard",
107793,137,7A,Nu Disco / Disco,Rush Hour,2022-10-28,NLA242100672,"for your love (kamma & masalo radio mix) - discothèque, kamma, masalo",
107818,125,,"",,,TCAAR1011162,paris hilton - mutsumi,
107825,128,1A,Electronica,V2 / Coop,2010-04-18,DED621000415,sun - caribou,
107852,102,8B,Nu Disco / Disco,Epic/Legacy,2005-07-18,USSM19915101,enjoy yourself - the jacksons,
107941,125,4A,Tech House,Alleviated Records,2017-08-18,US4G90400131,parameters - gherkin jerks,
108074,133,8A,Breaks / Breakbeat / UK Bass,Livity Sound Recordings,2020-09-04,GBRYX2000268,ender - al wootton,
108098,,,"",,,DETB32400456,andrómeda (remastered 2024) - balladium,
108348,121,2A,Tech House,Spectral Sound,2010-01-19,US2J71018810,hurt (martinez dark soul remix) - seth troxler & matthew dear,
108392,140,1A,Techno (Raw / Deep / Hypnotic),Arts,2025-10-24,NLCK42513262,tribal techno - yotam avni,
108805,86,10A,Electronica,BBE Music,2022-08-12,GBEQT2100211,"my life - noriko miyamoto, isao suzuki",
109051,121,7A,Nu Disco / Disco,Arista/Legacy,2014-03-14,USAR10001151,love will save the day (extended remix) - whitney houston,
109054,123,6A,Nu Disco / Disco,Z Records,2025-08-22,GBPKF2500082,"down down down (maxi club mix) - dave lee, raw essence",
109061,122.1,,Nu Disco / Disco,Z Records,2025-06-13,GBPKF2500056,"what about my love (michael gray extended remix) - dave lee, maurissa rose, michael gray",
109168,121,5A,Nu Disco / Disco,Legacy Recordings,2021-12-03,USPH37800028,only you - teddy pendergrass,
109180,85,4B,Electronica,Warp Records,2000-11-17,GBBPW0000140,kid for today - boards of canada,
109309,123,7B,Indie Dance,Crosstown Rebels,2025-03-14,GB7NR2532603,particles (angelos remix) - secret echoes,
109397,91,7B,Caribbean,Major Lazer / Because Music,2025-10-03,USZ4V2500375,gangsta (bontan remix) - major lazer,
109635,128,5B,Mainstage,MADMINDS,2026-04-24,NLF712601943,side2side (extended mix) - roddy lima,
109636,132,3A,Melodic House & Techno,PACT Music,2026-04-17,FR9W12613129,unify - pact,
109637,130,8A,Progressive House,Experts Only,2026-04-15,USA2P2605963,status:away - john summit,
109638,130,9B,Dance / Pop,Experts Only,2026-04-15,USA2P2605964,shades of blue - john summit,
109639,128,12A,Dance / Pop,Experts Only,2026-04-02,USA2P2605969,chica 305 - john summit,
109640,,,Progressive House,mau5trap Recordings Limited / Arkade / Epicwin Ltd.,2023-07-07,USA2P2605973,cyanide - john summit,
109641,140,,Progressive House,mau5trap Recordings Limited / Arkade / Epicwin Ltd.,2023-07-07,USA2P2605965,sata - john summit,
109642,130,4A,Tech House,GDB RECORDS,2026-03-25,QZVEM2634825,don't want none - ayybo,
109677,130,12B,Dance / Pop,Catchy Tunes,2010-03-08,SEWBD0800805,cry for you (radio edit) - september,
109752,105,12B,Ambient / Experimental,Smalltown Supersound,2025-10-03,NOSTS2544010,slipping (carmen villain remix) - bendik giske,
109804,123,12A,Melodic House & Techno,Anims,2024-08-09,DEY472477235,apple packet (original mix) - darlow,
109805,124,12A,Melodic House & Techno,Get Physical Music,2025-11-14,DEBE72500701,"impulse (extended mix) - helsloot, tom zeta",
109806,124,12A,House,Terms & Conditions Records,2025-12-12,GBLV62523361,freedom fighters - jean massey,
109807,123,9B,Indie Dance,Discolypso,2025-03-28,QM6MZ2514011,replicants (rigopolar remix) - beyond the struttosphere,
109812,99,10B,Electronica,K7 Records,2014-12-22,GBAAN0201305,bug powder dust (kruder & dorfmeister dub) - bomb the bass,
109884,123,12B,Indie Dance,Joyce Muniz Music,2023-02-03,DEGL62200303,arrivederci bella - joyce muniz,
109960,125,4B,Indie Dance,PlanetX,2025-08-15,GXFCP2500219,billy's here - alt control,
109962,126,12B,Dance / Pop,Atlantic Records,2022-10-07,CYA112001121,"pump it louder (extended mix) - tiësto, black eyed peas",
110011,105,6A,Techno (Raw / Deep / Hypnotic),Drawner Records,2024-09-02,CH6542447522,fiasko - vxlr,
110104,125,10B,House,LOVE ON THE ROCKS,2025-08-29,GBKQU2552322,badass music - pancratio,
110145,124,10A,House,Hottwerk Records,2026-04-10,UKFR32601422,sun brings joy (feat donald waugh) [isle of acid mix] (isle of acid mix) - jon dasilva,
110215,128,9B,House,HOUZ Records,2026-03-13,QZ5FN2671776,make it - elte,
110256,122,5A,Indie Dance,City Slang,2024-07-18,DED622200017,"machina (ft mariana saldaña) - boy harsher, boan",
110286,151.9,7B,Hard Dance / Hardcore / Neo Rave,TELETECH,2025-04-11,DEH742510138,warehouse tool - jokesonyou,
110303,152,2B,Trance (Main Floor),Powertrance,2025-07-03,FRDX62506290,i feel you - pleasant michelle,
110464,120,6B,House,Phonogramme,2015-10-09,FR9W11509720,l - 1805 - 14 - lisière collectif,
110543,100,12A,House,Big Saldo's Chunkers,2023-07-13,GBQLP2300330,hit it - sally c,
110555,124,3B,Indie Dance,Experts Only,2025-11-28,USA2P2561508,dynamite - millero,
110887,122,6A,Nu Disco / Disco,Glitterbox Recordings,2019-09-20,GBCPZ1916257,boogie 2nite (extended mix) - seamus haji,
111017,120,8B,Afro House,VOD,2025-08-15,DEEC33502091,"111 - ape drums, jamiie",
111142,78,3B,Dance / Pop,7CULT,2026-03-27,US3DF2624081,sweet nothings - oskar med k,
111144,127,5A,Deep House,Limousine Dream,2026-04-10,DEY472671546,now then soundboi - dombee,
111145,128,5A,Minimal / Deep Tech,R.A.N.D. Muzik Recordings,2026-04-17,DEH742601475,ghost in the jar - stbr,
111146,130,8A,Minimal / Deep Tech,Up The Stuss,2023-09-01,USZXT2352129,hazy gaze - locklead,
111147,130,6A,Minimal / Deep Tech,Vatos Locos,2026-04-10,GBKQU2631654,futuristic astronaut - nomad (mx),
111148,127,7B,House,Snatch! Records,2026-04-16,GB9UU2600065,london (extended mix) - deepmore,
111149,128,4B,Tech House,91HZ,2026-04-17,CA5KR2645093,up in smoke (dj simi remix) - gianni ruocco,
111150,,,House,Back Hand Records,2023-10-20,GBLV62522454,monday disco - alvaro medina,
111151,128,5A,Deep House,Locus,2026-03-27,FR2X42638663,this sound - alvaro medina,
111152,124,1A,Tech House,The Dribble,2026-04-17,CA5KR1826930,flat top (original mix) - ario,
111153,129,10A,Minimal / Deep Tech,DRG Limited,2026-01-16,DEH742538269,kill two birds with one stone - baban,
111154,130,,"",,,DEW872602224,close your eyes (extended mix) - giorg,
111155,130,7B,Minimal / Deep Tech,Locus,2026-03-27,FR2X42638664,go - james dexter,
111156,128,8B,Minimal / Deep Tech,range.,2025-03-13,GBKQU2519518,talk dirty to me (ft kindbud) - mariche,
111157,130,11B,Minimal / Deep Tech,LYC MUSIC,2026-04-17,CA5KR2606112,act right (original mix) - michael grald,
111159,123,2B,Deep House,Highway Records,2023-12-15,GBLV62310111,"keep u happy (dj skif remix) - sergey sanchez, thierry tomas",
111160,130,9B,Minimal / Deep Tech,Vatos Locos,2026-04-10,GBKQU2631656,hundred universes (michael james remix) - nomad (mx),
111161,129,7B,Minimal / Deep Tech,Take Notes,2026-04-24,GBKQU2639763,like you do - ag swifty,
111162,130,1A,Minimal / Deep Tech,Rapture's Deli,2026-04-17,CA5KR2646004,mika's monkey (sepp remix) - adam bogdan,
111163,130,6A,Minimal / Deep Tech,Uncut,2026-04-30,GBKQU2639903,bass hat - kirkie,
111164,130,7B,Minimal / Deep Tech,BOX RED,2024-03-01,GBKQU2415954,feel the music - jamback,
111165,129,4A,Minimal / Deep Tech,BOX RED,2024-03-01,GBKQU2415955,catch me - jamback,
111166,129,11B,Minimal / Deep Tech,POWER TRIP RECORDS,2026-04-17,USLZJ2601261,danza (radio edit) - naju,
111167,132,2A,Minimal / Deep Tech,REBLS,2026-04-17,QZG2X2606568,you know me (extended mix) - santi dominguez,
111168,65,11A,Minimal / Deep Tech,Distance Music,2026-03-13,CA5KR2637178,bem ma mi - rub a dub,
111169,128,9A,Minimal / Deep Tech,Poker Flat Recordings,2026-03-13,DEL022620006,don't stop the music (extended) - steve bug,
111170,130,1A,Tech House,Ball Park,2026-03-06,GBKQU2617671,where i'm from - suadi,
111171,132,8A,Dance / Pop,Flâneur Music,2026-02-20,US39N2629736,i've gotta (extended mix) - semmi amdouni,
111172,129,12B,Minimal / Deep Tech,Locus,2026-03-27,FR2X42638666,hustle - summer ghemati,
111173,130,9B,Minimal / Deep Tech,Eastenderz,2025-02-07,GBLV62419204,dizzy hum - louden,
111174,130,9B,Minimal / Deep Tech,ACCUSED,2026-05-08,GBKQU2645804,cold evidence - aca (yu),
111175,132,11A,Minimal / Deep Tech,Hush.,2026-04-23,GBKQU2631981,s.t.w. (radio edit) - candidate,
111176,127,2B,Minimal / Deep Tech,ENOUGH! MUSIC,2026-04-17,FR59R2627644,rave acid - plusculaar,
111177,127,3B,Minimal / Deep Tech,Dushe Label,2026-02-20,GBKQU2607542,pendiente - santiago gamell,
111178,130,8B,Minimal / Deep Tech,Agape Muzik,2025-04-04,GBKQU2526066,under the strings - leo meizoso,
111179,135,3A,UK Garage / Bassline,ACCUSED,2026-05-08,GBKQU2645805,chaos in the garage - aca (yu),
111180,131,11A,Minimal / Deep Tech,ROSSI.HOME//GRXWN.,2026-02-20,USA2P2532100,release - rossi.,
111182,133,8A,Funky House,Dig,2025-04-11,UKU932530268,green cantaloupe (original mix) - fede aliprandi,
111183,131,8A,Minimal / Deep Tech,Factory 93 Records,2026-03-06,NL8RL2589702,talk is cheap - sidney charles,
111403,130,6A,Bass / Club,Bellyfat,2025-12-05,QZZ8B2578877,hoes link up - zora jones,
111580,134,9B,Techno (Peak Time / Driving),Alula Tunes,2025-10-10,US83Z2558037,voices - roman adam,
111674,121,,Tech House,Desolat,2026-07-10,US4LK0501701,jacuzzi games (original mix) - loco dice,
111676,124,5B,Deep House,Neurotraxx Recordings,2009-09-21,DEDL80801979,nyota - gorge,
111678,125,8A,Tech House,Ovum Recordings,2007-05-18,US4LK0701811,freakside - shlomi aber,
111679,124,3A,Tech House,Kindisch,2010-04-26,DEBE71000006,stay down - findling & lihab,
111681,126,4B,Tech House,Audiomatique,2021-07-02,DEL021150009,vulcanic ass - piet van dongen,
111682,123,9B,Dance / Pop,Strictly Rhythm Records,2026-01-28,QMRSZ1901716,higher state of consciousness (adana twins remix two) - josh wink,
111683,127,1B,Mainstage,La Musique Fait La Force,2013-10-07,GBCMQ0800001,kinetic (orbital mix) - golden girls,
111684,124,8A,Deep House,Phonogramme,2023-11-06,FRIDO2314264,how u do it - abacus,
111687,123,12B,Tech House,Connected Frontline,2016-02-05,DEU671601049,body - re.you,
111688,125,6A,Tech House,Moon Harbour Recordings,2008-03-03,DEX040700032,rugby (no tom edit) - matthias tanzmann,
111689,125,1A,Tech House,Get Physical Music,2009-04-13,DEBE70900039,get smarter - audiofly x,
111912,120,7A,Electronica,Animal63,2017-04-07,FR10S1769771,territory - the blaze,
111969,140,2A,Deep House,Wisdom Teeth,2025-06-20,GBHLW2501002,skyline 4 - facta,
112151,155,4B,Dance / Pop,Hot Meal Records,2024-08-29,CA5KR2487287,tick tock - mischluft,
112222,74,1B,Techno (Peak Time / Driving),Drum Workouts,2024-04-19,GBKQU2435756,rinsey - longeez,
112346,152,11A,Trance (Main Floor),DistroKid,2025-08-01,QZTBF2571382,"one of these days (dyfmh flip) - butschi, sandsy",
112360,128,8B,Tech House,NoZzo Music,2025-11-28,GBLV62514879,stuffy - angel heredia,
112471,126,6A,Minimal / Deep Tech,Gettraum,2020-04-13,DEH742004956,gonna get (dub) - traumer,
112481,123,5A,Nu Disco / Disco,Kaninchenbau,2024-08-30,GBKQU2472660,get back - gledd,
112516,126,7B,Techno (Peak Time / Driving),Subios Records,2022-10-28,US83Z2233094,downtown (david phoenix remix) - maurin,
112564,129,10A,House,Columbia (Sony),2017-09-21,GBAHK0700114,superstylin' (ga10 version) - groove armada,
112581,138,12B,Techno (Peak Time / Driving),Drawner Records,2025-12-02,CH6542591680,get in - arkan,
112754,140,3B,Techno (Raw / Deep / Hypnotic),TH Tar Hallow,2024-06-07,NLCK42403324,pimp - jsprv35,
112783,135,8B,Techno (Raw / Deep / Hypnotic),Moving Pressure,2024-04-12,NLCK42402661,escaping siro - rene wise,
112794,67,8B,Techno (Raw / Deep / Hypnotic),Sonic Groove,2024-11-08,USM2Q0800981,atom soldiers - mike parker,
112797,136,10B,Techno (Raw / Deep / Hypnotic),Source Artists,2022-05-25,NLCK42214598,hidden motive (original mix) - adriana lopez,
112847,136,8A,Techno (Raw / Deep / Hypnotic),ANGLS,2022-10-07,NLCK42217889,hidden spider - dimi angelis,
112853,138,5B,Techno (Raw / Deep / Hypnotic),Token,2024-03-15,BEN582300958,astral plane - border one,
112919,140,2A,Techno (Raw / Deep / Hypnotic),Newrhythmic Records,2025-10-17,NLCK42515629,extract 4.1 - temudo,
112920,134,8B,Techno (Peak Time / Driving),Newrhythmic Records,2024-06-07,NLCK42408283,twilight´s embrace - mesh convergence,
112921,92,11A,Techno (Raw / Deep / Hypnotic),Newrhythmic Records,2024-04-05,NLCK42403420,caledonia - fixeer,
112922,142,5B,Techno (Raw / Deep / Hypnotic),Sublunar,2024-09-27,NLCK42415653,mooree - cirkle,
112923,132,3A,Techno (Raw / Deep / Hypnotic),Suara,2026-06-25,ES84B1810190,mercury (james ruskin remix) - jeff derringer,
112924,138,2A,Techno (Raw / Deep / Hypnotic),Newrhythmic Records,2025-12-05,NLCK42520007,megastructure 0x13 - thegod01,
112925,136,12B,Techno (Raw / Deep / Hypnotic),Participation,2023-12-15,QMEU32313530,matching claps - tadeo & jon hester,
112926,132,4A,Electro (Classic / Detroit / Modern),Turbo Recordings,2025-07-25,DEG932502612,"ich und meine ubahn (architectural remix) - 11schnull, newinfluenzer, architectural",
112927,154,3A,Bass / Club,LAYER Records,2024-11-07,UKRXP2510001,our sector (azu tiwaline & cinna peyghamy remix) - ben klock & fadi mohem featuring flowdan,
112965,124,10A,Indie Dance,Pantai People,2020-10-23,UKACT2031887,tony - austin ato,
113049,132,3A,Indie Dance,Koltrax,2025-06-13,DEH742515715,ridin' hi (edit) - m-high,
113076,113,9B,Latin,Discos Fuentes,2025-04-01,COF019000026,tiro al blanco (instrumental) - afrosound,
113077,,,"",,,GBCLQ2201680,vem pra casa - curió curió,
113104,125,12B,House,Classic Music Company,1989-12-15,GBCPZ8918001,"kan ya feel the houze (mdz vocal to da dunn mix) - mike dunn, mdz lil' pouche",
113105,128,10A,Tech House,Substandard Deviations,2025-12-19,USYBL2511162,tha powah - escaflowne,
113106,130,,"",,,QZS662577398,el baile - gertr4cks,
113107,133,3A,Tech House,Substandard Deviations,2025-08-15,USYBL2510143,bop - escaflowne,
113108,65,6A,Tech House,Hot Creations,2023-05-12,GBK6Y2321003,tabasko - manda moor,
113109,134.1,,"",,,GB8KE2607867,back it up (extended mix) - jack wostear,
113110,140,4B,Techno (Peak Time / Driving),Discos Nutabe,2026-02-16,USA2P2571301,doble filo - regal86,
113111,145,1A,House,Mad Motion,2026-04-24,UKWNM2600002,cake - dave the hustler,
113123,130,12A,Minimal / Deep Tech,Precious Stones Recordings Ltd,2026-07-10,GBKQU2645826,love me baby - emerald,
113130,132,12B,Minimal / Deep Tech,neXup recz,2026-02-27,GBKQU2619388,higher heights - ellis garner,
113155,140,4A,140 / Deep Dubstep / Grime,Deadbeats,2026-07-17,USZXT2660308,stop scheming - zero,
113183,125,6A,House,FWM Entertainment,2021-10-29,QZPD22100020,life is back - ash lauryn,
113210,136,1B,DJ Tools / Acapellas,MTA Records,2010-08-30,GB6UF1000007,what you talking about!? (a cappella) - redlight,
113340,100,5A,Hip-Hop,RCA Records Label,2007-12-24,USRC19300127,shame on a nigga - wu-tang clan,
113365,142,5A,House,Rinse,2026-07-03,FRX202675733,nevermind - mona yim,
113447,125,10A,Techno (Peak Time / Driving),Palette Recordings,2004-01-01,USPG20400035,unit b1656 - john tejada,
113529,124,7A,House,MAW Records,1998-05-08,GBKQU2128665,pienso en ti (nuyorican mix) - maw,
113543,128,10A,Dance / Pop,Brighter Days Family,2023-05-30,GBLFP2328345,breathe - brighter days family,
113596,97,12B,Techno (Peak Time / Driving),INVT,2021-03-05,QZFZ62029775,decompression - invt,
113598,125,10A,House,Inhouse,2021-02-26,USMKQ2100012,i was dancing - todd terry,
113599,134,8A,UK Garage / Bassline,Project Allout Records,2019-05-06,GBKQU1942969,ere come - brock uk,
113600,132,4A,UK Garage / Bassline,Antidote,2026-06-26,CA5KR2657630,rock the house - ac slater,
113601,132,5A,UK Garage / Bassline,Alec Dienaar,2026-05-08,NLCK42606645,what's da record (ned bennett remix) - alec dienaar,
113602,139,8A,Progressive House,Aonaran,2026-07-17,CBEFB2604013,uplift/better days - disfreq,
113603,128,7B,Tech House,Atlantic Jaxx,2022-05-20,GBBKS2600242,where's your head at (tonz remix) - basement jaxx,
113604,125,9A,Deep House,Papa Records,2013-12-02,GBCEN1300918,the renegade (special request murder mix) - friend within,
113627,146,7B,Latin Electronic,Susonidos,2026-03-13,BEIL22600118,cumbia de la chikungunya - susobrino,
113726,140,5A,Bass / Club,Incienso,2021-06-11,USYBL2100965,viewing space - downstairs j,
113821,122,5A,Deep House,Don't Just...,2026-06-26,GBKQU2667865,human fundamentals - j.o.s.h.u.a,
113868,129,8A,Nu Disco / Disco,Record Shack,2014-11-24,DEY470935596,you've got me hung up - king tutt,
114084,122,5A,House,Glitterbox Recordings,2019-09-20,USAR11700304,i'm every woman (clivilles & cole house mix i) - whitney houston,
114101,130,12A,Minimal / Deep Tech,Precious Stones Recordings Ltd,2026-07-10,GBKQU2663199,love me baby (amaliah remix) - emerald,
114102,130,11B,Tech House,Precious Stones Recordings Ltd,2026-04-03,GBKQU2622564,mini keum - viktor mercier,
114103,128,11B,House,Precious Stones Recordings Ltd,2026-07-10,GBKQU2662843,love me baby (hidden spheres remix) - emerald,
114104,131,6B,Trance (Raw / Deep / Hypnotic),Exploited Club,2026-07-17,DEGL62600029,power - psycho weazel,
114105,133,11B,Trance (Raw / Deep / Hypnotic),X & Ivy,2026-06-12,CBEFB2603106,arcade lust - x & ivy,
114106,102,4A,Minimal / Deep Tech,Precious Stones Recordings Ltd,2026-07-10,GBKQU2663200,love me baby (la la's pure quality goods remix) - emerald,
114107,140,12A,Techno (Raw / Deep / Hypnotic),Precious Stones Recordings Ltd,2026-07-10,GBKQU2663202,love me baby (dreamrdreamr remix) - emerald,
114108,87,8A,Electronica,Clone Classic Cuts,2017-02-17,NLL561706987,cinematic-automatic - le car,
114109,142,10B,Electro (Classic / Detroit / Modern),Bass Agenda Recordings,2020-06-01,NLCK41067631,wave energy - mr gentle,
114111,142,12A,Breaks / Breakbeat / UK Bass,Precious Stones Recordings Ltd,2026-07-10,GBKQU2663201,love me baby (case remix) - emerald,
114112,,,Bass / Club,fabric Records,2023-07-11,GBLZC0500006,kingstown (dub) - kode9,
114113,140,7A,140 / Deep Dubstep / Grime,VERSION,2020-04-10,DEMM42001073,natural charge - loefah,
114114,140,12A,140 / Deep Dubstep / Grime,Rinse,2018-07-31,GBQGW1400014,trapped - proxima,
114115,71,8A,140 / Deep Dubstep / Grime,Deep Medi Musik,2011-10-03,GBZSU0900136,sublimation - goth-trad,
114116,144,12B,140 / Deep Dubstep / Grime,Infernal Sounds,2020-11-06,GBLV62006260,shijima's revenge (original mix) - j:kenzo,
114117,70,2B,140 / Deep Dubstep / Grime,Tempa,2011-03-21,GBQGW1100002,carbon aliens - coki,
114118,70,12B,140 / Deep Dubstep / Grime,Deep Medi Musik,2012-06-11,GBZSU1200169,out of reach - v.i.v.e.k,
114120,70,3A,140 / Deep Dubstep / Grime,Blacklist (Innamind),2018-05-18,USA2P1830283,step fwd (original mix) - v.i.v.e.k,
114154,97,,"",,,USUYG1007064,up! (beat the pussy up) [radio] - loverance,
114161,137,9A,Latin Electronic,Club Romantico,2026-07-02,USZ4V2600294,bby - gяeg,
114192,126,3A,Dance / Pop,Ministry of Sound Recordings,2010-06-15,DKEW50600104,"calabria 2007 (acapella) - enur, natasja",
114198,130,3A,Techno (Peak Time / Driving),Night Slugs,2013-07-09,GBQLP1300253,code switch (club mix) - hysterics,
114199,129.8,,Brazilian Funk,Nectar Wave,2025-09-23,BC3PG2503647,joga tudo - mc nito,
114200,127,4A,Bass / Club,Principe,2025-11-26,DEX262501275,capucho do xaboy - helviofox,
114201,98,3A,Breaks / Breakbeat / UK Bass,Lit City Trax,2017-10-20,USYBL1701479,hum - paul marmota,
114202,66,12A,Rock,One Little Independent Records,2018-06-08,GBBTF0100083,pagan poetry (video edit) - björk,
114203,80,4A,Bass / Club,International Chrome,2024-04-26,NLCK42405398,getcha - frenquency,
114204,87,7A,Pop,Parkwood Entertainment/Columbia,2014-11-24,USSM11307806,mine - beyoncé,
114227,163,10B,Rock,Sub Pop Records,2022-05-06,USSUB2150803,everything made more sense (remastered) - elevator to hell,
114228,161,7A,Pop,IRS CATALOG MKT (I91),2016-04-22,USCA21100770,lust to love - the go-go's,
114229,77,5A,Electronica,Ribbon Music,2011-06-28,GBVCE1149002,quantum leap - john maus,
114230,116,8A,Pop,Parlophone UK,2018-02-23,USJT11600372,be my wife (2017 remaster) - david bowie,
114231,147.8,,Dance / Pop,Tremble,2021-04-23,ATC011900137,867-5309-jenny - bracket,
114232,,,Progressive House,Explosion Recordings,2019-04-15,US35U0411807,three unkind silences - one last wish,
114233,,,"",,,QM4TX2078334,copper and stars - planes mistaken for stars,
114234,121,8A,Hip-Hop,SVM Digital / OGP Digital,2021-01-28,GBCEL0500329,shipyards - leatherface,
114235,84,8A,Rock,Sub Pop Records,2012-11-02,USSUB0310364,behind the garage - eric's trip,
114236,161.5,,"",,,TCACW1735345,night isn't bright - sheer mag,
114237,114,11A,Rock,Rhino/Warner Records,2019-09-06,USRE10800742,alex chilton - the replacements,
114238,130,9B,House,Epic/Legacy,2014-10-10,USSM18300650,time after time - cyndi lauper,
114239,114.9,,"",,,GX8LE2632716,i left a message for you - sadness,
114240,75,10B,Pop,RCA Records Label,2023-05-26,GBHMU2000041,break up song - little mix,
114241,82,5A,Rock,Victory Records,2021-04-01,USVIC0524401,with a thousand words to say but one - darkest hour,
114242,117.1,,"",,,CAD320200006,waterwings (and other pool side fashion faux pas) - alexisonfire,
114342,128,10B,Afro House,Kalabana Records,2020-11-23,QZHN41934447,malaia (reprise) - studio bros,
114399,94,5A,Latin,Interscope Records / Universal Music Latino,2026-03-05,USUM72600994,tic tac (hour love) - bad gyal,
114400,92,7A,Hard Techno,Evil Grimace Records,2020-12-06,GBLV62031046,a demain (original mix) - evil grimace,
114401,157,6B,Hip-Hop,Universal Music Distribution France,2024-12-08,FR9W12458705,"laid back - lyele, la fève",
114402,,,Caribbean,Afrolombia,2026-05-15,USHM92115135,ezra entrena el bumbum (midflight edit) - moro,
114403,84,1B,Latin,DALE PLAY Records,2026-06-06,UYB282657970,tu amigo - six sex,
114404,100,12A,Electronica,LOVE IN THE ENDZ,2026-06-12,GXHG92669172,instars - bk beats,
114405,85,9A,African,Nakamura Industrie,2025-11-20,FXR792500036,obsession - aya nakamura,
114406,109,9A,Hip-Hop,Atlantic Records,2025-11-12,USAT22504712,pretty & petty - cardi b,
114407,135.9,,"",,,FR9W12613235,precious - domingo cruz,
114408,,,Hip-Hop,Universal Music Division Capitol Music France,2023-02-21,FR9W12618865,catwalk - ziak,
114409,72,5B,Electronica,Ataraxie,2026-04-15,FRDX62603630,half past six - zero crossing point,
114410,140,4A,Breaks / Breakbeat / UK Bass,TETE VIDE,2026-06-19,FRR642601602,drop that - phasmid,
114411,80,5A,Breaks / Breakbeat / UK Bass,MAJÍA,2020-08-14,GBHLW2002584,escolopendra - rattlesnakke,
114451,79,1A,Nu Disco / Disco,RCA Records Label,2015-01-09,USRC11401534,let it burn - jazmine sullivan,
114499,123,7A,House,Miroma,2011-12-11,USSR39317402,under control (shelter mix) - k.c.y.c.,
114683,110,12B,Trap / Future Bass,OT Records,2012-11-23,ITB451000717,keep on grooving (12 inch) - the armed gang,
114684,117.5,,"",,,ITB450900032,you can lead me - firefly,
114685,110.7,,"",,,NLP431700017,put on your specs again - fruitcake,
114686,117,10B,Nu Disco / Disco,Mr. Disc Organization,2022-03-18,ZZOPM2225907,gotta take your love - game,
114687,114,9A,House,Fulltime Production,2018-03-30,ITC899000059,bite the apple - rainbow team,
114688,114,10A,Trap / Future Bass,OT Records,2012-11-23,ITB450900043,ask the boss (remix version) - flowchart,
114689,116,5B,Dance / Pop,Best Record Italy,2020-02-05,ITN341800500,nuts on me (vocal) - matakena,
114690,127,5B,Dance / Pop,Club Azur,2024-07-26,FR9W12430002,"want you so bad (extended mix) - edd, club azur",
114691,120,12A,Dance / Pop,Best Record Italy,2019-09-19,ITN341800506,gimme your love (vocal) - the gongs gang,
114693,120,11A,Electronica,Universal Music Italia srL.,2023-10-27,ITQY42300015,"che caldo (extended version) - elasi, anoraak",
114694,120,5A,Electronica,Kwaidan,2020-07-02,FR13Z1900086,tutto va bene quando facciamo l'amore (pilard extended version) - alex rossi,
114695,128.1,,Pop,Playaudio,2026-02-23,ITB007770549,balla ba - franco califano,
114696,124,6A,Pop,BMG Rights Management Italy S.R.L.,2026-01-28,ITDV92500248,il vecchiaccio (diversamente giovane remix) - bruno lauzi,
114697,128,3A,Nu Disco / Disco,House Of Disco Records ,2022-02-11,DEY472179777,continuamente - d'arabia,
114758,122,1B,Bass / Club,Afrotainment,2025-10-10,USA2P2552659,"awungazi - dj tira, pcee, campmasters",
114964,157,10B,140 / Deep Dubstep / Grime,1985 Music,2021-04-30,UKEWB1600189,dark guru (original mix) - visages,
114983,138,3A,Brazilian Funk,GMusic,2025-08-29,BX6IQ2500218,"jatada ritmada - lucas kid, rxfx",
115310,124,6A,House,Pleased As Punch,2025-06-27,GBKQU2553878,hold on honey (feat adeva) [extended mix] (extended mix) - groove p,
115329,106,7A,Nu Disco / Disco,Late Night Tales,2012-11-05,FR22F7900340,like an eagle - dennis parker,
115416,143,1A,Techno (Peak Time / Driving),Life In Patterns,2024-05-31,DEVV92401003,high voltage - ferdinger,
115504,135,7A,Electronica,GMusic,2025-08-01,BX6IQ2500214,firme - holandês,
115557,138,8A,Trap / Future Bass,NLV Records,2026-05-08,QM6MZ2677406,shot caller (shuga's edit) - nina las vegas,
115580,87,8B,African,Private Music,2001-05-14,USPM18701006,tana mana - ravi shankar,
115620,67,3A,R&B,VP Records,2013-10-17,USAT20611288,break it off (feat rihanna) - sean paul,
115660,141,4A,140 / Deep Dubstep / Grime,White Peach Records,2021-07-23,GX3Q92112523,wings - yoofee,
115824,130,10A,Dance / Pop,Johnny Bravo,2022-02-02,FR9W12111770,colou - johnny bravo,
115872,148.2,,Pop,WM Finland,2020-01-13,USCHR1397460,kings music - jah shaka,
115973,108,4A,Bass / Club,The Herd Records,2026-01-16,US6R22577179,bend yo back - lamsi,
116027,155,3A,Trap / Future Bass,Dirty Knock,2014-07-07,NLC6H1400009,booty bounce - lil mz 313,
116068,134,1A,House,Major Records NYC,2026-06-05,USA2P2629718,prime time at the sizzler (the carry nation remix) - triple five sol,
116112,67,11A,UK Garage / Bassline,HZ Records,2025-03-07,QZPEW2525743,exo exo - dutch sauce,
116193,152,5A,Electro (Classic / Detroit / Modern),Pineapple Records (UK),2026-03-05,CA5KR2635694,wicked set (amy kisnorbo rmx) - jakes,
116212,124,5A,Afro House,HI-BRID RECORDS,2025-11-07,EGA020500451,haramt ahebak - warda,
116232,127,6A,House,Defected,2026-07-10,GBCPZ2625393,soul makossa (extended mix) - melé,
116489,140,12A,Techno (Raw / Deep / Hypnotic),Tectonic,2025-10-23,UK4942500058,"slowly drifting - beatrice m., sub basics",
116604,133,6B,Techno (Raw / Deep / Hypnotic),Dekmantel,2026-07-17,NLTH62600058,mirror phase - efdemin,
116643,,,Breaks / Breakbeat / UK Bass,Control Freak Recordings,2023-04-14,UKU932582708,ghost town - henry greenleaf,
116685,148,8B,Caribbean,VP Records,2026-04-30,USVPR0208558,(dry cry) just one of those days - sizzla,
116687,74,6A,Dance / Pop,Trojan Records,2017-03-01,FR5U10600673,world-a-music (world a music) - ini kamoze,
116810,111,4A,Electronica,Blank Mind,2025-11-07,GBQLP2500603,no hoist - dj ojo,
116813,115,9B,House,Smallville Records,2009-08-31,DECY50981142,meandyou.dub - lowtec,
117072,92,5A,Ambient / Experimental,Ghostly International,2025-03-14,US2J72504608,26°c - whatever the weather,
117257,,,"",,,ITB001700316,"neanche un minuto di ""non amore"" - lucio battisti",
117264,113,4A,Bass / Club,Maloca,2025-12-03,DEG932505174,bed bubble - will hofbauer,
117265,122,5A,House,Negative Space [Ma] Records,2020-03-20,GBJX31997003,"no longer, not yet - unperson",
117266,122.8,,Electro|Soul & Funk,Feedasoul Records,2023-03-17,USCGJ2382867,momentos - dj raff,
117267,123,7B,Tech House,Dubwise Records,2015-03-16,DEH741501766,dubtronics - grant dell & jay tripwire,
117268,126.8,,Dance,The Bricks,2023-04-21,UKWNJ2000047,dirty dungeon - len lewis,
117269,96,10A,House,CSM,2000-06-22,USDFX1000016,shine (original mix) - john selway,
117326,109,4B,Latin,2016 Discos Fuentes,2016-10-24,COF019500513,"dale al bombo - the latin brothers, john jairo",
117331,122,8A,Latin,Divucsa Music,2025-09-05,ES6341300059,woman - barrabas,
117449,123,9A,Trap / Future Bass,A&M,1996-07-16,USAM10200263,ai no corrida - quincy jones,
117483,,,"",,,USSM11304254,love from the sun - norman connors,
117484,109,11A,Nu Disco / Disco,Sound Signature,2012-08-24,DEZ651204965,"black music (i love you) - theo parrish, craig huckaby",
117485,86.8,,Dance / Pop,Ropeadope,2019-04-05,USMR19786784,down to now - the last poets,
117486,,,"",,,QM73S1400016,i love being black (chant) - black youth project 100 choir,
117487,95,1A,R&B,Geffen,2021-06-25,USMC17119071,i am the black gold of the sun - rotary connection,
117488,102,11B,Trap / Future Bass,Columbia/Legacy,2019-03-22,USSM17400781,"sun goddess - earth, wind & fire",
117489,121.4,,Caribbean,jackpot,2011-10-18,USA560558824,black woman - judy mowatt,
117490,85,,Electronica,Café Del Mar Music,2025-01-17,USQY51723819,remember - p sol,
117492,89.6,,"",,,US2S70633003,face the sun (africa) - madlib,
117493,98.7,,Trap / Future Bass,BBE Music,2020-05-15,USUR10301313,hummin' in the sun (album version) - roy ayers,
117729,84.9,,"",,,USYBL2601334,make it right - raisa k,
117870,142,7A,Techno (Raw / Deep / Hypnotic),Children Of Tomorrow,2026-01-09,DEKB72565733,dark crisis (original mix) - sym,
117954,104,5A,Techno (Peak Time / Driving),SOPTIK,2023-05-05,NLCK42230591,iridescent effect (original mix) - maasym,
117955,135,4B,Techno (Peak Time / Driving),Deeply Rooted,2017-11-05,FR9W11719181,gamma ray subway - ben sims,
117956,142,3B,Techno (Raw / Deep / Hypnotic),Hidden Source,2024-04-01,NLCK42401237,paranoid - fhase 87,
117957,145,11B,Techno (Raw / Deep / Hypnotic),Observant,2022-08-24,NLCK42217417,eris (original mix) - justyn nell,
117958,135,12A,Techno (Peak Time / Driving),Hardgroove,2012-03-12,NLMH61200017,the hound (a.paul remix) - ben sims,
117959,142,7A,Techno (Raw / Deep / Hypnotic),Planet Rhythm,2024-05-03,NLCK42403920,disorder 7 - black mirror park,
117960,140,6B,Techno (Raw / Deep / Hypnotic),Dust In Grooves,2024-05-15,NLCK42405560,sigma - mode_1,
117961,144,3A,Techno (Raw / Deep / Hypnotic),Arts,2022-07-15,NLCK42216274,white collar addict (original mix) - human safari,
117963,143,5A,Techno (Raw / Deep / Hypnotic),EXISTENTIA ,2024-04-17,NLCK42403821,destination unknown - flug,
117964,140,2A,Techno (Raw / Deep / Hypnotic),Mutual Rytm,2024-05-03,DEH742412931,rejected - gary beck,
117965,140,1A,Techno (Raw / Deep / Hypnotic),Figure,2024-03-01,GBKQU2412453,friedrichshain funk (polygonia remix) - len faki,
117995,137,10A,Techno (Raw / Deep / Hypnotic),Token,2022-11-25,BEN582200416,nautilus (marcal remix) - kr!z,
118093,128,10A,House,Black Book Records,2024-07-12,USBBR2400001,paradise ii - harry romero,
118120,86,3A,Bass / Club,A-Biotic,2024-08-05,FRDX62404750,tropological spaces - raär,
118121,85,1A,Techno (Raw / Deep / Hypnotic),A-Biotic,2024-08-05,FRDX62404760,minimal interaction - raär,
118124,80,2A,Trance (Raw / Deep / Hypnotic),De Rio,2024-09-13,UKN6K2401197,gengar - tomo,
118126,,,"",,,QZDA62464453,enter everlasting - dj hauge,
118127,123,4A,Techno (Raw / Deep / Hypnotic),Optic Portal,2024-11-20,GXEY42400013,ceism.iii - spekki webu,
118128,164,11B,Trance (Raw / Deep / Hypnotic),Flux Collective,2024-02-23,NLCK42400903,saturn - komet99,
118364,123,12B,Dance / Pop,Craft Recordings,2020-06-26,NLP431500114,spys - roni griffith,
118460,141,8A,Techno (Raw / Deep / Hypnotic),Gordo Trax,2024-11-22,DEH742439614,corazones tensos - pakard,
118575,156,5B,Ambient / Experimental,Balmat,2022-05-13,DEG932201013,the grotto - patricia wolf,
118937,80,1B,Techno (Raw / Deep / Hypnotic),Granulart Recordings,2016-03-14,NLCK41030679,souls collector - kessell,
119121,131,8A,Techno (Peak Time / Driving),NORD LTD,2019-07-12,NLCK41056026,watering dead plants (original mix) - temudo,
119418,120,9B,Melodic House & Techno,Diynamic,2021-10-22,DEDH72000089,"lego - adam ten, mita gami",
119503,156,7B,Afro House,Broadcite Productions,2026-05-15,GBKJW2600562,zaire (bruk rogers - broken beat remix) - t.roy,
119507,140,4A,R&B,Brownswood Recordings,2026-03-11,GBMEF2502707,japan greatly (feat reek0 and s.i) - izco,
119512,120,5B,Melodic House & Techno,Tale & Tone,2017-08-04,GBJX31816002,the story of us - cornucopia,
119513,124,7A,Techno (Raw / Deep / Hypnotic),KHOROS RECORDS,2024-11-25,CA5KR2494355,simplicity (original mix) - van morph,
119515,131,8A,Techno (Raw / Deep / Hypnotic),Schatrax,2020-03-16,NLCK41063407,sisphunk - schatrax,
119517,130,1A,Minimal / Deep Tech,PAL SL,2022-05-20,GBKQU2240712,serpentine tale - baby ford,
119518,127,12A,Breaks / Breakbeat / UK Bass,KANN,2018-07-06,DEPL91801124,thank u again - map.ache,
119521,122.1,,"",,,CH6542351061,payday - alain,
119522,122,4A,Indie Dance,El Nino Diablo Music,2022-06-24,UKZRZ2000027,vaugahyde  (theus mago remix ) - elninodiablo,
119523,96,8A,House,Power House,2023-07-21,DEPJ12330050,break away - head high,
119524,128.4,,R&B,Random Sounds,2023-05-28,NLCK42421370,bittersweet - swin,
119525,130,10B,House,STORIES,2025-02-14,,"miss behave - hilit kolet, sarah story",
119526,134,10B,Minimal / Deep Tech,fabric Records,2024-04-25,FRX202554501,moonlight crush (edit) (edit) - or:la,
119527,126,6A,Jackin House,Lubdub Records,2024-08-16,US83Z2496651,need ur lovin - dj w!ld,
119528,123,4A,House,Ovum Recordings,2015-05-18,US4LK1502553,vida (percapella) - sean miller,
119529,128,12B,Tech House,Memory Remains,2024-12-19,GBLV62411758,naha naha - kirik,
119530,126,12A,House,8Bit,2025-03-21,DEW872502313,summer ease (extended mix) - gorge,
119531,127,7A,Melodic House & Techno,Turbo Recordings,2023-08-25,DEG932302626,"hand in hand - tiga, kölsch",
119544,114,4A,Downtempo,Not Quite My Tempo Records,2025-05-02,US83Z2516335,celeste - cem gemalmaz,
119576,132,,Funky House,Warner Records,2022-08-19,NLZ542600104,this ain't love (extended mix) - armand van helden,
119579,120,12B,Afro House,Armada Music,2026-04-17,NLF712601804,sympathy for the devil (extended mix) - moguai,
119781,128,6A,House,Pets Recordings,2023-05-12,DEVY92000187,"modern romance - catz 'n dogz, gerd janson",
119883,128,10B,Nu Disco / Disco,Philadelphia International/Legacy,2012-01-27,USSM11004455,the love i lost (dimitri from paris super disco blend) - harold melvin & the blue notes,
119921,145,10A,Dance / Pop,Polyamor Berlin,2025-11-14,DECE72503884,un beso - ela van wolf,
119951,123,5A,House,Exodus,2016-04-29,UKDJS1500001,rye lane shuffle - moses boyd,
120028,75.2,,"",,,USUM70603212,the blessing song - michael white,
120061,130,7B,Techno (Peak Time / Driving),Senso Sounds,2026-02-27,DEL022602007,kontrol (edit) - oliver huntemann,
120463,137,4A,Techno (Raw / Deep / Hypnotic),Enemy Records,2025-09-26,BEN582500531,perpetuity wing - marcal,
120595,133,3A,Techno (Raw / Deep / Hypnotic),The Escape Velocity / Axis,2022-04-19,USAX10000638,transient response - dvs1,
120609,128,1A,House,Studio Barnhus,2024-01-15,SE2WJ2009003,radionova (essential mix) - axel boman,
120615,103,7B,Electronica,Tandera Records,2025-10-03,BX6IQ2500335,tecnomagia - fortunato,
120627,113,11B,House,Groove Line Records,2015-12-04,ITB450700048,heaven of my life (full length album mix) - change,
120759,134,5B,Drum & Bass,Moving Shadow,1992-02-03,GBAGN9200017,bombscare - 2 bad mice,
120835,133.3,,Country,,,USCW62415803,lady full of dreams - cathy hamer,
120876,105,10B,African,Private Music,2001-05-14,USPM19001032,prashanti - ravi shankar,
120877,100,10B,African,Private Music,2001-05-14,USPM19001028,sadhanipa - ravi shankar,
120878,98,8B,Electronica,All Saints Records,1988-01-01,USRY20517176,theme from 'creation' - brian eno,
120880,111,9B,Electronica,Bureau B 1,2017-01-01,DELI50800095,old land - eno moebius roedelius,
120881,87,8B,Pop,Virgin Catalogue,2008-07-14,GBAAA0800141,rosasolis - penguin cafe orchestra,
120882,92,,Techno (Peak Time / Driving),Affenkäfig Blue,2023-10-27,QM4TW1674859,centro de acopio - anyone/cualkiera,
120883,86.2,,"",,,USMC10200337,breezin' - gábor szabó,
120884,,,"",,,USPR36780221,stay - astrud gilberto,
120885,135.4,,Pop,Celebrity Laser Sdn Bhd,2026-06-19,BRPGD7100041,minha historia (gesubambino) - chico buarque,
120956,104,1B,Electronica,Kompakt,2024-04-26,DEU672400096,oasis 3 - dettinger,
121035,136,2B,Techno (Raw / Deep / Hypnotic),Token,2026-06-19,BEN582600256,spectral tension - border one,
121042,147,9B,Rock,UMC (Universal Music Catalogue),2019-02-01,GBAKW8101063,spellbound (remastered) - siouxsie and the banshees,
121155,126,3A,House,Wall Of Sound,2006-12-31,GBCFC9900144,spanish fly (freaks superfly speak easy) - akasha,
121276,121,8B,Progressive House,Mango Alley,2023-02-02,US83Z2232184,a barrel of tar (rodrigo lapena & mayro remix) - forty cats,
121336,93.1,,Reggae|Dub,,,DEW259800615,roll off / b - rhythm & sound,
121457,126,3A,Tech House,Cuttin' Headz,2014-12-18,DEZ651351811,tree town - the martinez brothers,
121536,112.9,,Rock,Earth Libraries,2022-06-24,QZDA72622448,overdog - star moles,
121713,,,Pop,Decca (UMO) Classics (CAM),2022-11-18,ITPEX2400010,la coda dello scorpione (seq. 7) - bruno nicolai,
121774,144,5A,Hip-Hop,Interscope Records,2026-06-19,USUM72604103,queens crown - tierra whack,
121795,120,2A,House,Brothers From Different Mothers,2018-06-29,QM6MZ1806049,congo libre - the pilotwings,
122081,150,4B,Bass / Club,Pineapple Records (UK),2026-06-19,CA5KR2646712,fkn srs - addison groove,
122149,,,"",,,UKB9U2500144,echo dub - dj himitsu,
122159,108,7A,Downtempo,Mood Hut,2026-06-04,USYBL2600924,pink dirt - gi gi,
122176,123,4A,Electronica,Faitiche,2001-01-01,DELA21100117,tendency - jan jelinek,
122270,79,3A,Hip-Hop,Interscope Records,2026-06-19,USUM72604110,wiggidy whack - tierra whack,
122303,117.8,,Rock,,,DEX170522803,sunday jam - can,
122329,124,10A,Minimal / Deep Tech,Bambe,2025-04-18,NLM792520001,levantarse - bambounou,
122563,,,"",,,USMC16352616,after the rain - john coltrane,
122659,146,10A,Downtempo,Ninja Tune,2026-07-07,GBCFB2600206,fire on the water - bonobo,
122662,111.3,,"",,,USWB10201676,mystery (2002 remaster) - miles davis,
122856,140,6A,Dubstep,Gangsta Boogie,2013-01-25,DEZ651300146,conqueror (dj heny.g soul remix) - j kenzo,
122882,134,9A,Techno (Raw / Deep / Hypnotic),Shaw Cuts,2026-01-23,DEK602519235,caught in a trance (original mix) - heritage,
122985,132,7B,Bass / Club,Rinse,2026-01-23,GBQGW2500092,bailey - stones taro,
123033,135.9,,Techno (Peak Time / Driving),Mechanical,2021-09-03,CA5KR2489904,pocket dusk (feat anabasine) - sard,
123135,150,12A,Bass / Club,Hyperdub,2025-11-07,GBLZC2500027,deep miso - nikki nair,
123251,86,1A,Drum & Bass,Dream Vision Future II,2025-07-04,QM7282550810,bam bam - clipz,
123300,,,"",ARMProduction,2022-05-10,FRY392517074,aquarium - dominique,
123301,98,3A,House,Groove Line Records,2015-12-04,ITB450700084,let's go together - change,
123302,139.5,,Electro|Rock,CiDAR Africa,2024-03-27,UKWZ62000256,basic trouble - static cleaner lost reward,
123303,122,12A,House,Nu Groove Records,1990-04-06,GBCPZ9012379,song of the siren (mediterranean mix) - aphrodisiac,
123305,141,9A,Nu Disco / Disco,Goldenlane Records,2010-11-01,USAR49970001,you make me feel brand new - the stylistics,
123842,130,8A,Tech House,REALM Records,2026-03-13,US39N2644413,dark side (extended mix) - kyle watson,
123928,140,12A,Techno (Raw / Deep / Hypnotic),TRSN,2025-08-01,CA5KR2540409,copper - mython,
124033,144,1A,Techno (Raw / Deep / Hypnotic),Float Records (NL),2025-07-18,NLC8K1400528,quantum shift - avant.ocs,
124072,135,11A,Techno (Peak Time / Driving),Something Happening Somewhere,2018-11-30,DEU671704061,"baslijn in opstand - cosmic force, dexter",
124151,150,9A,Techno (Peak Time / Driving),Headstrong Records,2019-04-01,UKL5V1900032,another day - clouds,
124215,130,3A,Minimal / Deep Tech,Georgia Records,2026-02-13,GBKQU2612924,saharan shaman - watchers (uk),
124458,127,10A,Melodic House & Techno,[PIAS] ÉLECTRONIQUE,2025-12-12,GBENL2504614,reborn - tinlicker,
124505,130,4A,Tech House,LIBERA,2025-08-08,NLRD52426146,ride the train - san pacho,
124515,122,5A,Afro House,Solèy,2026-03-20,USUYG1794856,halala - francis mercier,
124625,125,5A,Funky House,Koolkutz,2020-05-29,,"i want to thank you - block & crown, marc rousso",
124643,122,6A,House,Jolly Jams,2023-10-06,DECY52301290,"mystery (edit by dj kaos) - dangerous dan, nicky night time",
124666,136,4B,Brazilian Funk,Sony Music Entertainment,2023-09-14,ZAC030100365,do like miles - dennis mpale,
124792,101.8,,Jazz,A&M,2021-03-11,USSM17300477,rain dance - herbie hancock,
125051,132,4B,Tech House,Dekmantel,2025-04-04,NLTH62500025,sauna - ploy,
125052,139,11B,Bass / Club,Clasico,2025-10-02,UKW3K2500045,giant pier - sobolik,
125053,109,10B,Breaks / Breakbeat / UK Bass,mb studio,2023-11-17,DETB32402343,quad (jasmín remix) - toma kami,
125054,140,4A,Bass / Club,Timedance,2025-07-09,FRX452532030,frostbite - batu,
125055,135,4A,Bass / Club,Magic City,2025-03-14,USYBL2500685,pan law - danny goliger,
125056,135,7A,Electronica,Ikke Sant Records,2025-10-17,GBKQU2592760,every pan has a lid - suchi,
125057,140,11A,Electro (Classic / Detroit / Modern),Nerve Collect,2025-10-03,NLM792500138,cycle - gamma intel,
125058,141,3B,UK Garage / Bassline,De la... je l'espère,2025-02-28,FRDX62500800,decoys - no sir,
125059,140,6A,Bass / Club,anno,2025-05-23,USYBL2501164,bupropion honeymoon - axine m,
125060,140,7A,UK Garage / Bassline,TEMET,2025-04-08,FRDX62502640,old feeling - rodrigue dubois,
125061,140,8B,140 / Deep Dubstep / Grime,Bombstrikes,2022-10-07,CAUM82100386,ygt ygt ygt - posij,
125062,105,8B,Bass / Club,All Centre,2025-10-17,GBQLP2500056,hyperobject - rizio,
125065,128,2B,House,PVCLB,2025-09-26,GBKQU2591804,voices - mathias kaden,
125103,134,8B,Techno (Peak Time / Driving),Vysyon,2025-11-28,GBLV62519248,uvez echos - varuna,
125266,123,9A,Indie Dance,Headonism,2026-03-13,US56V0506104,your call (extended mix) - ertu,
125267,125,5A,House,Nervous Records,2026-04-24,USNRS2644611,in love - n.o.y,
125268,122.6,,"",,,,wordy rappinghood - tom tom club,
125269,125,9B,Tech House,Headonism Noir,2026-02-13,US83Z2607405,say something (original mix) - deflee,
125271,124,3B,House,HAUS,2026-01-30,GBLV62521883,cadabra - kinky sound,
125309,127,3A,House,Blink,2026-04-03,DEY472672244,all night - twoslice,
125310,122,12A,Afro House,Dharma Worldwide,2025-01-24,NLZ542400923,"cry (just a little) (extended club rework) - steff da campo, robbie mendez",
125311,118,9A,R&B,Round Hill Records,2018-02-23,USAT20706278,american boy (no rap version) - estelle,
125312,128,8B,House,Chaned To The Rhythm,2026-04-17,GBKQU2631442,calling you (extended mix) - grace kim,
125313,,,Electro|Dance,Parametric/Atlantic,2018-11-15,UK4ZF1800111,picture - karen harding,
125314,124,4B,Dance / Pop,Selected.,2021-11-26,DES232100591,remember (extended) - dray,
125316,128,3A,Dance / Pop,Noir Fever Records,2026-03-20,USUYG1796115,houseboy - aluna,
125429,129,9B,Techno (Peak Time / Driving),Green,2010-08-23,NLEW21400015,mpx309 - joris voorn,
125578,119.9,,"",,,GBHCD2304700,love masquerade (sound foundation mix) - 280 west,
125595,101,3A,Breaks / Breakbeat / UK Bass,XL Recordings,2016-02-05,GBBKS1500176,fones - mssingno,
125623,95,1A,Electronica,AD 93,2026-04-24,GBAFL2600162,play (objekt remix) - james k & objekt,
125878,84.5,,Rock,Verve Forecast,2008-04-21,USL4Q2606574,piedra lumbre - infant,
125967,142,6A,Techno (Raw / Deep / Hypnotic),Hardgroove,2025-08-15,NLMH62500012,hook up - harvey mckay,
126009,135,6B,Techno (Raw / Deep / Hypnotic),Materia,2021-12-10,NLCK41094283,unconstrained move (original mix) - marco bailey,
126170,120,8B,Electronica,World Record Recordings Intl.,2021-03-05,UK9LA1900002,if the wind could speak (movement 5 / tale of us remix) - jean-michel jarre,
126233,140,8A,Hip-Hop,Rhino/Elektra,2009-07-14,QZAKB2132991,swing my way - k.p. & envyi,
126274,126,7A,African,Universal Music Division Barclay,2025-05-28,FRZ019801350,truth don die - femi kuti,
126302,120,12B,Afro House,Calamar Records,2024-11-08,GBKQU2495580,you are (extended mix) - demayä,
126567,122,4A,House,Burek,2018-09-03,DEPL91212011,leko (original version) - kink,
126570,139,12A,Techno (Peak Time / Driving),Kanzleramt,2009-02-27,DER729800038,"earthbouncing, pt. 2 - heiko laux",
126593,142,10A,Techno (Raw / Deep / Hypnotic),Frenzy Recordings,2024-07-12,NLCK42410952,mayhem (bailey ibbs remix) - hurdslenk,
126838,92.8,,Rap/Hip Hop,Brooklyn Knights Ent.,2024-02-15,USUM70502652,gone - kanye west,
127082,129,1B,Electronica,Sublime Records,2015-07-15,JPB532400053,tanuki (2024 remaster) - susumu yokota,
127254,124,7A,House,Nu Groove Records,1990-05-11,GBCPZ9013050,love fantasy (vocal) - tracer,
127281,110,2A,Dance / Pop,Late Night Tales,2010-11-22,GBAHS1900387,josephine (2019 remaster) - chris rea,
127353,127,10A,Indie Dance,Leng Records,2012-10-22,IL6361600017,drum sequence - raja,
127526,120,7B,Electronica,Safe Trip,2017-10-20,NLK5V1700030,crepuscule leger - satoshi & makoto,
127768,,,"",,,GBQLP2400165,shining star - princ€ss,
127983,104.9,,Dance / Pop,10:22PM/Body Hi,2024-07-12,USUG12601117,pearl - nate smith,
128080,124.9,,"",,,ES6640100843,tan lejos (instrumental) - prozack,
128184,115,4A,Mainstage|Melodic House & Techno,Feel The Rhythm,2013-09-30,GBTEZ1100351,"around (solomun vox) - noir, haze",
128263,120,9B,Electronica,All Saints Records,2014-05-19,GBBPW1400008,ba-ya dub (no ufo's version) - jon hassell,
128264,136,12A,Techno (Peak Time / Driving),Harthouse,1996-05-30,DEAZ39605219,look at your hands - braincell,
128265,123.8,,"",,,GXEPR2400608,untitled - compass vrubell,
128266,125,4B,Minimal / Deep Tech,Aniara Recordings,2025-11-21,SE37O2500503,drex vibe - bergqvist,
128267,125,,"",,,DEX180500204,restäther - static lounge,
128268,126,,"",,,RUAGV2408060,entrance - indigo minds,
128269,129.9,,"",,,DEX180500211,angel dust - static lounge,
128270,133,9B,Techno (Raw / Deep / Hypnotic),attitudes,2025-12-20,DEK602517704,noticed being (original mix) - robert istoc,
128271,128.4,,"",,,DEX180500231,entwurf - nanospeed,
128273,135,8B,Psy-Trance,Iboga Records,2020-01-23,DKZVA2000005,etlerandet - lurifax,
128293,122,7B,Indie Dance,Kinetika Music,2022-07-15,CA5KR2261752,it's insanity (goom gum remix) - alphadog,
128419,145,5B,Dance / Pop,Common Knowledge,2026-03-06,QM4TW2627771,numbers - mietze conte,
128423,148,12A,Electronica,XL Recordings,2026-07-18,GBBKS2500563,azimuth - danny l harle & caroline polachek,
128453,126,9A,House,High Fashion Music,1993-05-07,GBBLY8200274,native love (step by step) - divine,
128462,144,8B,Techno (Raw / Deep / Hypnotic),K S R,2023-07-28,NLCK42229871,visions - justyn nell,
128468,145,10B,Techno (Raw / Deep / Hypnotic),Mutual Rytm,2025-12-19,DEH742535540,glaður og reifur - exos,
128470,108,7A,Organic House,Squama,2022-07-01,DEZD92000086,lavo - 9ms,
128690,130,12B,Bass / Club,Trouble & Bass Recordings,2014-03-18,USYBL1400161,flash area - doctor jeep,
128980,123,5A,Afro House,DIRIDIM,2021-01-21,SMA022000053,strings (beats mix) - david morales,
128990,129,8B,Minimal / Deep Tech,Cecille,2024-05-24,GBKQU2443660,get it up - andrew azara,
128998,125,7A,House,Toolroom,2026-03-13,GBJAJ2600277,gimme the love - cristoph,
129004,104,6B,Electronica,MUTE,2018-12-07,GBHQZ9800017,sublev - chris carter,
129073,70,8A,Breaks / Breakbeat / UK Bass,Atlantic Records UK,2025-10-31,GBAHS2501370,hardstyle 2 - fred again..,
129387,124,9B,Breaks / Breakbeat / UK Bass,Merkaba Music,2018-09-20,USA2P1882855,har braha - symbolico,
129388,100,6A,Electronica,Merkaba Music,2019-11-21,USA2P1960109,gaian portal - symbolico,
129389,170,4A,Electronica,Merkaba Music,2019-11-21,USA2P1960110,perceiving all - symbolico,
129390,128,1B,Psy-Trance,Iboga Records,2024-11-11,DKZVA2400231,don't be afraid remix - symbolico,
129391,170,7B,Electronica,Merkaba Music,2019-11-21,USA2P1960112,i'm free - symbolico,
129392,90,4A,Electronica,Merkaba Music,2024-09-19,USCGH2277436,remember - symbolico,
129393,90,7B,Electronica,Merkaba Music,2024-09-19,USCGH2277437,expressence - symbolico,
129394,89,4A,Electronica,Merkaba Music,2024-09-19,USCGH2277438,marveloustic - symbolico,
129395,153,7B,Electronica,Merkaba Music,2024-09-19,USCGH2277435,unconditional path - symbolico,
129396,95,7B,Electronica,Merkaba Music,2019-11-21,USA2P1960113,seeing auras - symbolico,
129397,131,7B,Breaks / Breakbeat / UK Bass,Merkaba Music,2017-03-06,USQY51724110,the never ending game - symbolico,
129398,140,4B,Electronica,Merkaba Music,2019-11-21,USA2P1960115,the answer - symbolico,
129399,144,9B,Psy-Trance,Nano Records,2026-04-24,USA2P1960116,who are you - symbolico,
129400,145,9B,Electronica,Merkaba Music,2019-11-21,USA2P1960117,out of the blue heart - symbolico,
129401,113,1A,Breaks / Breakbeat / UK Bass,Merkaba Music,2017-03-06,USQY51724109,it begins here - symbolico,
129465,115,11B,Electronica,One Little Independent Records,1996-01-01,GBBTF0200253,cover me - björk,
129516,129,10A,House,Defected,2019-09-13,GBCPZ1916611,pump it up (extended mix) - endor,
129582,108,8B,House,Alleviated Records,2018-04-13,US4G91700637,electron - mr. fingers,
129649,131.6,,"",,,USZ9A1213101,got to be free (acid overdose mix 2012 remaster) - rudy's playhouse,
129654,100,2A,Electronica,Peak Oil,2026-02-12,QM4TX2628705,song of the forgotten - hoavi,
129665,125.1,,"",,,DEBE72500339,"dis (2023 remake - mixed - may 2025) - dj t., get physical radio",
129701,131,7B,Minimal / Deep Tech,Yellow Dot.,2024-10-11,UKRPL1900707,freak in the sheets (original mix) - rossi.,
129703,128,9A,Deep House,Up The Stuss,2024-04-05,UKU932480150,"i'm fine, thanks! - kolter",
129739,128,7A,Minimal / Deep Tech,Cecille,2020-10-30,DEW872406031,reponce profonde (original mix) - io (mulen),
130231,136.8,,"",,,DESY21400437,hanen - carthago,
130275,123.6,,"",,,DEM389900005,kom - daf/dos,
130278,123,,"",,,USGZ21352866,just as long as i got you (warehouse rave remix) - the looney tunes,
130280,124,7B,House,B-Sides,2010-07-27,BEU921000029,the tape (remix) - frank de wulf,
130281,125,3A,Breaks / Breakbeat / UK Bass,Perfecto Records,2015-03-20,NLF711500520,the gonzo (original mix) - lost,
130282,120,9B,House,Strut,2012-06-22,GBGHZ2000560,shaker song (2020 remastered version) - playtime toons,
130478,111,1A,Bass / Club,Ariwa,2005-01-25,USA560502685,who are the terrorists? - macka b,
130479,116,10A,Pop,UMC (Universal Music Catalogue),2008-12-15,GBAPA7900040,fite dem back - linton kwesi johnson,
130480,127,10B,Caribbean,Greensleeves Records,2010-04-22,GBBZV8104725,run dem down - wailing souls,
130481,140,4A,Rock,PMI Jet Star,2019-11-01,USVPR1900045,no peace - max romeo,
130482,130,8B,Caribbean,DubShot Records/Sound Bwoy Ent,2023-12-04,USA2P1284301,forward ever backward never - jacob miller,
130483,136,5B,Caribbean,UMC (Universal Music Catalogue),2020-01-17,GBAPA8000011,harassment - steel pulse,
130484,136.4,,"",,,US7SF1555904,fire in kingston - yabby you,
130485,138.9,,"",,,USQY51440851,take my share - junior byles,
130486,140,,"",,,DEGT81700313,bun bun bun - roger robinson,
130487,142,8A,Caribbean,VP Records,2010-07-05,USVPR0916530,another terrorist attack (feat fantan mojah) - luciano,
130489,154,6A,Caribbean,VP Records,2009-03-16,USVPR0410198,that day will come - capleton,
130490,153.8,,"",,,DEGT81700316,new maps - roger robinson,
130491,155,8A,Caribbean,Virgin Records,2003-03-01,GBAAA0000714,all wi doin' is defendin (2000 digital remaster) - poet and the roots,
130492,164.7,,"",,,JPR221300945,charge dem - pad anthony,
130493,84,4A,Caribbean,VP Records,2018-02-23,USVPR1800020,rock them one by one - eccleton jarrett,
130494,87.1,,"",,,JPR221300938,nah run from clash - trevor levy,
130495,172.3,,"",,,JMA271600587,rougher than rough - lloyd robinson featuring sly  & robbie,
130675,,,"",,,UK9AV2503668,sono dei viventi - radio hito,
130907,,,"",,,QM6N22059168,golden hour - contagious yawns,
131048,147,11A,Electronica,Numero,2019-10-25,USCW61910317,tomorrow's gone - charlie megira,
131295,126.2,,"",,,DETB31800911,amadoda (shy one remix) - she's drunk,
131296,130,4A,Tech House,Infolines,2022-03-04,DECY52200124,"shampoo dub feat tree - mister joshooa, jeremy kypta",
131297,98,1A,UK Garage / Bassline,Rinse,2011-07-18,GBARL1000634,i need air (redlight remix) - magnetic man,
131298,94,9A,Bass / Club,FAST AT WORK,2024-03-01,USZ4V2400041,soft fascination - carré,
131299,135,4A,Techno (Peak Time / Driving),Warp Records,1995-03-18,GBBPW9500031,root - rac,
131300,137,1A,Bass / Club,Kaval,2025-10-03,FRDX62507820,badness dub - kaval,
131301,139,12A,Minimal / Deep Tech,Peach Discs,2025-05-30,UKXN22496352,dance all night - diana,
131407,,8B,Electronica,WRWTFWW Records,2019-10-04,DECY51902778,still sky - satoshi ashikawa,
131408,,,"",,,GBBBN7100024,wishing well - anne briggs,
131409,,,"",,,DECY52500701,time - daily toll,
131410,,,"",,,US38Y0806107,sweeter - julie doiron,
131411,132,11B,Rock,Constellation Tatsu,2026-04-24,USA2P2617662,downstream - helllhound,
131412,128,11B,Ambient / Experimental,Theory Therapy,2024-11-22,AUL2V2400055,dreaming (recurring) - concave reflection,
131413,120,,"",,,QZHN32402319,cool drink - gawshock,
131414,125.9,,"",,,US58L0529207,drinking at the dam - smog,
131415,100,12B,Rock,Polydor Records,2008-05-22,GBF069190018,new grass - talk talk,
131417,145,4B,Dance / Pop,4AD,2026-07-17,GBAFL2500087,bluebird of happiness (2026 remaster) - mojave 3,
131420,162.9,,"",,,USA2Z2400320,avril 14th - shane parish,
131488,115.7,,"",,,DEA370801273,turn to love - barrabas,
131664,128,6A,Dance / Pop,Palilalia,2026-02-06,USA2Z2600035,unexpectedly heavy - bill orcutt,
131689,125,7B,House,Nervous Records,2020-03-20,USNRS2039301,thunder drum dance (david morales diridim remix) - mikki afflick,
131788,,,"",,,UK8262501406,lavender (nf) - u.e.,
131789,,,"",,,BRBMG7500198,violeta de belfort roxo - joão bosco,
131790,96.5,,"",,,QZYFZ2506117,bastidores - cauby peixoto,
131791,118.2,,"",,,BRWMB1100645,leila viii - joão donato,
131792,118.7,,"",,,BREMI7800659,"disco voador - rita lee, roberto de carvalho",
131793,,,"",,,BRUM70600795,índia - gal costa,
131794,107.7,,"",,,BRMCA7000123,charles jr. - jorge ben,
131795,106.5,,"",,,BREMI0600873,morena - simone,
131796,125.7,,"",,,BRWMB0200003,preta pretinha - novos baianos,
131798,,,"",,,USGR10201311,quiet dawn - archie shepp,
131799,172.3,,"",,,BREMI7300708,teto de louça - evinha,
131800,89,5A,R&B,Org Music,2025-08-29,USFMA2500038,i bet you (2025 remastered) - funkadelic,
131896,139,5A,Brazilian Funk,Warner Records,2025-10-10,GBAYE2501421,stars + dj caio prince + adame dj - pinkpantheress,
132282,87,5A,Organic House,Mood Hut,2022-04-05,USYBL2001607,clues (part ii) - jack j,
132422,,,"",,,QZAKB2351709,time forest - hiroshi yoshimura,
132659,123,12B,Afro House,DIRIDIM,2023-07-13,SMA022300017,diridim zone - david morales,
132935,122.4,,"",,,ZAC032301037,moshate - the headquarters,
132965,119,4A,Nu Disco / Disco,Roller Disco Records,2025-07-04,GBKQU2536080,so good - n9ne lives,
133351,103,9A,Nu Disco / Disco,RCA/Legacy,2011-10-31,USRC11000100,america - chocolate milk,
133705,80.7,,"",,,QZES82690754,"why should i? - redpunchdrip, strosey, devon george, xavvoknockin",
134177,119,10A,Dance / Pop,Universal Music Ltda.,2024-09-13,BREMI7500455,a vida em seus métodos diz calma - di melo,
134227,126,9B,Melodic House & Techno,Amaeo,2025-11-28,DEH742532808,you don't know - off night,
134305,128,4A,Techno (Peak Time / Driving),Border Community,2006-07-01,GBUZD0801201,some polyphony - petter,
134306,65.4,,"",,,GBAHS2400515,.six - fred again..,
134312,142,1B,Pop,Oklou,2025-10-30,QZVM32200350,choke enough - oklou,
134313,139,1A,UK Garage / Bassline,Relentless Records,2019-08-09,GBARL1900913,back to basics (floating points remix) - headie one,
134315,144,,"",,,GBAHS2501371,ambery - fred again..,
134316,101,2B,House,Mom+Pop,2024-02-20,FR6P11400780,christine - christine and the queens,
134348,134,10A,UK Garage / Bassline,Pure Groove Ltd t/a Locked On,2025-09-26,US38Y2589939,maximum (feat logan_olm) - oldboy,
134448,131,4A,Techno (Peak Time / Driving),FJAAK,2025-03-01,DEWX41800003,keep the funk - fjaak,
134725,121,11A,Dance / Pop,Unidisc Music,2019-03-29,CAU118211360,you're the one for me (labor of love mix) - d train,
134761,131,3A,Techno (Peak Time / Driving),HIFN,2025-05-30,FR96X2589160,exit time - wehbba,
134916,117,6A,Electronica,Studio Barnhus,2026-05-01,SE2WJ2604002,mango (no salsa) - sexy lazer,
134933,118,9B,Pop,Columbia/Legacy,2020-09-04,USSM19805862,i still believe (morales classic club mix) - mariah carey,
135064,130,11A,Tech House,Criterio Music,2026-02-06,GBKQU2607165,five days - bedran.,
135065,130,10A,Tech House,NVDRZ,2026-02-06,QZ5FN2622108,shake that - dee2,
135066,128,9A,Tech House,Be One Limited,2026-02-13,GXBNP2681787,mona (original mix) - lasanto,
135067,130,5A,Minimal / Deep Tech,MOOD Collective,2026-02-13,QM4TW2642283,see some more (extended) - castion,
135068,130,5A,House,Lapsus Music,2026-02-13,ITV262600005,la festa - julius strieder,
135070,131,3A,Tech House,Mood Child,2026-02-13,GBKQU2607761,i need your love - leon (italy),
135071,127,6B,Tech House,OUT OF HOUSE,2026-02-11,ITJ872610002,capannina - ysfk,
135108,130,11B,House,PVCLB,2026-03-27,GBKQU2625535,electrifying - stefan meser,
135453,125,6A,Tech House,Terminal Underground,2022-10-28,NLRD52203607,temperature - matroda,
135456,124,7A,House,Because Music,2019-06-28,FR11Q9800000,"music sounds better with you - stardust, benjamin diamond, alan braxe",
135808,134,3A,Techno (Peak Time / Driving),Spectral Sound,2019-08-02,US2J71914501,innerloire rendezvous - jtc,
135965,124,12B,House,Magnifik Music,2026-02-27,GBKQU2613203,bossa - benja (nl),
136009,130,7B,House,Defected,2026-07-24,GBCPZ2625401,you don't want to think about it (extended mix) - oden & fatzo,
136010,128,11A,House,DFTD,2026-07-24,GBCPZ2625396,phunky (extended mix) - ahmed spins,
136019,122,8B,Organic House,Anjunadeep,2024-08-23,GBEWA2402633,american dream (proff interpretation (mixed)) - jakatta,
136116,133,4A,Minimal / Deep Tech,Beltools Records,2026-06-26,CA5KR2655750,anaconda - beltran,
136117,127,7B,Minimal / Deep Tech,Beltools Records,2026-05-29,GBKQU2652966,we come in peace - beltran,
136118,130,4B,House,Nervous Records,2026-05-29,USNRS2644650,europa - mellizos,
136146,124,6A,Techno (Peak Time / Driving),Minus,2011-12-07,CAM261150362,kingswing - matador,
136155,132,1B,Techno (Peak Time / Driving),Drumcode,2025-12-05,GBUR62001187,your mind (hntr remix) - adam beyer,
136247,136,5B,Techno (Raw / Deep / Hypnotic),SLS,2024-01-12,DEH742334391,batuque - deetron,
136248,140,1A,Techno (Raw / Deep / Hypnotic),EMERALD,2026-07-10,NLCK42606316,rhythm pressure (original mix) - remco beekwilder,
136249,142,5B,Techno (Raw / Deep / Hypnotic),SECLUSION 13130,2025-10-03,NLCK42514931,tribute to sls - william arist,
136250,143,8A,Techno (Raw / Deep / Hypnotic),Life In Patterns,2025-01-17,DEVV92401214,get it - kaltblume,
136251,128,3A,Techno (Peak Time / Driving),Rekids,2019-02-08,GBLTF1900009,efb - mark broom,
136252,140,3B,Techno (Raw / Deep / Hypnotic),TRSN,2025-10-31,CA5KR2598451,dust to dust - dj swisherman,
136253,89,5A,Techno (Raw / Deep / Hypnotic),TRSN,2024-07-26,CA5KR2475980,lost in the night - zisko,
136254,137,5A,Techno (Raw / Deep / Hypnotic),Everysoul,2023-04-10,GBSAD2300064,techture 1 - vince watson,
136255,88,9B,Techno (Raw / Deep / Hypnotic),Mutual Rytm,2025-07-04,DEH742518195,wormhole - dj plant texture,
136256,140,7A,House,AnalyticTrail,2026-06-19,ITBGD2500019,go higher (original mix) - zero idea,
136257,141.1,,"",,,QZTV32570384,fracture - brick,
136258,140,12A,Techno (Raw / Deep / Hypnotic),Suara,2026-06-18,FRX202690506,no place to go - bengalo,
136260,145,7B,Techno (Raw / Deep / Hypnotic),T4F Records,2026-02-27,QZ5FN2671500,you - hanten,
136261,140,5B,Techno (Raw / Deep / Hypnotic),Vulged Records,2026-05-08,NLCK42606153,terea - isaiah,
136262,142,2B,Techno (Raw / Deep / Hypnotic),Suara,2025-10-17,QMFMF2500993,forge ritual - procombo,
136263,135,11A,Techno (Raw / Deep / Hypnotic),UNCAGE,2021-05-14,GBJX32198027,parting glances - s-file,
136264,127,7A,House,Crosstown Rebels,2022-05-13,GB7NR2227203,what you do (harry romero remix) - francisco allendes,
136265,138,4A,Techno (Raw / Deep / Hypnotic),Arts,2026-06-12,NL3M12517602,balaklava - sanskrit,
136266,137,6B,Techno (Raw / Deep / Hypnotic),JAM,2023-05-26,ITN3C2300042,body ride - sam paganini,
136267,141,6B,Techno (Raw / Deep / Hypnotic),AnalyticTrail,2026-06-19,ITBGD2500020,on sight (original mix) - zero idea,
136289,154,9A,Hard Techno,DCT records,2022-07-23,QZFP52160408,snarl - adam vandal,
136290,135,12A,Techno (Raw / Deep / Hypnotic),Cycle,2024-09-20,DEH742431076,"tribecutz, pt. 3 (vinyl mix) - samuel l session",
136291,85,5B,Breaks / Breakbeat / UK Bass,KANN,2018-07-06,DECY51901286,eden (version) - innere tueren,
136407,154,7A,Trap / Future Bass,A&M,2007-04-24,USWWW0129523,funny how time flies (when you're having fun) - janet jackson,
136452,118,6A,Electronica,Because Music,2015-05-18,GBTZZ1400033,all i need (roman flügel remix) - daniel avery,
136453,123,10A,Electro (Classic / Detroit / Modern),Running Back,2012-01-09,DECY51001311,crepitation (original mix) - helium robots,
136454,126,8B,House,Saved Records,2006-09-04,GBLYD0600090,lumieres (onionz remix) - buick project (nic fanciulli & andy chatterley),
136456,124,7A,Indie Dance,Me Me Me,2023-05-05,QM6N22316332,maybe even never - man power,
136457,113,10B,Rock,Cherry Red Records,2022-02-24,GBBLY1100967,spirits - dave brock,
136458,125,4A,Nu Disco / Disco,Running Back,2025-02-14,DEVY92500005,i love your love (pete blaker remix) - aric,
136459,138,10B,Techno (Raw / Deep / Hypnotic),Syncrophone,2025-05-09,FRIDO2510596,no exit - kosh,
136460,129.9,,Alternative|Rock indé,,,US4GE0200006,house of jealous lovers (morgan geist version) - the rapture,
136462,135,2B,Deep House,Public Possession,2025-05-16,DETB32401571,"inca - zellmani, gojiano",
136592,93,12A,140 / Deep Dubstep / Grime,Deep Dark & Dangerous,2022-10-28,GBKQU2290944,"relentless - ternion sound, pav4n, strategy",
136602,137,7A,Electronica,UNI/MOTOWN,2014-03-11,USUM71319543,solar flight (opus i) - mandré,
136669,135,2A,Breaks / Breakbeat / UK Bass,SZNS7N,2020-04-03,UKN6K1904540,ritual riddim - ship sket,
136670,126,4A,Electronica,[PIAS] Recordings,2023-02-02,GBUM71001710,intimate - crystal castles,
136671,140,8A,Breaks / Breakbeat / UK Bass,SZNS7N,2020-04-03,UKN6K1904542,no respawns - ship sket,
136672,152.9,,"",,,QM4TX2387708,xxx-rated - onleash,
136673,80,2B,Electro (Classic / Detroit / Modern),WAJANG,2025-07-18,FRR642501125,"is this all real - siu mata, amor satyr",
136674,93,3B,Trance (Main Floor),YEAR0001,2021-02-04,SE5AJ2001246,refusal of the call - lokey,
136702,155,10B,Techno (Raw / Deep / Hypnotic),Art Bei Ton,2026-06-02,NLCK42607763,proclomation (solarythm dub vision) - autogenesis,
136916,103,9A,Techno (Raw / Deep / Hypnotic),Arts,2026-06-12,NL3M12517263,the last firefly - gëinst,
136917,112,11A,Techno (Raw / Deep / Hypnotic),Arts,2026-06-12,NL3M12517264,innevitable stasis - gëinst,
136918,85,5A,Drum & Bass,Qilla Records,2025-08-18,,crystal artefactos (floating machine remix) - fonzo (pt),
136919,145,7A,Electronica,Humanoid Gods,2025-09-26,DEH742526668,we wont march back - titta,
136920,125,10A,Breaks / Breakbeat / UK Bass,Polarized Future,2024-07-08,GBQLP2400348,are you a believer? - yogg,
136993,136,8B,Techno (Raw / Deep / Hypnotic),Oura Records,2025-11-07,DEH742527966,lite - mython,
137192,128,8B,House,Pleasant Systems,2026-04-03,DETB32402675,beat ma' - issam dahmani,
137279,129,6A,Electronica,Traum,2011-02-09,DEBW21100054,lfo drive - philippe cam,
137293,105,6A,House,Moveltraxx,2024-01-04,GBKQU2337280,"dada entry - lauren flax, jason burns, peter sheppard",
137411,77,1B,Electronica,Phantasy Sound / [PIAS],2021-06-24,GBTZZ2000001,sun - daniel avery,
137412,130,5B,Techno (Peak Time / Driving),R&S Records,2010-06-07,BEZ350900159,osram 418 - sun electric,
137413,133,3B,Electronica,Warp Records,1992-07-06,GBBPW9200033,the clan - i.a.o,
137414,88,7B,Electronica,MUTE,2021-06-11,GBR8R2000217,ecco - alessandro cortini,
137415,97,2A,Electronica,Virgin Catalogue,2006-09-04,GBAAA9600465,glass - the future sound of london,
137416,119,7B,Techno (Peak Time / Driving),R&S Records,1992-02-10,BEZ350800033,delphium - aphex twin,
137417,90,8A,Electronica,Software Recording Co.,2012-11-19,QMUJD1202019,time decanted - oneohtrix point never,
137418,103,,Electro,,,GBARL0300793,epsilon phase (retranslated by global communication) - chapterhouse,
137506,121,2A,House,Randomart,2026-02-20,GBKQU2603545,you make me smile - anton kubikov,
137526,,,"",,,QM4TW2512568,"auf log - bambinodj, phillip jondo",
137861,131,,"",,,UKWNJ2400153,i can move move (baby rollén remix) - eris drew,
137872,88,10A,Hip-Hop,Blue Magic Corp,2025-10-02,FR9W12542324,l'arène - guy2bezbar,
137874,84,7A,Bass / Club,CRSL,2026-02-13,USYBL2511299,big choon (miss jay remix) - half offf,
137875,74,7B,Rock,Dog Show Records,2023-03-17,USAT22208962,dumbest girl alive - 100 gecs,
137876,155,7A,Hard Dance / Hardcore / Neo Rave,This Is Hardstyle,2025-09-25,NLS762500706,we will never leave - b-frontliner,
137878,159,2B,Electronica,Warp Records,2024-08-01,GBBPW2401070,thornzz - rustie,
137879,160,11A,Hard Dance / Hardcore / Neo Rave,Clinic Recordings,2024-12-24,DEPI82458215,big boom - dr donk,
137880,120,11A,Bass / Club,Hooversound Recordings,2024-06-20,QM6P42411640,koover in '92 vip - deft,
137881,,,Metal,,,ITY862400164,"advanced psychotonic flesh dismemberment project - fulci, talpah",
137883,88.8,,Electro,,,GBHLW2401169,knightsbridge lady soup - escha,
137892,138,5A,Nu Disco / Disco,Columbia (Sony),2000-02-21,USSM19901056,say my name - destiny's child,
138021,125,10B,Electronica,Leng Records,2015-09-04,GB7RM1500025,idolo moresco - fabio fabor,
138023,121,6B,Nu Disco / Disco,Heist Recordings,2023-11-10,NLYV51900022,different planets - makèz,
138213,110.2,,"",,,GBAAA8600439,you and me tonight - de-ja,
138231,118,11A,Trap / Future Bass,UNI/MOTOWN,2007-04-03,USUMG0000025,if you should ever be lonely (single version) - val young,
138375,132,10B,Deep House,Rhythm Section International,2025-08-08,DEG932503799,"believe - james pepper, black loops",
138377,98.6,,Jazz,,,ITO0P9400020,sweat - paolo achenza trio,
138378,103,6A,Electronica,Eightball Digital,2017-06-29,USLZJ1774532,get this - groove nation,
138381,90,4A,Electronica,Ninja Tune,1995-03-01,GBCFB9400018,electric lazyland - 9 lazy 9,
138382,93,8B,Electronica,Foot Stompin' Records,2008-09-30,USI4R0806841,platinum in the making - pal joey,
138383,92,7A,Hip-Hop,The Bicycle Music Company,2015-08-07,QMFMK1500178,the phat kat ride (dub version) - masta ace incorporated,
138384,99,,Jazz|Jazz instrumental,,,USUR40300306,freestylin' - greyboy,
138385,105,3A,Electronica,Nettwerk Records,2017-03-28,USA2P0721251,soultown - big muff,
138386,87.5,,Electro,,,FRV229500015,street scene (4 shazz) - st germain,
138387,94,11A,Trap / Future Bass,Quarternote/ABB Records,2004-10-08,US4PG1000005,jazz at the cove (instrumental) - sound providers,
138481,138,5A,Techno (Raw / Deep / Hypnotic),Blue Hour,2025-09-24,UK6491400213,shades of blue - axel karakasis,
138488,86,10B,Downtempo,Serafin Audio Imprint,2026-03-06,FR10S2699017,when - aamiq,
138489,100,10B,Organic House,Leveldva,2023-09-14,US83Z2331504,"stihotvorenie - coss, zettka",
138491,122,10A,Progressive House,Schallmauer,2026-03-13,US83Z2611411,na brisa do mar - eddy tango,
138492,121,10A,Organic House,Amselcom,2025-11-07,QMFMF2540755,"wer bin ich - west & hill, tiefe wasser berlin",
138493,120,8A,Organic House,90watts,2026-03-20,NLHR22600259,la sombra - leomar,
138494,120,8A,Progressive House,The Soundgarden,2025-12-12,US83Z2569653,drown in the eyes (extended mix) - dmitry molosh,
138495,119,8A,Electronica,Noire & Blanche,2024-05-03,FR9Z62300743,tears - hame,
138498,99,3B,Dance / Pop,Atlantic Records UK,2023-01-27,GBAHS2201523,"nathan (varner road) - fred again.., nathan archie",
138578,131,5A,Techno (Raw / Deep / Hypnotic),Token,2023-03-03,BEN582200523,lost in darkness - kike pravda,
138670,100,6A,Electronica,raster,2020-07-24,DEAS92000006,r3v - atom™,
138671,133,2A,Techno (Raw / Deep / Hypnotic),Semantica Records,2024-09-13,DEH742428282,asteroids - skjöld,
138672,135,5B,Techno (Raw / Deep / Hypnotic),Árido Records,2024-05-27,GBKQU2447205,oq1qo - linear phase,
138675,140,4B,Techno (Raw / Deep / Hypnotic),Sway,2024-06-21,SE5MG2440805,underlying pressure - hollen,
138676,137,,"",,,FRPZ92411200,kelce - roi,
138677,138,8A,Techno (Raw / Deep / Hypnotic),WSNWG,2024-06-07,DEYS32401401,"lavande 01 [240107.2] - ufo95, rødhåd",
138686,138,8A,Techno (Raw / Deep / Hypnotic),Truncate,2022-01-07,USA2P2159145,gstaad - bidoben,
138755,140,6B,Techno (Raw / Deep / Hypnotic),Token,2023-09-29,BEN582300512,surge - kr!z,
138791,137,5A,Techno (Raw / Deep / Hypnotic),Mord,2024-06-14,NLCK42408272,ethos - tensal,
138861,109,6A,Techno (Raw / Deep / Hypnotic),MindTrip,2022-08-12,DECY52201269,false tales (original mix) - kashpitzky,
138970,140,2B,Techno (Raw / Deep / Hypnotic),Repetitive Rhythm Research,2021-06-25,NLL562110738,vocalize - head front panel,
138974,84,9A,Techno (Raw / Deep / Hypnotic),PoleGroup,2023-03-03,NLCK42226516,me medesimo (original mix) - conceptual (it),
139025,127,12B,House,Defected,2022-05-06,GBCPZ2220897,for the same man (nic fanciulli extended remix) - b beat girls,
139297,122,11A,Electro (Classic / Detroit / Modern),Klakson,2023-07-15,NLBA31000141,u can tell - privacy,
139463,132,9B,Techno (Peak Time / Driving),INVICTA,2025-03-21,US83Z2512880,"the key - fantoo, dual destress, daniel weirdo",
139465,132,10B,Techno (Peak Time / Driving),Orange Recordings,2024-12-06,UKACT2401072,smoother groover - perpetual universe,
139466,124,10B,Melodic House & Techno,DAYS like NIGHTS,2022-10-28,NLF712208018,transmission (joris voorn remix) - eelke kleijn,
139468,137,5B,Techno (Peak Time / Driving),Alaula Music,2025-05-02,DEPI82511582,sahara - yozé,
139469,130,2A,Techno (Peak Time / Driving),1605,2025-09-05,UKU932522536,go deep (original mix) - kos:mo,
139470,133,5B,Techno (Peak Time / Driving),Arcane Music,2025-07-18,FRX452562860,"all night long - victor ruiz, mila journée",
139471,132,6B,Techno (Peak Time / Driving),Esprit De La Jeunesse,2025-05-23,DEPI82510699,hold on tight (lampé remix) - lambda,
139472,135,6B,Techno (Peak Time / Driving),Set About Music,2024-04-05,UKU932400362,in my dreams - karla blum,
139473,130,5B,Techno (Peak Time / Driving),Drumcode,2025-03-20,GBUR62001029,explorer (extended mix) - adam beyer,
139486,129,7A,Tech House,Rocket Groove Records,2025-04-25,GBWUL2590200,spontaneous combustion! - jay crusoe,
139493,130,7B,Techno (Peak Time / Driving),Alula Tunes,2026-01-30,US83Z2574709,excuses - taavi,
140217,138,9B,Techno (Raw / Deep / Hypnotic),MALöR Records,2026-06-24,NLCK42608703,meson - fvks,
140257,84.9,,"",,,QZTVM2673097,kumbia tequendama - conjunto media luna,
140469,135,7A,Electronica,United Identities,2020-10-09,NLL562009751,stability - panda lassow,
140528,109,4A,House,Altra Moda,2016-03-18,USWB17900014,stay free - ashford & simpson,
140630,,,"",,,USHM81726038,dawn - emerald web,
140633,90.4,,"",,,GBJSH1128907,little fugue - lack of afro,
140634,101,8B,Pop,Parlophone (France),2013-12-28,FRZ116706205,la machine - dani,
140636,136,9B,Rock,Sony Music Direct (Japan) Inc.,2021-09-29,JPAL01600330,odorenai (2016 remaster) - jun togawa,
140637,155.6,,"",,,USZUD1114102,brother - oh-ok,
140638,84,10A,Electronica,Purple Pyramid Records,2016-08-12,QM6XS1601938,télécom - philippe besombes,
140639,,,"",,,CAZ700907868,il tubo del anno - basile,
140640,99,2A,Pop,UMC (Universal Music Catalogue),2017-06-30,GBAKW7801053,group life - godley & creme,
140643,130.5,,"",,,ITPEX2500038,propiziazione - bruno nicolai,
140832,,,"",,,GB56N2400009,the river becomes the stream - work money death,
141148,134,9A,Bass / Club,Pretty Weird (Back Catalogue),2022-05-11,GXABC2000006,rave bender - villager,
141276,,,"",,,DEB338733802,ceremony in starlight - mark isham,
141277,107.5,,"",,,USBB10100909,"goddess of love - lonnie liston smith, the cosmic echoes",
141278,123.5,,"",,,USAR17700116,phantazia - harvey mason,
141279,,,"",,,USSM17500839,proto-cosmos - tony williams,
141280,100.5,,"",,,USSM10805585,the baron - hubert laws,
141282,104.1,,"",,,NLC458300003,back to the factory - jan akkerman,
141283,80.8,,"",,,USSM10200617,bridge through time - lonnie liston smith,
141284,117.1,,"",,,USEE10250777,remembering - lenny white,
141285,79,7A,Hip-Hop,The Freeminded Records / 2 Chainz / ALC / EMPIRE,2025-08-08,USUYG1704150,"llc - larry june, 2 chainz, the alchemist",
141299,128.7,,"",,,CAU118300167,band of gold - sylvester,
141393,,,Pop,,,USAT20505251,black woman - sonny sharrock,
141438,131,8A,Techno (Raw / Deep / Hypnotic),Rekids,2020-10-09,GBLTF2000097,ignite a war - robert hood,
141715,132,7A,Tech House,Helix Records,2026-07-10,,this is not the james brown - vinter,
141735,138,1B,House,On Loop,2025-11-21,QMFME2585177,the other side is greener - zaltsman,
141841,124,7B,Minimal / Deep Tech,Another You,2025-01-10,QMFME2475268,annihilator - arutani,
141895,127,8B,Tech House,Limousine Dream,2023-05-05,DEY472373337,"everl00p - duowe, picasso",
142261,96.5,,"",,,DEU672300103,winterschlafsüßbärentraum - schlammpeitziger,
142263,,,"",,,BREMI6900087,clareana - joyce,
142264,120,1A,Nu Disco / Disco,Buddah/Legacy,2015-06-26,USSM11308105,stay with me this summer - michael henderson,
142265,73,7A,Melodic House & Techno,MUTE,2020-03-06,GBR8R1900386,double heart - robert rental,
142266,89.8,,"",,,QT7UR2600104,aguro - yaa naara,
142267,120.3,,"",,,QMUGB2102906,ngondé - papé nziengui,
142268,95,,"",,,DGA072516577,i contain multitudes - ugne&maria,
142269,,,"",,,QM4TW2105467,strobe lite - yl hooi,
142270,100,9A,Electronica,Bamboo Shows,2023-02-13,FRDX62300620,autour du cro - jonquera,
142377,125,5A,Deep House,Heist Recordings,2026-07-17,NLYV52600032,5 to 9 - dam swindle,
142378,125,6A,Melodic House & Techno,Innervisions,2026-07-24,DEEC31810699,whisper to me - jimi jules,
142825,123,9A,Indie Dance,Maccabi House,2024-07-05,QM6P42409153,moog dance - snirco,
142858,136,4B,Techno (Peak Time / Driving),ARTCORE RECORDS,2025-08-14,ES74F2500118,killa - marco faraone,
142877,130,1B,Melodic House & Techno,Simulate Recordings,2026-01-16,US6R22552857,music 4 ur body - slvr,
142878,124,10B,Melodic House & Techno,Siamese,2024-06-07,CHC652400202,lost control - son of son,
142879,126,10B,Melodic House & Techno,Great Blondino,2025-12-19,DGA072593050,like i don't exist - son of son,
142880,126,7A,Melodic House & Techno,Sven Records,2025-10-10,US39N2503817,paradox - adellic,
142881,128,9A,Indie Dance,Young,2026-07-23,UK7MC2500148,waited all night (solomun remix v21) - jamie xx & solomun feat romy & oliver sim,
142882,126,5B,Melodic House & Techno,Afterlife Records,2025-09-19,USA2P2546015,hide - son of son,
142883,126,1B,Tech House,TV Recordings,2026-01-08,GBLV62524945,the power - tommy veanud,
142886,120,5A,Melodic House & Techno,Bibliothèque Records,2026-01-23,US39N2582572,shoreline - sebjak,
142887,124,4A,Melodic House & Techno,Exit Strategy,2025-04-11,DEEC31810612,push me - ivory (it),
142888,127,10B,Mainstage,Diynamic,2026-02-13,DEDH72300584,higher - id id,
142889,121,10B,Indie Dance,Konichiwa Records,2007-09-10,SEAMA0600774,with every heartbeat - robyn,
142898,117,10B,Afro House,DistroKid,2022-07-15,ZAPVG2200043,vulture - kgzoo,
142899,122,,Dance,,,NL3M12602866,focus - dr. chaii,
142901,124,5B,Afro House,Coringa Music,2021-12-03,DEH742101326,increasing attitude - breyth,
142902,126,1B,Bass / Club,Freeze Records,2020-01-24,USMKQ2000008,"sume sigh say (dj malvado rmx) - todd terry, house of gypsies",
142904,124,5B,Afro House,ZgoriRecords,2024-06-28,DEH742420372,kunanga - morex,
142905,130,11A,Dance / Pop,L10 Music,2024-09-27,BRSVB2400002,"parado no bailão - mc l da vinte, mc gury, limitlezz",
142906,125,,Dance,,,QZTV32414854,"sound di horn! (aqutie remix) - dana lu, king bubba fm",
143001,135,12A,Techno (Peak Time / Driving),Mord,2017-03-24,NLCK41037197,least at last - uvb,
143110,128,7A,Techno (Raw / Deep / Hypnotic),United World Music,2020-07-04,NLAR12090010,in the dark - srvd,
143159,120,8A,Indie Dance,Disco Halal,2022-04-08,ZZOPM2226301,amor fati - talee,
143160,119,1A,Tech House,Spectral Sound,2008-08-12,US2J70816203,electronic justice - 2 am/fm,
143161,120,2B,Deep House,Freeride Millenium,2026-03-26,GBKQU2619801,longing (and) dissolving - jorkes,
143162,130,5B,Techno (Peak Time / Driving),Turbo Recordings,2024-08-02,DEG932402729,don't stop - lumi,
143163,132,4A,Tech House,Hessle Audio,2023-05-16,GBUMC2300002,installation - pangaea,
143164,138,3B,Indie Dance,DGTL,2025-06-06,GBKQU2538782,do androids dream of dinosaurs? - theus mago,
143165,105,6B,140 / Deep Dubstep / Grime,Mad Decent,2025-01-17,USZ4V2400432,take your vibes and go (taiki nulight remix) - kito,
143166,128,6A,Minimal / Deep Tech,Fragile,2018-05-04,DEPL91800584,source (roman flügel remix) - wolfgang tillmans,
143168,130,4A,Tech House,Pets Recordings,2023-07-07,PLE072317702,let me go - christian nielsen,
143359,140,8A,Techno (Raw / Deep / Hypnotic),Sleaze Records (UK),2023-10-06,GBKQU2390219,common denominator (axel karakasis remix) - hans bouffmyhre,
143397,133,8A,Techno (Raw / Deep / Hypnotic),LUNARECORDS,2025-02-21,NLCK42500774,resonance 1 - obscur,
143489,142,11B,Techno (Raw / Deep / Hypnotic),Soma Records,2024-10-18,GBBVL2467504,marina mercante - franco rossi,
143592,72,5B,Dance / Pop,Columbia (Sony),2025-06-13,GBARL2500709,good things come to those who wait - skream & benga,
143743,130,1A,Minimal / Deep Tech,Bamboleo,2026-04-24,GBKQU2638059,saints row - funk cartel,
143934,135,11A,Bass / Club,Delusional Records,2023-06-30,CA5KR2344783,"in the club out (leonce remix) - maude vôs, marie nyx",
143935,135,12B,Techno (Raw / Deep / Hypnotic),Symbolism,2023-03-24,NLMH62300027,accelerate - ritzi lee,
143936,134,10A,Techno (Raw / Deep / Hypnotic),Be As One,2020-11-19,IL4092007605,transversal - jeroen search,
143937,135,2A,Electro (Classic / Detroit / Modern),Science Cult,2021-09-03,QZL6U2000102,encantum (johnny aux mix 1) - geistech,
143938,146,3A,Electro (Classic / Detroit / Modern),Klasse Wrecks,2022-01-07,NLL561908665,mind pollution - mr. ho,
143939,135,12A,Electro (Classic / Detroit / Modern),Cyphon Recordings,2023-04-28,GX7RL2200011,cyborg nerve - cyborg nerve,
143941,98,6B,Bass / Club,Nyege Nyege Tapes,2024-07-12,UGA262300155,bounce (exclusive real 09 bubbling) - de schuurman,
144044,114,5A,Amapiano,Kelvin Momo Productions,2024-08-02,USHM91288292,sykes - bill sykes,
144057,124,2B,Deep House,Parlophone (France),2005-08-29,GBCFC0100043,poor leno - röyksopp,
144191,107,10B,Dance / Pop,Sony Music Entertainment,2011-11-25,GBBBM8400019,last christmas - wham!,
144205,113,1B,R&B,Mercury Records,2023-02-03,USPR38002470,never knew love like this before - stephanie mills,
144344,114,6B,House,Kaskadeur Records,2022-11-18,DEC730000071,der blaue planet - karat,
144507,120,11A,Melodic House & Techno,Ultra,2025-02-21,USUS12500041,"sunrise (extended mix) - tripolism, nandu",
144524,119.9,,Electro|Dance|Disco,,,FR9V30605301,blind date w/dr bootygrabber (original mix) - agbg,
144525,126,10A,House,OM Records,2007-07-31,USOM80726804,borders - mark farina,
144526,133,8A,Tech House,Banoffee Pies Records,2019-06-07,FR10S1740361,reflektioner - adam strömstedt,
144527,124,2A,Deep House,Vizual Records,2025-10-24,US4J22500107,unnnhhh - iz & diz,
144529,120,3A,House,Let's Play House,2013-12-16,QMJYS1300082,keep out - fantastic man,
144530,131.1,,Electro|Dance,,,DEKB72067214,rhytmic technology - bodin,
144531,126,7A,House,iO Music,2009-04-01,GBDLM0680007,collagen - insignificant others,
144532,128,8B,House,Glasgow Underground,2000-03-01,GBPQS1700146,down 4 u (extended version - 2017 remaster) - romanthony,
144533,122,8B,Electronica,DC Recordings,2007-05-28,DEVY92500042,"yagga yao (emperor machine extended version) - idjut boys, emperor machine",
144534,117.2,,Soul & Funk,,,PTKK10000006,c'mon family (instrumental) - cool hipnoise,
144536,124,3A,Minimal / Deep Tech,Logistic Records,2022-01-21,FR9V32207907,extract cdv 2 (live) - bruno pronsato,
144537,,,Classique,,,HKI199890801,poem of chinese drum - hok-man yim,
144538,129,9B,Minimal / Deep Tech,Telegraph,2005-07-01,FR9V30551801,van (tight mix) - ben nevile,
144540,126,1B,Deep House,R&S Records,2019-01-25,BEZ351800229,an ungrateful death - shcaa,
144541,125,8A,House,recordJet,2005-03-29,DEQ020501086,still jackin' - audio werner,
144542,120,,Electro|Dance|Disco,,,CH4680600021,nella - shaka,
144543,125,7A,House,Serial Records,2002-01-01,FRV600200012,"believe (martin solveig vocal dub) - soldiers of twilight, martin solveig",
144544,136,9A,Pop,Universal Music Division Label Panthéon,2005-09-12,FRZ020500190,"est-ce que tu aimes ? - arthur h, -m-",
144582,143.6,,"",,,US25X1800229,hollow og 1 - odd nosdam,
144583,162.6,,"",,,GBCFB9803406,get ready (feat ursula rucker) - silent poets,
144584,81.7,,"",,,GBBJX0492010,caughtup (hednod session 2) - mick harris,
144585,89,12A,Trap / Future Bass,Big Dada,1999-03-01,GBCFB9900190,inna - roots manuva,
144586,98,9B,Electro (Classic / Detroit / Modern),Hublotone Records,2025-09-26,FRX282566892,spring - ciccio & 2mo,
144587,100,7B,Organic House,Bureau B 1,2020-09-11,DELI52003017,berrytone souvenier - tolouse low trax,
144588,92,3A,Trap / Future Bass,Big Dada,1999-03-01,GBCFB9900280,oh yeah... - roots manuva,
144979,152,,Classique,,2026-08-28,DEN962631010,movement 10 - her gift - floating points,
145114,107,7B,Bass / Club,Pressure Recordings,2024-07-22,GBHLW2401246,dub simulation - ghost dubs,
145115,125,,"",,,GBMA22474294,nightbus - ma.moyo,
145116,123,10A,Bass / Club,Moonshine Recordings,2019-11-29,PLE351900033,steamroller - ist3p,
145117,136,,"",,,FRPZ92443600,méchant x2 - dawa hifi,
145118,128,4A,Dubstep,Tectonic,2009-09-21,GBGXC0900015,false flag (kryptic minds remix) - pinch,
145119,140,5A,140 / Deep Dubstep / Grime,System Music,2024-02-16,QM4TW2431981,voices - v.i.v.e.k,
145120,142,12A,140 / Deep Dubstep / Grime,Chestplate,2024-05-24,GBYMS2400003,the force - teffa,
145121,150.1,,"",,,GBG8Q2300068,prophecy - conrad pack,
145147,115,7B,Electronica,Step Ball Chain,2025-08-09,NLZ8C2500485,future code - anderson,
145148,126,5A,House,High Praise,2024-04-23,GBBSP2250012,"i haven't recovered from last night with you - divorce from new york, reykjavik606",
145149,128,1B,Dance / Pop,Rarre Records,2025-07-31,QMBZ92503691,show me - rona.,
145150,132,,"",,,DE1QW2624918,replay - fbi & aos records,
145151,137,6A,Breaks / Breakbeat / UK Bass,CONDUIT CREATIVE MUSIC,2026-06-05,CA5KR2652831,// delving - bushfyre,
145152,137,6A,Techno (Raw / Deep / Hypnotic),Timedance,2025-03-28,FR2X42580137,betcha wouldn't hurt me - cleyra,
145153,,,"",,,DE1QW2624917,"right & left (instrumental) - eliahaze, t.playboi & aos records",
145154,140,4B,Melodic House & Techno,Step Ball Chain,2025-08-09,NLZ8C2500483,visconti bounce - anderson,
145155,144,7B,Latin Electronic,WAJANG,2026-05-20,FRR642601583,rain - amor satyr,
145156,148,4A,Techno (Raw / Deep / Hypnotic),Timedance,2025-05-16,FR2X42580139,there's nothing happening between us - cleyra,
145314,88,7A,Breaks / Breakbeat / UK Bass,Independent Jeep Music,2025-05-08,QM6P42533258,delusional - erika de casier,
145389,86,12B,Drum & Bass,Hospital Records,2020-10-30,GBCJY2000291,"everybody loves the sunshine (feat daddy waku, chantal kashala) - netsky",
145448,116,11B,Dance / Pop,A&M,2007-04-24,USAM18600848,when i think of you - janet jackson,
145476,105.5,,Alternative|Rock indé|Rock,,,GBAFR7710183,sex & drugs & rock & roll - ian dury,
145557,108,11B,Breaks / Breakbeat / UK Bass,Dionysian Mysteries,2024-07-17,NLCK42409830,acid pathway - kwake,
145558,117,12B,Techno (Raw / Deep / Hypnotic),Monkey Tale Records,2023-11-29,UKR6V2322761,creepy little heart (original mix) - tala,
145559,100,9A,Indie Dance,Ombra International,2024-03-13,QZ5FN2459017,zero time - zheng,
145560,116,12B,Indie Dance,Ombra International,2018-12-07,UKACT1830544,one hundred cats - niv ast,
145561,118,12B,Indie Dance,Nein Records,2026-03-13,GBKQU2619276,love to watch u - a_m_b_o_s_s,
145562,122,11B,Indie Dance,Ombra International,2018-04-30,UKACT1863429,ella - theus mago,
145563,120,1B,Indie Dance,Ombra International,2021-04-02,UKACT2130161,"misty - silicodisco, alvaro cabana",
145564,125,7B,Electronica,Rekorder,2007-06-20,DET740700027,rekorder 9.2 - rekorder,
145565,132,8A,House,MIC,2018-10-19,US4GE1800082,who me? (d. tiffany & roza terenzi remix) - laps,
145566,100,2B,Electro (Classic / Detroit / Modern),Dionysian Mysteries,2023-09-29,NLCK42236739,man's women in f# - makabr,
145816,,,"",,,QM4TW2353853,"estilo pampeano - los jairas, los condores",
145817,74,11A,Hip-Hop,Why we sing,2024-03-22,FR9W12369938,intro - sophye soliveau,
145818,,,"",,,USPR59900007,black magic woman - patricia barber,
145819,,,"",,,USSM10016569,skyscrapers - deodato,
145820,132.9,,"",,,BRESG2100315,"upa, neguinho - kali",
145821,,,"",,,USA2P2151103,brasilian sugar - jackson conti,
145822,104,,"",,,BRRGE9000115,maria tristeza - jovelina pérola negra,
145823,96.1,,"",,,BREMI7500319,samba do arnesto - adoniran barbosa,
145824,123,3A,Dance / Pop,Vitória Regia Discos Ltda,2025-04-01,USLB10710014,you don't know what i know - tim maia,
145825,98,5A,Nu Disco / Disco,Universal Music Ltda.,2020-09-04,BRUM70601019,"entre nessa onda - m.c. batata, dj marlboro",
145826,98,1A,Nu Disco / Disco,Universal Music Ltda.,2020-09-04,BRUM70601025,"rap do arrastão - ademir lemos, dj marlboro",
145827,125,12B,Nu Disco / Disco,Universal Music Ltda.,2020-09-04,BRUM70601024,"melô dos números - abdula, dj marlboro",
145828,,,"",,,ARF310600124,la voz del viento - uña ramos,
145829,,,"",,,BRUM71902970,o dia em que el rei voltou a terra de santa cruz - sivuca,
145830,161.5,,"",,,NLE321701030,pa! pa! pa! pa! - nico gomez and his afro percussion inc.,
145831,103.1,,"",,,QM4TX1712371,hey pancho - young-holt unlimited,
145832,131.3,,"",,,QM6P41443663,sintado na pracinha - américo,
145838,128,10B,House,Perfecto Estado,2025-08-22,US83Z2546860,nena ácida - paulete lindacelva,
146089,112.3,,"",,,QT3TB2569937,caledonia - racecourse,
146154,99.8,,"",,,USPA30000199,cores - da lata,
146182,136,7A,Electronica,Late Night Tales,2020-12-04,USSM10008866,"illuminations - carlos santana, alice coltrane",
146281,158,7B,House,Latency,2024-11-08,QZSQG2202501,the homeless wanderer - emahoy tsege mariam gebru,
146549,,,"",,,GX3HH2501606,valley serpent - ear,
146613,120,3B,Hip-Hop,AWGE/Interscope Records,2025-03-14,USUM72414866,evil j0rdan - playboi carti,
146835,100,2A,Hip-Hop,Def Jam Recordings,2021-05-21,USDJ29700002,ain't nobody - ll cool j,
146836,98,10A,Trap / Future Bass,Aftermath,1999-12-28,USIR19915071,the watcher - dr. dre,
146837,100,11B,Trap / Future Bass,Columbia/Legacy,2014-10-10,USSM19303132,i ain't goin' out like that - cypress hill,
146838,145,4B,Psy-Trance,Loose EM,2015-01-28,USUM71309074,heart shaped box (original steve albini 1993 mix) - nirvana,
146839,93,12A,Pop,Atlantic Records,2013-10-24,USAT29800315,"the boy is mine (radio edit with intro) - brandy, monica",
146840,92,7A,Hip-Hop,Capitol Records,2006-09-26,USCA20300283,right thurr - chingy,
146841,102,11B,Rock,Epic/Immortal,2021-04-13,USSM19801755,freak on a leash - korn,
146843,103,9B,House,Domino,2021-03-31,GBCEL2000151,loomer - my bloody valentine,
146844,97,11A,Rock,Interscope,1993-04-16,USIR19300506,my name is mud - primus,
146845,102,2A,Trap / Future Bass,Priority Records,2014-09-02,USPO10800035,fuck tha police (remastered 2006) - n.w.a.,
146846,97,2B,Rock,Interscope,2008-07-25,USIR19902308,nookie - limp bizkit,
146847,95,3A,Hip-Hop,Bad Boy Records,2015-02-10,USBB40580807,gimme the loot (2005 remaster) - the notorious b.i.g.,
146937,117.7,,Electro|Dance,,,GB4HG2200067,duck duck - alex nut,
147016,88,7A,Drum & Bass,Digital Soundboy,2026-04-16,CBEFB2601756,la prima (b-side) - kingh,
147022,114.8,,"",,,NL4BJ2100003,setback (edit) - mad honey,
147040,128,8A,House,Rhythm Section International,2026-02-20,DEG932505176,understand - isaac carter,
147102,129.4,,"",,,QZ5FN2429103,"mandelão riddim - mabrada, sndy, sbp",
147103,130,10A,R&B,Virgin Music Label And Artist Services (S&D),2022-12-06,BXX7E1900165,"montagem mini game - dj batata, dj evolução",
147104,135,11B,Brazilian Funk,Aquecimento BR,2026-04-08,BCVHO2600008,popô - vhoor,
147105,132,6B,Trap / Future Bass,Tight2DeF,2019-05-03,QMEU31609906,i wanna love you - raheem the dream,
147108,70,11A,Hip-Hop,Top Dawg Entertainment/Capitol Records,2023-08-18,USUG12305473,booty drop - doechii,
147110,149.9,,"",,,QZGWX2113233,big b00ty - ytp,
147111,140,8B,Hip-Hop,DJPJMADEDISTRACK  RECORDS,2025-05-03,QZTLA2586339,eat this pu**y - djpjmadedistrack,
147112,80.1,,"",,,TCAFN2136143,kilot - team bwè tou sa,
147113,129.4,,"",,,BRFUP1100346,"sequência do pente - furacão 2000, os hawaianos",
147123,128,,"",,,CA5092600206,ta brinca - negoo,
147252,80,2A,Electronica,Stroom,2019-12-16,UK6821810109,clairvoyance - jason kolàr,
147253,154,8A,Electronica,Planet Mu,2025-05-02,USA2B2405343,the wounded place - james krivchenia,
147254,92,8A,Electronica,Ostgut Ton,2019-09-06,DELG71401088,posmean - barker,
147255,69,12B,Electronica,R&S Records,2026-06-19,BEZ352600024,person five - third person,
147256,122,6A,Electronica,Ilian Tape,2026-06-30,DEOB62601084,the lazurite closer - fields of mist,
147257,110,2A,Bass / Club,Bokeh Versions,2021-10-15,UKFKB1600254,dirtyvaccine - i jahbar,
147258,,,"",,,IT4NQ2100128,deployable mental (clitic version) - georgia,
147283,111.5,,"",,,QZMH62200007,"palaver - qasim naqvi, wadada leo smith, andrew cyrille",
147285,,,"",,,QZPYY2201505,second picture of the same weather pattern - lia kohl,
147287,108.7,,"",,,US2392500007,suite 2 - first movement/second movement/third movement - moondog,
147288,,,"",,,USUJB2006303,tripticks - nat baldwin,
147290,,,"",,,QZPYY2201102,sending positive vibes - cyrus pireh,
147291,128,2B,Electronica,Dark Entries Records,2026-05-01,USA2P2621094,amour interdit - bergsonist,
147292,87,3A,Indie Dance,Honest Jons Records,2010-06-25,DEZ651011938,uya kwihi ka rose - tshetsha boys,
147293,,,"",,,DEB338224602,spacehead - lester bowie,
147295,,,"",,,US2392500003,tree frog - be a hobo - moondog,
147296,,,"",,,QZMH62200003,"spiritual is 150 - qasim naqvi, wadada leo smith, andrew cyrille",
147297,120,4B,Bass / Club,Partisan Records,2023-10-25,GBLZC1300094,show u how (feat dj spinn) - dj rashad,
147404,136,8A,House,Floorgasm,2022-03-25,QMEU32203160,mutant exotic (badsista remix) - lsdxoxo,
147475,120,4B,Electronica,Black Leather Records,2011-07-10,RUA491109975,shadow rider (original mix) - martial canterel and tobias bernstrup,
147478,124,6A,Indie Dance,Rotten City Files,2025-12-19,NLCK42233770,"cuerpo, sombra y espalda - syd depalma",
147479,125,3A,Electro (Classic / Detroit / Modern),Clone West Coast Series,2010-10-26,NLL561002720,bayville cove - legowelt,
147480,125,1B,Electronica,Gop Tun Records,2025-04-04,BX6IQ2500080,equinócio - kauan marco,
147481,124,2A,House,RF,2025-10-07,GBKQU2589734,the hood - rennie foster,
147482,94,7A,Techno (Peak Time / Driving),Creme Organization,2009-08-07,NLL560902296,emotionle part i - marco bernardi,
147484,127,8A,Electronica,Gop Tun Records,2024-07-26,BX6IQ2400153,verano fatale - ponkan,
147486,131,5A,Electronica,Dark Entries Records,2019-01-18,USTCC1084969,the mutant glow - victrola,
147487,140,2A,Bass / Club,Moveltraxx,2024-05-23,GBKQU2432953,"get up - lauren flax, dj slugo",
147488,144,10B,Electronica,Sacred Bones Records,2021-10-22,US5NR2127806,say it first - black marble,
147489,90,5A,Electronica,Black Leather Records,2011-07-10,RUA491109974,strange land (original mix) - martial canterel and tobias bernstrup,
147506,146,4B,Electronica,Mood Hut,2026-07-17,USYBL2600929,harmless - gi gi,
147528,102,3B,Nu Disco / Disco,Midnight Riot,2017-03-13,UKACT1930183,higher - yam who?,
147633,165,10A,Drum & Bass,Reactor 4,2026-04-10,DEH742607916,scratch the itch - grace wolfe,
147667,138,6A,Nu Disco / Disco,Island Def Jam,2018-11-23,USSM10024751,no more tears (enough is enough) - barbra streisand,
147785,131,3A,House,The Outlet,2025-10-29,DEG932505101,swordfight in a chicken shop - murkage dave,
148369,131,10A,Minimal / Deep Tech,TBX Records,2026-06-12,GBKQU2655650,unity sounds - jorge mattos,
148387,132,1A,House,A-Trak & Friends,2026-07-10,QMMEH2601355,dancefloor (extended mix) - a-trak,
148388,128,9A,House,PIV,2026-07-24,GBKQU2673284,on the dancefloor - josh butler,
148391,124,8A,House,Compost,2026-07-24,DEM092600118,tryin' times (crackazat remix) - christian prommer,
148393,116,8A,House,Needwant,2025-06-20,GB6LY1601886,can't deny (kid fonque extended refix) - benni ola,
148401,128,3A,Minimal / Deep Tech,GOLFO TRAXX,2020-03-12,GBKQU2011817,now jazz (midnight mix) - golfos,
148454,123,,Electro|Techno/House|Dance,,,NZLP00500329,dust (extended mix) - recloose,
148480,140,7A,Dance / Pop,Feels Right Music,2025-01-10,QMDA72453241,kurdish flute - chamos,
148594,133,7B,Techno (Peak Time / Driving),Newrhythmic Records,2023-07-28,NLCK42233755,contacta - bartig move,
148842,124,11A,Dance / Pop,Parlophone UK,2009-01-05,GBAYE0101381,in your eyes - kylie minogue,
149017,111,9A,Rock,Epic,2023-11-17,USSM12305452,ninety three 'til infinity and beyoncé - andré 3000,
149041,125,5B,Nu Disco / Disco,ReGraded,2021-06-10,UK2VX2000009,get close - elvin t,
149045,121,6B,Deep House,Accidental,2012-08-19,GBDJX0900034,the audience - herbert,
149116,126,8A,Tech House,Dekmantel,2025-04-04,NLTH62500019,when in room - ploy,
149206,125,4A,Bass / Club,On Loop,2022-07-06,UKEEH2200010,geodesis - ronan,
149220,128,5B,Breaks / Breakbeat / UK Bass,FABRICLIVE.,2025-07-29,GBEXH2500113,"ruffest - arthi, sam interface",
149236,132,10B,Bass House,ESSEntial.,2026-04-10,USLD91793508,demonstrate - dillon nathaniel,
149403,116,8A,Techno (Peak Time / Driving),Invisible Inc (UK),2018-08-20,UKCD81800017,dream dub for sarah - bal 5000,
149437,136,12A,Techno (Raw / Deep / Hypnotic),Moving Pressure,2025-06-06,NLCK42507422,soul eater - obscur,
149456,133,4A,Minimal / Deep Tech,Pitch Records,2026-05-22,GBKQU2647311,ride or die - konxious,
149564,135,12A,UK Garage / Bassline,Gardna Music,2024-10-25,GX53U2376850,"fine art - gardna, jayahadadream",
149770,122,12B,Melodic House & Techno,Tomorrowland Music,2025-09-26,BE5KW2500900,do it again - betical,
149884,124,3A,Techno (Raw / Deep / Hypnotic),Hypnus Records,2018-09-03,NLCK41050127,varanasi - primal code,
150017,120,11B,Deep House,RE:WARM,2023-06-02,UK9AV2300234,toro de fuego (exclusive) - fila brazillia,
150051,90,11A,Drum & Bass,PullUp Recordings,2025-05-23,GB8KE2513133,sold my soul - bsearl,
150498,123,11A,Pop,Def Jam Recordings,2008-06-17,USUM70734700,don't stop the music - rihanna,
150575,159,8A,Techno (Raw / Deep / Hypnotic),Hypnus Records,2025-07-10,NLCK42509800,spell - feral,
150908,129,12B,Techno (Raw / Deep / Hypnotic),Ternesc,2018-06-22,GBQLP1800662,vented - blawan,
151033,148,10B,Techno (Raw / Deep / Hypnotic),Pseudonym Records,2023-05-26,GBQLP2300301,lentil - glances,
151178,131,2A,Minimal / Deep Tech,Pilot (UK),2025-03-14,GBKQU2522735,you got work - vitess,
151179,132,6B,UK Garage / Bassline,VIENNA RECORDS,2025-11-14,GBLV62512458,bang bang - fm from b,
151181,66,12B,Minimal / Deep Tech,Factory 93 Records,2026-03-20,NL8RL2617100,boundary - lightleak,
151210,181,7A,Electronica,Stroom,2019-12-16,UK6821833507,kur tu esi? - ingus baušķenieks,
151211,78,5A,Electronica,Byrd Out,2022-12-09,UKZ4L2200002,"no rivers here - santaka, manfredas, marijus aleksa",
151212,152,5A,Techno (Raw / Deep / Hypnotic),Greyscale,2019-01-31,GBKQU1904002,lost soul (original mix) - grad_u,
151213,,,"",,,QZ5FN2135462,"tauro kalnas - auren, jaroška",
151214,89.3,,"",,,UK6822404407,man atrodo laikas - egomašina,
151216,110,6A,Electronica,PPP,2019-12-13,GBLV61918339,one two (original mix) - jaroška,
151217,126,2A,Techno (Raw / Deep / Hypnotic),Greyscale,2019-01-31,GBKQU1904008,ultraviolet radiation (original mix) - grad_u,
151218,119.9,,"",,,UK6821400083,meditation (giriu dvasios version) - ministry of echology,
151219,109,5A,Techno (Peak Time / Driving),1080p,2015-04-21,CAE5H1500346,offering - feingold,
151259,125,6A,Latin,ONE BILLION RECORDS,2026-06-30,USCGJ2004694,"4k - el alfa, darell, noriel",
151284,126,2B,Breaks / Breakbeat / UK Bass,Pacific Rhythm,2017-08-18,USYBL1701169,something about you - d. tiffany,
151286,131,2A,Techno (Peak Time / Driving),Kalahari Oyster Cult,2019-05-07,NL1MT1900017,hallucinogenic worm (wave mix) - flora fm,
151287,132,2A,Breaks / Breakbeat / UK Bass,Banoffee Pies Records,2018-12-07,FR96X1749837,hanging gardens - seka,
151288,,,"",,,FR9W11800316,unknown graffito - e-unity,
151289,134,,"",,,GBWUL1952201,heavenly depression - unknown mobile,
151290,135,7A,Bass / Club,Nervous Horizon,2020-09-25,UKA9G1700058,"turing machine - object blue, tsvi",
151291,135,1A,Breaks / Breakbeat / UK Bass,Tectonic,2020-05-01,UK4942000023,for the memory exchange - cocktail party effect,
151333,127,1B,Tech House,RISQUÉ RECORDS,2025-07-25,GBKQU2567352,way back - ollie bc,
151384,127,4B,Tech House,STEREOHYPE,2025-04-25,US38Y2529697,deeper (extended mix) - dj s.k.t,
151385,128,1A,Tech House,Toolroom,2024-03-08,GBJAJ2400283,feel it ya - castion,
151386,127,4A,Dance / Pop,EMI Music Australia,2025-07-28,AU2DY2500211,walking on a dream (marlon hoffstadt remix) - empire of the sun,
151388,123,6A,Nu Disco / Disco,Higher Ground,2020-05-01,USZ4V2400251,on my mind (sidepiece vip) - diplo,
151390,128,12A,Minimal / Deep Tech,Experts Only,2025-03-28,USA2P2512798,be a freak - roddy lima,
151391,130,6B,Tech House,Terminal Underground,2025-04-04,NLRD52426116,"license to be bad (feat lovlee) - matroda, ciszak, lovlee",
151393,126,9A,House,Defected,2020-10-16,GBCPZ2018710,deep end (sidepiece remix) - john summit,
151394,126,9A,House,Defected,2020-10-16,GBCPZ2018743,deep end (sidepiece extended remix) - john summit,
151439,93,7A,House,Keinemusik,2018-06-08,DEEC31850059,"operator (honey dijon remix) - rampa, &me, adam port",
151936,130,12A,House,SOLOTOKO,2026-02-27,US39N2659501,my loving (morgan seatree remix) - sonny fodera,
152024,130,5A,Dance / Pop,GOTTA MOVE,2026-04-10,NL8RL2624560,daydreams - wuki,
152087,129,12B,Tech House,Creamfields Recordings,2026-03-13,QM4TX2682093,just a dance - teedee,
152553,124,4B,Indie Dance,Feines Tier,2022-08-05,DEU672200765,after of disaster (simple symmetry remix) - megaphonim & simple symmetry,
152627,160,9A,Trance (Main Floor),3 Lanka,2001-07-13,DEN061300918,lost in love (sysex style mix) - legend b,
152642,134,7A,Techno (Raw / Deep / Hypnotic),Warm Up Recordings,2022-12-23,NLCK42223771,methamorphism (original mix) - nwhr,
152649,136,9A,Techno (Raw / Deep / Hypnotic),Mord,2023-04-28,NLCK42229094,turnover - milo raad,
152846,128,7B,Minimal / Deep Tech,SATYA,2026-02-06,QMFMG2579336,phaseloop - paul franc,
152936,90,10B,Pop,Warner Records/Maverick,2009-03-13,USWB11002044,"forever and ever, amen - randy travis",
153052,104,4A,R&B,Island Records,1995-04-02,USRL19500006,this is how we do it - montell jordan,
153109,93,1A,Hip-Hop,Shady Records,2003-02-06,USIR10300002,21 questions - 50 cent,
153172,102,4A,R&B,LaFace/Legacy,2024-06-07,USLF20400041,goodies - ciara,
153667,122,4A,Melodic House & Techno,Rebellion,2025-10-17,GB7NR2561221,dont fight - argia,
153831,123,8A,House,Soma Records,1996-05-20,GBBVL9100011,eterna - slam,
153888,122,7B,House,Nervous Records,2026-04-17,USNRS2644583,glass - north 90,
154238,105,,"",,,ES7381300832,la costa (simple symmetry remix) - linda mirada,
154612,87,5A,Deep House,Razor-N-Tape Records,2013-03-22,QMXZD1100039,where you belong - the groovers,
154613,80,4A,R&B,Fat Possum,2016-02-26,US2HK0916705,let's straighten it out - o.v. wright,
154614,96,10A,Dance / Pop,Epic/Vested In Culture,2013-05-31,USSM11302458,lft - quadron,
154615,99,8A,Electronica,Planet Mu,2015-10-15,US78Q0910404,nautilus - nautilis,
154616,99,7B,R&B,Motown,1999-05-18,USMO17984685,"it's my house (12"" remix) - diana ross",
154617,104,3A,Electronica,Warp Records,2014-06-16,GBBPW1300061,now is the time - nightmares on wax,
154620,105.5,,"",,,USAR10800976,just havin' fun - ray parker jr.,
154621,81,9A,Organic House,Compost,2022-01-27,GB5EM1401379,last home (dj nature remix) - typesun,
154623,116,12B,Afro House,Alma Negra Records,2018-02-05,DEPL91808003,berimbau - alma negra,
154624,115,3B,Electronica,Warp Records,2013-09-16,GBBPW1300064,tapestry - nightmares on wax,
154625,120,8A,House,Tru Thoughts,2025-12-08,GBEUE1300074,wordy - titeknots,
154627,122,4A,Funky House,Black Bouwie Records,2018-05-04,GBKQU1837124,"straight it out (original mix) - speaknspell, lockomotiv",
154632,108,7A,Dance / Pop,Island Records,2021-05-07,,peanut butter (remastered 2013) - compass point all stars,
154644,126,9B,Deep House,ROSSI.HOME//GRXWN.,2025-10-24,UKU932582499,"can't move - burnski, kepler.",
154645,124,10A,House,Etruria Beat,2012-04-21,DEH741202332,"tuscany (lauhaus remix) - luca agnelli, marco faraone",
154646,128,3A,Minimal / Deep Tech,NO ART,2019-12-16,GBLV61921680,don't fear change (rossi. remix) - tommy vercetti,
154647,125,6A,Tech House,High Pressure Music,2014-10-27,CA5KR1043065,moody stab (vincenzo d'amico remix) - gianni firmaio,
154648,126,11A,Techno (Peak Time / Driving),Rekids,2015-09-04,GBLTF1500010,ghetto kraviz (regal 303 dub) - nina kraviz,
154651,126,1A,Tech House,Saved Records,2022-07-29,GBJAJ2200982,future fortune (extended mix) - josh butler,
154652,126,8B,Tech House,Tenax Recordings,2010-01-22,ITH860900009,"vacaciones en chile - 2000 and one, lauhaus, kabale und liebe remix - ilario alicante",
154653,128,4A,Breaks / Breakbeat / UK Bass,getbusy,2026-03-20,USLZJ2651061,gangsta sh!t - ghezz,
154654,93,9A,Deep House,Miura Records,2026-02-27,GBKQU2607744,let her go - craftsmanship,
154655,127,4B,House,SoSure Music,2024-08-09,UK6KH2400424,"let the music set you free - tedd patterson, the illustrious blacks",
154656,126,9B,Tech House,Doppelgaenger,2011-02-10,DEH741006292,kundi la mapendo (nima gorji remix) - jackie misfit,
154657,126,3B,Tech House,Duff Music,2025-01-09,QZG2X2409970,cotton club - beyou (es),
154658,128,5A,Minimal / Deep Tech,Rebellion,2025-05-16,GB7NR2561161,dip - daniel cuda,
154659,130,4A,Deep House,Fluid Music,2026-03-06,CA5KR2611814,call me hard (original mix) - gianni bertoli,
154660,127,7B,Minimal / Deep Tech,Solid Grooves Raw,2022-07-08,GBKQU2260880,with age comes wisdom - ignacio morales,
154661,129,1A,House,Flashmob Records,2026-03-13,ITKG02600486,the funk bassline (radio edit) - delistic,
154662,127,10A,Minimal / Deep Tech,Holographic Society,2026-03-13,QZG2X2602711,time attack - triptah,
154663,126,11B,Deep House,Narratives,2026-03-17,UKACT2642337,from afar - mustafa ismaeel,
154664,129,1A,Melodic House & Techno,Crosstown Rebels,2024-06-14,GB7NR2431202,cherries - airrica,
154665,128,2A,Tech House,Minitek,2026-03-13,GBKQU2623430,pew pew pew (extended mix) - manuel zach,
154666,132,4A,House,MD Traxx,2026-02-20,GXDGV2600012,say it - sandrop,
154867,91,4A,Indie Dance,Playhouse,2005-08-25,NOFEE0501010,i feel space - lindstrøm,
154970,128,11A,House,Bunkaball Records,2026-05-22,GBKQU2648504,ain't nothing but the funk - don rimini,
155030,129,8A,Electronica,Echocord,2022-02-18,DEU672101314,anchor - forest drive west,
155048,93,8A,House,Young,2026-07-23,UK7MC2400202,ocean steppin' - john glacier & sampha,
155184,128,10A,Techno (Peak Time / Driving),Rawax,2014-04-11,DEKB71216647,things come apart (original mix) - neil landstrumm,
155482,105,9B,Dance / Pop,Periodica Records,2026-01-16,ITA642500245,sambar - whodamanny,
155787,120,8A,Hip-Hop,Sanctuary Records,2026-01-28,USSM10804558,gravel pit - wu-tang clan,
155828,82,1B,Caribbean,VP Records,2000-08-29,USVPR0006908,kuff - shelly thunder,
155887,90,8B,Hip-Hop,EMI Catalogue,2007-03-26,GBAAA8400412,a little spice - loose ends,
155892,84,7B,Electronica,Deekapz (BR),2026-06-19,BXQTE2500014,"onde anda o meu amor - deekapz, criolo, dj marky, makoto",
155899,98,1A,Bass / Club,Principe,2019-10-25,DEX261900765,5 violinos - dj nigga fox,
155946,99.9,,"",,,QM6P41830423,muchana - kanda bongo man,
156191,,,"",,,USAT20302278,like it is (remastered) - yusef lateef,
156278,70.2,,"",,,DELV42301088,ocean - moses yoofee trio,
156454,98,8A,Nu Disco / Disco,LBD Sounds,2026-01-23,UKHXB1600196,nijana (trent remix) - jana koubková,
156496,116,8B,Nu Disco / Disco,Awesome Tapes From Africa,2014-09-02,QMUGB1401001,dieuleul-dieuleul - aby ngana diop,
156584,126,9B,Minimal / Deep Tech,Omni Sound,2026-03-27,USA2B2600014,the outer darkness - underground resistance,
156799,106,7B,Pop,Universal Music (Pty) Ltd.,2018-04-13,ZAA029800534,vuli ndlela - brenda fassie,
156800,113,3B,African,5K Records Limited,2023-05-05,GBARL2300820,terminator - king promise,
156801,116,7B,African,YBNL Nation / EMPIRE,2023-06-15,USUYG1490053,basquiat - asake,
156802,120,1A,African,YBNL Nation / EMPIRE,2022-09-07,USUYG1437873,joha - asake,
156803,115,2B,House,Mavin Records/Blowtime Ent,2022-07-05,NGA3B2215002,ijo (laba laba) - crayon,
156804,120,11B,African,Chocolate City Music,2022-09-22,QMEU32207092,xtra cool - young jonn,
156805,119,11B,African,Chocolate City Music,2022-10-20,QMEU32207100,if you leave - young jonn,
156807,115,10A,African,"TheCAPMusic, Inc./Epic",2025-08-29,USSM12304635,"loju - spinall, wizkid",
156808,112,11A,Hip-Hop,TheCAPMusic,2023-02-17,QZLBC2201516,bunda - spinall,
156809,122,12A,Nu Disco / Disco,House Of Boogie,2025-05-30,MXA3V2426506,african lambs (radio edit) - kristoff mx,
156810,122,8A,House,Disguise Tribe,2025-01-06,GBLV62406599,africa funk - modesti,
156812,,,"",,,GBNRN1790407,pas à pas - lasso doumbouya,
156840,121,7A,Indie Dance,Rumpelmusig,2020-11-06,DEM092000123,make no time - kalabrese & kayyak,
156841,122,11B,Afro House,Keinemusik,2017-04-14,DEEC31750013,senhor doutor (adam port edit) - quim manuel o espirito santo,
156842,123.6,,"",,,QM7282181792,emancipée mariama - isidore tamwo,
156843,146,8B,Nu Disco / Disco,Strut,2019-09-06,DEG931910021,mama - roger georges,
156844,139.8,,"",,,FR43D1553575,mimba vi - lapiro de mbanga,
156845,102,4B,Latin,RCA Records Label,2025-08-21,USBL10000311,muévelo - el general,
156846,110,,"",,,GBNQA1700004,no meio do pitiú - dona onete,
156847,137.4,,"",,,BRMCA7600061,indauê-tupã - fafá de belém,
156853,148.3,,"",,,,world a music - ini kamoze,
156943,123,4A,House,Z Records,2025-09-11,GBPKF2400048,sweet melody (anthem dub) - mae-i,
157159,86,12B,Electronica,Avenue 66,2025-09-03,USJX42500027,amp - tolouse low trax,
157214,128,10B,Electro (Classic / Detroit / Modern),Imbalance Computer Music,2015-03-30,QM6P41428010,icarus - monolake,
157215,132,8A,Techno (Peak Time / Driving),Balans Records,2014-04-28,NLUN71200082,cipher - jordan peak,
157216,133,10B,Techno (Raw / Deep / Hypnotic),Granulart Recordings,2017-10-09,NLCK41026562,replaced - eric fetcher,
157217,128,1A,Techno (Raw / Deep / Hypnotic),Warm Up Recordings,2017-11-01,NLCK41043468,gravity (original mix) - oscar mulero,
157218,128,1A,Techno (Peak Time / Driving),ON Records,2015-05-04,NLZZ51500008,freefall - yan cook,
157220,129,11B,Techno (Peak Time / Driving),Figure,2014-02-17,DEDL81300769,transition two - johannes heil,
157409,89.6,,"",,,QZTVM2485324,"pontos de aura - nandatsunami, yori",
157454,111,,"",,,GBUM70604266,flat out - ronny jordan,
157527,103,9A,Nu Disco / Disco,Strut,2010-10-26,DEG931050192,love and death - ebo taylor,
157713,97,,"",,,QZFZ62653777,itty bitty piggy (instrumental) - niyah miche,
157714,120,10A,R&B,XO / Republic Records,2025-01-31,USUG12501362,timeless (instrumental) - the weeknd,
157715,114.8,,"",,,AUGBT2504604,big blue - zorrovian,
157716,82.5,,"",,,AUMEV2513823,molecule - zorrovian,
157717,84,,"",,,QT2VB2505169,spaceship facelift - flow clark,
157718,82.5,,"",,,,"level select (joseph s joyce remix) - pizza hotline, joseph s joyce",
157719,86,12A,Hip-Hop,Rock The World/IDJ/Kanye LP7,2016-06-15,USUM71603081,real friends - kanye west,
157762,124,,"",,,QZHZD2520326,qual é a dica? - b i l l y g,
157917,97,9A,Nu Disco / Disco,Body By Jake,2018-08-10,GBF088590112,head over heels - tears for fears,
157942,128,8A,Dubstep,Hyperdub,2015-09-30,GBLZC0900009,love dub (refix) - cooly g,
158088,126.1,,"",,,QZ3GN2500083,messe du saint esprit - sister irene o'connor,
158178,121,8A,House,Elbow Grease,2026-03-06,USYBL2600576,data bliss - warehouse preservation society,
158360,128,9A,Electronica,Ninja Tune,1998-09-22,GBCFB9801039,power - mixmaster morris remix - the irresistible force,
158652,140,1A,African,Rounder,2019-03-22,USRO20080801,carrittera (carter's song) (sung by domenico lanza) - domenico lanza,
158654,,,"",,,GBAJH0500070,sexual healing - anita lane,
158655,144,,"",,,GBMJG2321418,ngembouna - jaliba kuyateh & kumareh band,
158656,,,"",,,QZ5FN2265487,asili - celestine ukwu,
158657,111,8B,Nu Disco / Disco,Strut,2012-04-16,ZA56E1517704,amponsa - ebo taylor,
158658,109.1,,"",,,DENR91887012,aduun hawli kama dhamaato - dur-dur band,
158696,100,11A,Trap / Future Bass,Age 101,2019-03-01,GBWWP1804474,selfish - little simz,
158713,140,10A,140 / Deep Dubstep / Grime,Deep Dark & Dangerous,2025-08-20,GBKQU2584334,bad man - leo cap,
158767,144,11B,Pop,UNI/MOTOWN,2019-05-10,USMO10111135,power flower - stevie wonder,
158778,94,7B,Dance / Pop,Trad Vibe,2017-10-13,DEZ651715383,pauvre star - cortex,
158782,94,9B,Electronica,Blue Note Records,2014-08-27,USBN29801531,montara - bobby hutcherson,
158863,108.6,,"",,,QZS642515248,"sobelooo - cardozo, bzzhound",
158942,112,8A,Rock,Epic/Legacy,2023-05-19,USSM10202283,above and beyond [original mix] - edgar winter,
159113,127,8A,House,Plush Records Inc.,2021-05-12,NL4UC2000014,mr. mailman (feat bea) - plush managements inc.,
159155,130,3A,Electronica,Moksha Recordings,2021-07-15,NLF712507716,catch (extended mix) - kosheen,
159229,127,8A,House,Kommerz Records,2022-08-19,FRIDO2211489,me duele - xades,
159230,86,,"",,,TCAFB2092069,100 angels - lex amor,
159231,139.8,,"",,,DGA052055998,holy (feat lancey foux) - lala &ce,
159232,132.9,,"",,,QZFYX2063888,trap mama - le juiice,
159233,118.4,,"",,,FR2X42475765,rückhand - donna savage,
159234,145,3A,Trap / Future Bass,Four Music Local,2020-10-23,DEQ322000306,lokomotive - ace tee,
159235,133.6,,"",,,DGA082469037,me in the middle - £monzo,
159236,,,"",,,GBBKS2500075,flashing lights - bxks,
159237,68,5A,Hip-Hop,Universal Music Distribution Deal,2023-03-31,QZRP42136986,purple racks - lakyshta,
159292,86,7A,House,HAUS of ALTR,2020-01-30,USYBL2000446,hidden memory - acemoma,
159293,74,5B,Nu Disco / Disco,Dead Oceans,2018-03-16,QMFME1589849,"is it any wonder? - durand jones & the indications, aaron frazer",
159294,,,"",,,GBBPW2400583,young swimmer - wu-lu,
159295,88,10A,Nu Disco / Disco,ByStorm Entertainment/RCA Records,2017-12-01,USRC11702833,come through and chill - miguel,
159296,101.8,,"",,,USSM10802740,big easy (album version) - raphael saadiq,
159297,,,"",,,DEPI81503061,shelda - smoke,
159321,98.5,,"",,,FRZ330208010,le serpent - guem,
159598,85,8B,Ambient / Experimental,Warp Records,2025-11-21,GBBPW2502037,fear of symmetry - oneohtrix point never,
159600,,,"",,,QZFYZ2555684,movin' out - our last hope lost hope,
159601,150,7A,Dance / Pop,Pelagic Records,2010-01-08,SEXOS0900404,still alright - pg.lost,
159602,,,"",,,USHM82341232,when autumn - the color of cyan,
159604,81,8A,Electronica,Big Dada,2017-10-20,GBCFB1700261,self- - visionist,
159605,133,8A,Electronica,MUTE,2014-05-26,ISW211400107,no sorrowing - ben frost,
159606,,,"",,,CH6580901406,dipole experiment - the evpatoria report,
159607,101,9B,Electronica,YEAR0001,2021-06-04,SE5AJ2101315,born from decay - dark0,
159608,158,2A,House,YEAR0001,2025-10-03,SE5AJ2202517,watching people die - malibu,
159609,172.3,,"",,,QT65W2530674,"all is violent, all is bright (2025) - god is an astronaut",
159611,85,2A,Rock,Pelagic Records,2023-09-19,QM6P42310370,the waiting - soars,
159612,,,"",,,AEA2Z2411508,one last light after midnight - break my fucking sky,
159660,125,8A,Nu Disco / Disco,Jazzy Sport,2014-08-01,JPC841401307,patchwork jazz - cro magnon,
159728,79,11B,Melodic House & Techno,Sublevel Music,2026-02-13,USUYG1786790,we'll find our way (radio slave remix) - slope114,
159784,105,,"",,,GBCEL2500709,haze (midnight version) - daniel avery,
159880,98,11B,Downtempo,Leveldva,2025-07-25,US83Z2541941,nothing - li.semm,
159921,112,8B,Electronica,WAYU Records,2025-01-24,US83Z2424733,"emily's prelude - ben & vincent, will hyde",
159929,110,2B,Downtempo,Sol Selectas,2025-06-20,US83Z2531213,waves of khadija - mula (fr),
160009,124,10B,Tech House,IN / ROTATION (Insomniac Records),2025-10-21,NL8RL2559036,"back then - twoforall, mont rouge",
160246,138,5A,Techno (Raw / Deep / Hypnotic),Hardgroove,2025-08-15,NLMH62500013,superman - harvey mckay,
160269,135.8,,"",,,USSM19600646,"whatz up, whatz up (a-town t.v. track) - playa poncho",
160350,118,8B,Deep House,Beretta Music,2022-04-01,GX6SG2200003,expansive (brian kage remix) - ryan sadorus,
160369,122,6A,Organic House,Music For Dreams,2018-09-21,GBCPZ1813120,calling out (floorplan extended revival mix) - sophie lloyd,
160370,122,2A,Funky House,Vega Records,2017-12-29,FRX201731462,so sweet (louie vega remix) - amp fiddler,
160371,120,8A,Deep House,Sound Signature,2022-08-12,QMBZ92253799,love don't pass me by (instrumental) - alton miller,
160372,98,2B,Pop,UNI/MOTOWN,2018-11-30,USMO10000390,living for the city (edit version) - stevie wonder,
160373,121,12A,Dance / Pop,Salsoul Records,2026-01-28,QMRSZ1702125,let no man put asunder (tommy musto club remix) - first choice,
160394,105,8B,Bass / Club,Mid:night Cut,2025-12-05,GBLV62516448,dash - elbarto,
160414,145,7A,Dance / Pop,PlayTune,2025-06-20,US38Y2549252,"snelle dame (feat wayne stuart) - lamsi, dj shaun-d",
160626,127,3B,Deep House,Rhythm Section International,2016-09-05,UKB8U1600075,"invisible spectrum - chaos in the cbd, isaac aesili",
160718,,,"",,,DEBL61019555,crazy - patsi cline,
160719,84,10B,Country,MCA Nashville,2005-11-18,USMC18415981,how blue - reba mcentire,
160720,98.7,,"",,,USDEA1615301,pray them bars away - lee hazlewood,
160721,131.3,,"",,,USMCR0552709,kiss an angel good morning (re-recorded) - charley pride,
160722,116,10B,Rock,EMI Catalogue,2007-02-19,USCN18900028,ode to billie joe - bobbie gentry,
160723,76,10B,Country,Warner Records/Nashville,2010-02-16,USCRB1613448,"a country boy can survive - hank williams, jr.",
160724,156,9B,Rock,Reprise,2019-06-07,USRE10900652,heart of gold - neil young with the stray gators,
160725,153.8,,"",,,USAA29900008,pancho & lefty - townes van zandt,
160726,92,12B,Country,Varese Sarabande,2014-07-18,USSM10414353,that silver-haired daddy of mine (album version) - gene autry,
160728,102.9,,"",,,US2AR0110309,everything is free - gillian welch,
160729,95,9B,Pop,Island Def Jam,2006-10-24,USMR19889012,can't let go - lucinda williams,
160730,129,8B,Country,Mercury Nashville,2023-09-15,GBH5G1401491,your cheatin' heart - hank williams,
160732,99,12B,Rock,Rhino Atlantic,2009-02-24,USEE10170607,for what it's worth - buffalo springfield,
160733,122.7,,"",,,USCRB0100917,my wife thinks you're dead - junior brown,
160735,100,9A,Country,UMC (Universal Music Catalogue),2018-09-21,USCN16900178,fancy - bobbie gentry,
160736,97,8B,Rock,Rhino Atlantic,2005-02-08,USAT20000043,love the one you're with (single) - stephen stills,
160738,126,8B,Dance / Pop,MCA Nashville,2025-08-27,USCN10300137,rhinestone cowboy (remastered) - glen campbell,
160739,123,12B,Rock,Rhino/Warner Records,2014-02-18,USRH12002642,truckin' (2020 remaster) - grateful dead,
160740,117,8B,Rock,Cherry Red Records,2024-05-31,USSM10303239,me and bobby mcgee - kris kristofferson,
160741,69,11B,Country,MCA Nashville,2019-12-13,USMC15282830,it wasn't god who made honky tonk angels (1952 single version) - kitty wells,
160742,125,10B,Country,Columbia (Sony),2020-08-14,USSM12003575,"drive me, crazy - orville peck",
160743,92,5B,Pop,Rendez-Vous Digital,2011-09-15,USMC16348704,faded love - patsy cline,
160744,134.8,,"",,,USAK10110309,thunderstorms and neon signs - wayne hancock,
160745,101.9,,"",,,QZ84K1700009,universal sound - tyler childers,
160746,65,4A,House,Matador,2026-07-23,USMTD0875402,ramblin' (wo)man - cat power,
160747,144,9B,Country,Bandit Records,2005-09-13,USSM18000268,he stopped loving her today - george jones,
160748,91,1A,Country,EMI Gold,2009-01-05,USCN17800055,the gambler - kenny rogers,
160749,86,12B,Country,Rhino/Warner Records,2004-07-27,USRE10601985,"guitars, cadillacs (2006 remaster) - dwight yoakam",
160751,128,6A,Country,UMC (Universal Music Catalogue),2018-09-21,USCN17000108,if you gotta make a fool of somebody - bobbie gentry,
160752,72,1B,Country,CAPITOL CATALOG MKT (C92),2017-12-15,GBELT0813329,sixteen tons - tennessee ernie ford,
160753,99,5B,Hip-Hop,2015 bigboy,2015-04-11,QZR8K2111011,that lucky old sun - ray charles,
160754,149,11B,Country,Old Crow Medicine Show,2024-09-25,CAN110300190,wagon wheel - old crow medicine show,
160755,149,11B,Country,Old Crow Medicine Show,2024-09-25,CAN110400464,"wagon wheel (live) - old crow medicine show, david rawlings",
160756,120,2A,Country,Sun Records,2021-08-01,USSE60414228,king of the road (re-recorded) - roger miller,
160757,92.7,,"",,,USM1C0700076,if i had a boat - lyle lovett,
160758,126,5B,Rock,Drew's Entertainment,2017-04-07,USMC17847808,crazy love (single version) - poco,
160819,105,2B,Bass / Club,Nerve Collect,2023-11-24,NLM792300214,largatixa - doctor jeep,
160894,143,7A,Breaks / Breakbeat / UK Bass,Pineapple Records (UK),2026-07-10,CA5KR2646713,typ sht - sam binga,
160981,130,7B,Electronica,Minimal Wave,2010-09-22,US8YW1010063,subterranean desire - oppenheimer analysis,
161142,120,7A,Electronica,Signature,2026-05-01,GBZSD2500035,little blend - calibre,
161202,140,5A,Techno (Raw / Deep / Hypnotic),Clergy,2025-01-30,NLCK42500033,break theory - bailey ibbs,
161247,115,,"",,,UK99J9200002,past - sub sub,
161281,106,8A,Dance / Pop,Rhino/Warner Bros.,2009-12-11,USWB19900587,"sexy m.f. - prince, the new power generation",
161309,95,10A,Trap / Future Bass,Universal Records,2018-08-17,USPR37580218,"you're welcome, stop on by - bobby byrd, vicki anderson",
161404,131,6A,R&B,Polydor,2012-07-10,USUR10200844,mandrill (album version) - mandrill,
161679,142.4,,"",,,GBCMQ2500658,island - lay llamas,
161680,65,4A,Dance / Pop,Italic,2004-08-23,DEW280300099,bleach - little annie & the legally jammin',
161682,105,8B,Electronica,Offen Music,2026-04-24,DEHE42500011,behind the door - geins't naït,
161683,138.1,,"",,,USA2B2514115,where are we now - a place to bury strangers,
161684,137,11A,Electro (Classic / Detroit / Modern),Tresor Records,2023-01-19,DEF270219607,lonely journey of the comet bopp - shifted phases,
161685,120,7A,Electronica,Compost,2024-12-06,DEM092400115,der allgemeine tenor - fred und luna,
161686,130.3,,"",,,US5NR1702111,alice - psychic tv,
161687,95,6B,Dance / Pop,Duophonic,2019-11-29,USEE10100616,les bon bons des raisons - stereolab,
161879,88,8A,Drum & Bass,Cult.ure,2020-05-15,,"balaclava (feat mc spyda, d double e & frisco) (skeptical remix) - shy fx",
162015,93,6B,Caribbean,VP Records,2026-04-13,USVPR9200215,when i see you smile - singing sweet,
162092,154,12A,Ambient / Experimental,Warp Records,2025-08-27,GBBPW2501992,"mute the world - oli xl, valeria litvakov",
162108,71,7A,Techno (Raw / Deep / Hypnotic),Hayes,2021-01-22,NLCK41080222,the groove dealer - vil,
162278,124,5A,Melodic House & Techno,TIEFBLIND,2024-10-11,DEH742533300,vessel (datskie remix) - gæo,
162279,122,8B,Trance (Main Floor),Colorize (Enhanced),2025-02-07,GBKQU2504529,everwonder (extended mix) - jordin post,
162280,122,8A,Melodic House & Techno,Anjunadeep Explorations,2024-10-02,GBEWA2400264,sanctuary (mixed) - tagavaka,
162281,122,9B,Progressive House,Colorize (Enhanced),2025-10-29,QZA742525482,"esencia (extended mix) - jordin post, moon kyoo",
162282,125,11B,Progressive House,Sekora,2026-02-27,GBKQU2608433,abendrot (extended mix) - max blücher,
162284,120,10B,Progressive House,Colorize (Enhanced),2023-04-07,GBKQU2325448,falling (extended mix) - spark030,
162285,123,10B,Progressive House,Sekora,2025-07-18,GBKQU2558329,luma (extended mix) - phonic youth,
162644,151,9B,Caribbean,Birchill Records,2023-12-01,USUYG1124084,bruk off yuh back - konshens,
162648,124.9,,"",,,QZTLA2628587,chologante - a.chal,
162809,163,10A,Trap / Future Bass,Circa,2003-03-03,GBAAA9100064,safe from harm (single version) - massive attack,
163003,105,7B,Hip-Hop,Virgin Records,2003-03-01,GBAAA9901512,golden years - loose ends,
163200,129.7,,"",,,CAH250680263,projection - descent,
163469,125,10A,Minimal / Deep Tech,Offen Music,2026-01-21,DEHE42600001,unboxing a mantis shrimp (82j6 maison mix) - pigeon steve,
163549,88,2A,Drum & Bass,BYRDHOUSE,2025-07-25,GXJBK2589918,made in romania (anaïs 140 vip) - danny byrd,
163812,125,10B,House,Defected,2017-11-10,DEL021420042,sweat (on the walls) [sebo k remix] - john tejada,
164048,135,5A,Melodic House & Techno,Fever AM,2024-10-17,DEZF22000080,cowlick - mor elian & rhyw,
164119,104.9,,Disco,,,DEHE42500019,a pretty big stretch - pigeon steve,
164295,136,5A,Bass / Club,Kaval,2022-12-02,FRDX62209110,júnior dub - kaval,
164387,116,7A,Hip-Hop,Columbia (Sony),2021-09-22,USSM12105949,"family ties - baby keem, kendrick lamar",
164535,130,2A,Melodic House & Techno,Myth of NYX,2026-01-30,GBKQU2601912,black snake - luke alexander,
164536,129,5B,Indie Dance,Warbeats Records,2026-02-06,US83Z2603110,chicago (extended mix) - johan slova,
164539,120,3B,Afro House,Madorasindahouse Records,2026-03-13,QM4TX2673125,carnaval breve (ape drums remix) - david mackay,
164655,77,4B,Caribbean,VP Records,2025-04-17,JMC711110733,bogle - buju banton,
164820,140,1A,140 / Deep Dubstep / Grime,Durkle Disco,2018-10-29,QM6N21845209,brslang - slowie,
164955,139,3B,Techno (Raw / Deep / Hypnotic),JAM,2023-08-11,ITN3C2300049,raw deal - m.i.t.a.,
164957,142,8B,Techno (Raw / Deep / Hypnotic),Frenzy Recordings,2025-10-31,NLCK42515234,"they don't know - markantonio, frenzy",
165018,162,3A,Hard Dance / Hardcore / Neo Rave,Hardcore Energy,2026-02-04,GBFG92600007,100% hardcore - origin8a & propa,
165020,164,2A,Hard Dance / Hardcore / Neo Rave,Hardcore Energy,2025-04-09,GBFG92500045,goulash - sierpinski,
165025,123,9B,Nu Disco / Disco,Epic/Legacy,2022-07-29,USSM12101436,don't leave me this way (john morales m + m mix) - harold melvin & the blue notes,
165061,140,1A,Bass / Club,Primitive UK,2025-09-05,GB8KE2521193,swag - raybee,
165123,83,9A,Drum & Bass,Reactor 4,2026-02-20,DEH742601430,e-ssential - tom oakley,
165129,162,2A,Hard Dance / Hardcore / Neo Rave,Hardcore Energy,2026-04-01,GBFG92600041,exclusive - krym,
165150,122,12B,Indie Dance,Ritmo Futuro,2025-02-07,US83Z2504182,"movement of love (golden hour remix) - baime, valon",
165350,138,7B,Techno (Peak Time / Driving),Arcane Music,2025-08-22,FRX872512357,take control - jay lumen,
165405,143.9,,"",,,DEAR42550464,reaffirmation tool - specific objects,
165542,130,2A,R&B,Motown,1993-10-29,USMO17800005,is that enough (album version) - marvin gaye,
165730,127,5A,Minimal / Deep Tech,Vakant,2018-09-24,DEFB41800336,dinner with bogdan - cesare vs disorder,
165731,125.9,,"",,,GBLV62001209,vowels (original mix) - julian,
165732,127,7A,Minimal / Deep Tech,Silat Beksi Music,2024-11-28,GBKQU2482215,"rapan - silat beksi, fedo",
165733,123,,"",,,QZS642184566,012.2 - joren edwards,
165734,128,12B,Minimal / Deep Tech,Moonrover Records,2025-03-06,US83Z2505943,spectral processor - barac,
165736,127,6A,Minimal / Deep Tech,Figura Negra,2024-03-08,UKR6V2420324,mahada in g minor - sojo,
165737,126,6A,Minimal / Deep Tech,Silat Beksi Music,2024-11-28,GBKQU2482213,"mr. president - silat beksi, fedo",
165738,125,5A,Tech House,Minibar Music,2014-05-28,GBLWU1400106,"anytime but later - ben vedren, patrice leiris",
165740,127,9A,Minimal / Deep Tech,storytellers records,2025-02-12,GBKQU2501680,myriad (vlad caia remix) - unisson,
165741,124,9B,Deep House,Logistic Records,2022-03-18,FR9V32207909,extract cdv 4 (live) - bruno pronsato,
165742,127,8B,Techno (Raw / Deep / Hypnotic),Dolly,2023-07-15,NLBA31000212,flight lush - dan curtin,
166065,113,5A,Dance / Pop,Legacy Recordings,2022-04-01,GBAJH0400047,enjoy the silence (hands and feet mix) - depeche mode,
166122,123,10A,House,Yes Yes Yes,2023-09-29,GBCPZ2322305,time expands (extended mix) - lp giobbi,
166323,142,5A,Techno (Raw / Deep / Hypnotic),Soma Records,2025-12-12,GBBVL2506941,drumtrax vol. 1 - slam,
166443,145,8A,Minimal / Deep Tech,Psssh Records,2024-06-07,DETB32400437,payam (dub) - zadeh,
166478,71,3B,Bass / Club,TEMET,2021-09-21,FRX282118494,farts - simo cell,
166539,134,5A,Breaks / Breakbeat / UK Bass,Breaka Recordings,2025-02-28,GBKQU2502379,dream sequence 19 - breaka,
166626,110,5B,Techno (Raw / Deep / Hypnotic),Index Marcel Fengler,2024-03-29,DEH742411330,workout - rove ranger,
166694,122,9B,Organic House,Lost & Found,2022-03-25,DEY032202395,snow tiger - eli nissan,
166802,134,11A,Breaks / Breakbeat / UK Bass,Fringe White,2020-01-31,UKRKC2000002,"curved (bambounou hyper street remix) - batu, lurka",
166821,146,10B,House,Matador,2026-07-23,USMTD2300380,bye bye - kim gordon,
166906,126,4A,Deep House,Slip N Slide Records,1997-08-18,GBBGH9736106,klubtrance - blaze,
167009,152,4B,Deep House,Go 4 Music,1999-01-01,FRU540700054,the child - alex gopher,
167255,105,11B,Pop,Parlophone (France),2003-03-03,FRS639900098,if i ever feel better - phoenix,
167802,127,6A,Bass / Club,Dekmantel,2024-06-28,NLTH62400019,acuyuye - olof dreijer & diva cruz,
167847,69,5A,Techno (Raw / Deep / Hypnotic),Fuse Imprint,2024-11-22,BEC292447022,broken - adriana lopez,
167898,77,8B,House,Moon Harbour Recordings,2002-09-02,DEX040200006,towards evening - marlow,
168256,136.9,,"",,,QM6MZ2489180,nano - mueveloreina,
168257,96,8A,Latin,Universal Music Spain S.L.,2024-11-14,ESUM72302501,"llorando x 1 - sen senra, mc dricka",
168258,124,9A,Afro House,Nervous Records,2023-11-03,DECT12000004,"lluvia - çantamarta, daniel haaksman",
168259,95,11B,Dance / Pop,Rusowsky,2024-07-15,USA2P2242910,q bonito - rusowsky,
168260,128.1,,"",,,ES5022500436,malvada - bb trickz,
168261,96,12A,Latin,Encore Recordings,2025-08-08,QZWA32201465,coco mango cherry - henesykim,
168262,114.1,,"",,,QMBZ92532458,lucky - rojuu,
168263,127,,"",,,ARY4P2500400,divertida - misslupe,
168264,132,,"",,,QZWDW2570994,you can't call me bombon - pantera blue,
168265,90.6,,"",,,USHM91717990,no estés bajón - juan mango,
168266,128,4A,Minimal / Deep Tech,Manicomio White,2021-09-02,ES5701900066,el tiempo es oro - cupido,
168267,127,5B,House,tenguerengue,2021-05-13,ES71G2124047,"quiere vacilar na más - gazzi, natural language",
168555,145,2A,Techno (Raw / Deep / Hypnotic),Be As One,2021-10-14,IL4092101405,"1st - vil, cravo",
168640,141,3B,Techno (Peak Time / Driving),Arsenik Records,2020-12-14,SE5852002004,untitled 4 - blue hour,
168662,136,10B,Techno (Raw / Deep / Hypnotic),Prophet,2022-06-17,DEH742212288,cut 2 - pttrnrcrrnt,
168756,137,8B,Techno (Peak Time / Driving),VLADW,2020-10-16,NLCK41072746,yezhov - vladw,
168777,135.9,,"",,,NLCK42225827,tyrant (original mix) - stefan vincent,
168844,142,3A,Techno (Peak Time / Driving),Diffuse Reality Records,2023-03-03,GBKQU2318984,caught - kalher,
168845,135,9A,Techno (Raw / Deep / Hypnotic),[R]3volution Uncod3d,2022-11-28,ITN9E2200587,heist of hope (original mix) - keyp,
168846,135,11A,Techno (Raw / Deep / Hypnotic),Illegal Alien Records,2023-01-30,QMSL32300010,el regreso - nwhr,
168847,132,4A,Techno (Peak Time / Driving),Collective Details,2022-12-16,GBLV62204584,blind faith (escafandro remix) - lakej,
168848,137,1A,Techno (Raw / Deep / Hypnotic),Devotion Records,2023-03-13,ES55E2300014,base structure (original mix) - pwcca,
168849,135,11B,Techno (Raw / Deep / Hypnotic),Faut Section,2022-11-07,NLCK42218999,derramarse (original mix) - ribé,
169113,68,1A,Techno (Raw / Deep / Hypnotic),Nachtstrom Schallplatten,2025-09-05,QMDA72570046,meiga - bartig move,
169209,125,5B,Breaks / Breakbeat / UK Bass,Interlink records,2026-04-17,UKACT2642893,get it on - ronnie loko,
169311,96,8A,Latin,Fania,2019-06-01,USDBB0610539,oh qué será? - willie colón,
169312,,,"",,,DEA599205301,sahara - rabih abou-khalil,
169313,152,5A,Pop,Universal Music Ltda.,2003-01-13,BRUM70600414,passarinho - gal costa,
169314,,,"",,,QMYW20401137,yo era una flor - lucecita,
169315,,,"",,,DEB338835909,"nafas - rabih abou-khalil, selim kusur, glen velez, setrak sarkissian",
169316,,,"",,,BREMI8000542,"vento de maio / música incidental: ''um girassol da cor do seu cabelo'' - elis regina, lô borges",
169317,88.9,,"",,,USSM19910105,opus pocus (album version) - jaco pastorius,
169363,90,9A,Trap / Future Bass,Columbia (Sony),2019-07-21,USSM11103730,world that's not real - gloria taylor,
169393,113,9A,Amapiano,Afrorave,2023-11-24,QM6P42362846,qoba - toya delazy,
169408,118,3A,Techno (Raw / Deep / Hypnotic),Tresor Records,2026-07-03,DEF272436902,city of luz - function,
169440,124,7A,Organic House,For A Memory,2026-03-27,QM4TX2646573,cassiopeia - krasa rosa,
169522,132,5A,Minimal / Deep Tech,Heavy House Society,2026-02-27,GXG4Y2600017,round and round - dennis quin,
169541,131.9,,"",,,DECH62001713,el mago - caue,
169575,133,9B,Techno (Peak Time / Driving),Alula Tunes,2025-10-10,US83Z2558038,situations - roman adam,
169807,120,7B,Progressive House,PURRFECTION,2025-08-21,US83Z2546339,"senses (kyotto extended remix) - mr. mojo (de), miekejames",
169880,132,12A,Tech House,Defected,2026-03-13,GBCPZ2625127,too much for me (extended mix) - gissa,
169971,140,2B,Techno (Raw / Deep / Hypnotic),Sublunar,2025-05-16,NLCK42507196,no more time - sciahri,
170049,89,12A,Nu Disco / Disco,Kalita,2017-11-27,UKR7K1800006,reggae down - iwabo,
170050,153,7B,Caribbean,Trojan Records,2026-01-28,GX3XC2100084,dub feel away - dennis bovell,
170051,129.1,,"",,,DEW251801441,"zion land - calabash, fourth generation band",
170052,,,"",,,GBF089700006,loveless - 4hero,
170053,142.8,,"",,,DEAG21073302,"don't fall apart on me - jeff phelps, antoinette",
170054,,,"",,,FR96X2697547,kiss it twice (feat quelle chris) - nappy nina,
170055,113,9A,Nu Disco / Disco,CTI,2025-08-22,USSM17500926,don't i know you? - phil upchurch,
170056,125,5A,Techno (Raw / Deep / Hypnotic),Alt Dub Records,2026-06-29,GBQLP2600215,dubalearic - estray & federsen,
170057,124,10B,Deep House,KMS Records (BEAT Music Fund),2023-10-20,QMVZM9350607,it's going to be alright (chez n trent extended mix 1) - miller : scott project,
170058,160,8A,Melodic House & Techno,Mineral Cuts,2024-12-17,USYBL2402677,deep core - memphis,
170059,114,3A,Deep House,Darker Than Wax,2026-07-24,DEG932602885,serendipity - willem mulder,
170145,144,8A,Pop,Echo,2026-01-28,GBBND9700121,the blind man - mono,
170146,85,6A,Electronica,The Echo Label Limited,2016-09-01,GBBND0701743,enjoy the ride (feat judie tzuke) - morcheeba,
170147,153,5A,Electronica,Warp Records,2014-06-16,GBBPW9900021,les nuits - nightmares on wax,
170148,101,2A,Electronica,Warp Records,1997-10-27,GBBPW9700094,lilith - plaid,
170150,78,3A,Electronica,Dinosaur Soup,2001-06-19,GBEUE0100596,snakes in the grass - quantic,
170175,123,11A,Organic House,Flying Circus Recordings,2019-06-14,GBJX36016052,it's like that (sebastien leger remix) - serge devant,
170176,123,7A,Deep House,Suprematic,2020-10-29,US83Z2027835,morning - dp-6,
170177,123,3A,Organic House,Hoomidaas,2021-06-25,US83Z2123550,nostalgia - niixii,
170178,124,9A,Deep House,SONIDO PROFUNDO,2021-04-09,DEBE72100302,"soleil rouge - neiro, neiro, foletto, foletto",
170179,121,7A,Organic House,Univack,2022-07-15,FRX202246280,follow your dream - florian gasperini,
170180,122,10A,Organic House,Pipe & Pochet,2022-03-15,US83Z2203782,take me higher (hrag mikkel remix) - pandhora,
170181,121,11B,Melodic House & Techno,Reborn Project,2024-01-05,US83Z2354371,"reconnect - hraach, armen miran",
170250,130,10B,Dance / Pop,Seven Stars Recordings,2019-06-28,DEL021910012,breakaway (above & below) - quazar,
170325,122,3B,Progressive House,Warung Recordings,2026-07-10,DEBE72600338,feel it - kostya outta,
170652,140,4A,Techno (Raw / Deep / Hypnotic),SUBCONSCIOUS Culture,2026-02-13,NLCK42601704,veyrun - raho,
170674,128,8A,Techno (Peak Time / Driving),Terminal M,2018-11-12,DEBG51800025,c166w - joyhauser,
170721,125,6A,Deep House,House of Tucci,2025-07-25,GBKQU2560400,under the light - tuccillo,
170779,142,4A,Techno (Raw / Deep / Hypnotic),Intuition Recordings PT,2025-03-22,GBKQU2520474,conscious machine - goncalo m,
171004,130,7B,House,Cecille,2026-02-13,GBKQU2603584,my haus - reboot,
171075,142,8A,Techno (Peak Time / Driving),M-Plant,2009-06-15,NLHD80900003,sh-101 - robert hood,
171129,121,7A,Melodic House & Techno,Systematic Recordings,2026-05-08,DE1QW2613997,jungle circus - dimitri andreas,
171423,135,3B,Bass / Club,whirm,2024-02-02,GBKQU2401388,"uka - will hofbauer, sangre voss",
171436,98,2A,House,Strut,2026-04-18,DEG932503686,where pathways meet - the heliocentrics,
171462,110,12B,Nu Disco / Disco,Saint Records/Columbia,2019-03-01,USSM11901227,almeda - solange,
171503,,,"",,,USYBL2511268,blue moon - glint,
171595,127,2A,Electronica,Dance Regular,2024-04-19,UKSYZ2400004,tiago's joint - xl regular,
171630,85,,Electro,,,SE4VM2500201,albion road - trailcam,
171730,91,9A,Caribbean,VP Records,2009-03-30,GBQYS0700065,the stopper - cutty ranks,
171852,162.7,,"",,,DGA052366621,ca va me donner quoi (feat fior 2 bior) - black k,
172450,135,5A,House,SEVEN,2024-11-22,DE1KG2400001,hold on - cryme,
172451,125,8A,House,Clone Royal Oak,2016-07-22,NLL561606574,valentine's groove - kink,
172452,138,7A,Techno (Raw / Deep / Hypnotic),Beard Man,2025-02-28,GB6WQ2500216,wasp - mark broom,
172453,130,12A,Techno (Peak Time / Driving),FLASH Recordings,2021-03-19,IT00G1601694,headfirst (original mix) - ejeca,
172476,,,"",,,USHM90988712,the charge to action - phurpa,
172477,128,2B,Electronica,Deep Sea Mining Syndicate,2018-10-05,CAAVN1800015,epilogue - cirkle,
172478,129,11B,Electronica,Biophon Records (Norway),2016-06-10,NOBIP0502010,phantasm - biosphere,
172479,,4B,Electronica,RVNG INTL.,2017-12-08,US6PQ1700087,lex - visible cloaks,
172480,65,12B,House,Tectonic,2015-02-16,,chaos engine (shapednoise shatter remix) - logos,
172481,81,10A,Electronica,PAN,2013-08-16,DEX260991875,dances i - rashad becker,
172482,95,3A,Electronica,Alter,2019-04-19,USA2Z1611713,path of the seer - mumdance,
172483,110,5A,Electronica,Shelter Press,2017-06-09,DEX261700043,untitled #4 - bellows,
172485,156,1B,Drum & Bass,Suburban Base Records,2024-11-22,GBDLM1300567,shot in the dark (flex remix (head rush mix)) - dj hype,
172487,155,8A,Electronica,Rotters Golf Club,2004-09-24,GBCAC0100519,goodnight morton - radioactive man,
172488,136,2A,Electronica,Umor Rex,2017-08-25,DEX261700125,indefinite fields - rafael anton irisarri,
173184,107,4A,Techno (Raw / Deep / Hypnotic),Dubwax,2016-05-20,DEK601620026,new foundation (original mix) - bandulu,
173268,141,,"",,,NLCK42508293,sentinel - serge taub,
173304,128,9A,Tech House,Nervous Records,2024-08-23,USNRS2443670,"thankful - leonce, girl unit",
173348,122,12B,Indie Dance,Bunny Tiger,2025-06-13,DEEE72501940,alive - povar,
173385,145,7A,Techno (Raw / Deep / Hypnotic),Mutual Rytm,2023-07-07,DEH742313867,schima - chontane,
173425,138,8B,Techno (Raw / Deep / Hypnotic),CLR,2024-12-20,DEBE72400771,turkish bazar (chris liebing remake) - emmanuel top,
173451,130,9B,Techno (Peak Time / Driving),Vision Serpent,2025-11-21,US83Z2563113,mind (verschallt remix) - muttiah ashnim,
173533,125,5A,Trap / Future Bass,Delicious Vinyl,2005-11-15,USA370507633,wild thing - tone-loc,
173610,94.7,,"",,,GBSMU8513370,city of refuge - eddie suzuki,
173645,112,6A,Electronica,Kompakt,2001-10-30,DEU670100095,dry retch - donnacha costello,
173646,108,9B,Indie Dance,Feedelity Recordings,2026-05-08,NOFEE0502010,gentle as a giant - lindstrøm,
173647,108,12A,Electronica,Italians Do It Better,2007-05-31,USL841010026,in the city - chromatics,
173648,109,8A,Indie Dance,Machine Limited,2013-05-06,QMSNZ1313492,"on my mind (geoffroy mugwump & dc salas carrera re-tweak) - sonns, toby ernest",
173649,117,10B,Dance / Pop,DFA Records SC Distribution,2003-12-01,GBF080300880,sister saviour (black strobe remix) - the rapture,
173650,127,11B,Deep House,D.KO Records,2015-12-01,FRX201639342,hard ferailleurs - mad rey,
173651,127,8A,House,High Fashion Music,1983-09-19,NLP431700287,how to pick up girls - bobby o,
173652,122,9B,Indie Dance,Kompakt,2004-01-26,DEU672500477,prototype (edit) - rex the dog,
173655,120,8A,Rock,Nothing,2017-01-13,USUM70500258,the hand that feeds (dfa mix) - nine inch nails,
173656,126,12B,House,Sunshine Records,2019-07-01,GBHSF0800010,paradise regained (slam mode mix) - frankie valentine,
173657,124,3B,Indie Dance,Multinotes,2022-04-15,ITSDR2100291,body resonance (marvin & guy mix) - pastaboys,
173658,125,4B,Electronica,XL Recordings,2026-07-23,GBBKS0461519,girls - the prodigy,
173659,125,11A,Mainstage,Systematic Recordings,2006-11-24,DEG840600340,phobos - stephan bodzin vs. marc romboy,
173660,127,3A,Techno (Peak Time / Driving),Afro Acid Digital,2019-09-09,DEBE71900557,"acid track (kink remix) - dj pierre, phuture",
173661,125,10A,House,Paranoid London Records,2019-08-30,UKA481900008,angel of hell (album edit) - paranoid london,
173662,129.9,,Electro,,,GBLAZ1701006,der mussolini (giorgio moroder & denis naidanow) - daf,
173663,125,5A,Techno (Peak Time / Driving),Soma Records,2011-08-08,GBBVL1103151,cosmic marmalade - mark henning,
173664,127,7B,Indie Dance,Aeon,2023-08-04,DEU672300990,cellular automata - panthera krause,
173665,127,7B,Progressive House,Astralwerks,2002-01-01,GBAAA0100922,star guitar (edit) - the chemical brothers,
173666,125,10B,Indie Dance,Legacy Recordings,2022-03-25,GBAJH0400018,behind the wheel (remix) - depeche mode,
173667,125,5A,Electronica,DFA Records SC Distribution,2009-04-07,GBUM70903627,happy house - the juan maclean,
173723,128.4,,"",,,USSM17601186,paradise - the o'jays,
173724,144,12A,Nu Disco / Disco,Legacy Recordings,2014-07-04,USRC18000003,i believe in you - enchantment,
173725,103.7,,"",,,USRC10401990,comin' back for more - odyssey,
173726,104,6A,Nu Disco / Disco,Legacy Recordings,2010-06-01,USSM12102912,"it's critical (12"" version) - billy paul",
173727,106.6,,"",,,USAR10400754,i love (the skin you're in) - g.q.,
173728,111.9,,"",,,USSM17801223,i love to please you - ramsey lewis,
173729,135,8B,R&B,Rhino,2007-11-20,USRH10721859,expressions - willie mitchell,
173732,126,8B,Dance / Pop,DFA (Cooperative),2015-06-08,US4GE1400180,reign (shit robot remix) - prinzhorn dance school,
173733,130,10B,Indie Dance,Modular Recordings,2006-11-20,AUUM70600330,joker and the thief (loving hands (tim goldsworthy) remix) - wolfmother,
173734,65,2B,Dance / Pop,Venusnote Ltd.,2013-07-03,GBAJH0602195,personal jesus - depeche mode,
173736,123.1,,"",,,,dust (original mix) - recloose,
173737,87,6A,R&B,Island Def Jam,2018-10-26,USPR37300010,i'm gonna love you just a little more baby - barry white,
173777,94,6A,Nu Disco / Disco,Legacy Recordings,2014-07-04,USRC18000008,i can't be the one - enchantment,
173778,118,8B,Nu Disco / Disco,Pink Funk,2023-06-16,GBLV62205487,disco at the hamptons - ken@work,
174403,142,9B,Psy-Trance,Blue Tunes Records,2025-03-14,DEGA22504354,mess in the head - symphonix,
174404,128,7B,Techno (Peak Time / Driving),Subtrail,2026-03-30,US83Z2615004,neuro frequency - sanderjammes,
174406,132,7B,Techno (Peak Time / Driving),Vision Serpent,2026-03-13,US83Z2606776,endless (lewis. remix) - inline,
174408,129,7B,Techno (Peak Time / Driving),TURBO,2025-12-12,US83Z2568066,distance - vasco ug,
174409,132,6B,Techno (Peak Time / Driving),Alula Tunes,2025-11-21,US83Z2565179,utopia - sabura,
174410,132,12B,Techno (Peak Time / Driving),Soupherb Records,2025-06-20,US83Z2528848,blip - discretion,
174411,128,8B,Melodic House & Techno,EXCESS,2026-03-25,US83Z2612222,da fonks - saaba,
174419,130,9B,Techno (Peak Time / Driving),Subios Records,2026-02-20,US83Z2607770,renegade - viapo,
174452,132,10A,Techno (Raw / Deep / Hypnotic),Handworks,2026-04-17,USLZJ2675378,48 amends (sky mix) - dean grenier,
174453,136,8A,Minimal / Deep Tech,Klon Dump,2023-10-27,DECY52301912,klon mundo - klon domo - klon dump,
174454,125,7B,Deep House,HOMAGE,2024-12-27,GBLV62416466,universal rhythm - rubinskee,
174455,135,3A,Progressive House,Pluto's Plan,2022-03-18,GEA0F2100013,naa... - toke,
174456,130,8A,Trance (Raw / Deep / Hypnotic),Missile Records,2023-06-30,BEY922109101,new millennium (tommy musto & damon wild dub mix) - paul mix,
174457,130,11A,Progressive House,4 To The Floor Records,2019-04-12,GBCPZ9909272,the rising sun (bedrock remix) - heller & farley,
174458,130,10B,Progressive House,Superstition Records,2019-06-28,DEL021910011,breakaway (deep trance) - quazar,
174520,120,5A,Electronica,Partyfine,2017-10-13,FRPHR1700181,corcovado (feat fatnotronic) - yuksek,
174521,124,9A,Funky House,MONOSIDE,2018-06-21,GBKQU1839454,say it again - peter brown,
174523,122,6A,House,Large Music,2023-05-12,US2252339901,milk shakers (hotmood remix) - punky wash,
174525,127,7A,House,Selects,2024-07-19,GBKQU2463473,"this is house - henry hacking, roel, ron carroll",
174526,125,8A,Nu Disco / Disco,Future Disco,2024-06-07,GB6LY1601424,heatwave (club edit) - david bay,
174528,122,,"",,,DEE862401997,w.t.p (club dub) - purple disco machine,
174529,125,9A,House,Big Love Music,2024-10-04,GBCPZ2423842,disco dreams (hatiras extended remix) - seamus haji,
174530,122,9B,Nu Disco / Disco,DROP Dance Society Records,2024-02-16,GBKQU2406074,luv u bae - vaudafunk,
174531,122,8A,Organic House,All Day I Dream ,2020-07-10,UKSP42000058,lift of love - roy rosenfeld,
174560,70,,"",,,DGA082377560,"who are you - my nu leng, club glow",
174561,160,9A,Bass / Club,Hooversound Recordings,2024-01-19,QMFME2356074,switch up the flow - drumskull,
174563,160,8B,Breaks / Breakbeat / UK Bass,DistroKid,2022-01-14,QZFZ22281821,wack! - jason code,
174564,121,2A,Hard Dance / Hardcore / Neo Rave,Hardcore Energy,2023-12-22,GBFG92300318,falling down - origin8a & propa,
174667,145,9A,Electro (Classic / Detroit / Modern),Dionysian Mysteries,2024-06-13,NLCK42405134,see the light (369 mix) - nouveau monica,
174668,68,7A,Bass / Club,Clasico,2025-10-02,UKW3K2500044,heavy eyes - sobolik,
174669,145,2A,Breaks / Breakbeat / UK Bass,Faux Poly,2026-04-22,DEG932601354,grain - kassian,
174670,145,4A,Techno (Raw / Deep / Hypnotic),United Identities,2024-12-16,NLL562111040,wa al-uyoon - sansouni,
175024,127,7A,Nu Disco / Disco,Cosmic Compositions / hhv.de,2020-01-10,DEQ021912647,bois - jazzbois,
175025,123,10B,Electronica,Dalmata Daniel,2020-03-27,HUAFC2000017,soft obsession - imre kiss,
175026,116,3B,Electronica,Boltfish Recordings,2007-10-25,GBQFF0700103,vízállásjelentés - soutien gorge,
175027,88.4,,"",,,DELO20910725,"vigyàzz, kész, öt - dokkerman & the turkeying fellaz",
175028,89.2,,"",,,HUA611900624,augusztus (szeptember) - fodor dávid,
175029,171,9A,Nu Disco / Disco,Tramp Records,2010-09-20,DELO20910047,ejjel a sotetben (vocal) - the qualitons,
175030,118.3,,"",,,HUA611500857,"doki doki (thump thump) - erik sumo, the fox-fairies",
175256,126,7A,House,Glitterbox Recordings,2020-05-29,GBCPZ2017155,natural high (dirty channels remix) - mike dunn,
176241,105,9A,House,Z Records,2020-05-29,GBPKF2000087,"everyday (joey negro radio edit) - joey negro, dave lee, the sunburst band",
176275,121,7A,House,Z Records,2011-11-28,GBPKF1100151,the phuture ain't what it used to be (spirit catcher remix) - akabu,
176276,119,10B,Indie Dance,OM Records,2012-08-21,USOM81045202,set it off (hot toddy remix) - shiny objects,
176279,125,4A,Deep House,Atjazz Record Company,2011-07-29,GBZVM1100026,1beat 2feet - exist,
176280,123,2A,Deep House,Lazy Days Music,2016-02-19,QMQ641608002,staying in - shur-i-kan,
176282,120,8A,Breaks / Breakbeat / UK Bass,Lola's World Records,2011-03-15,DEDW90800199,love is in town - brenda boykin,
176283,124,,"",,,USAT21303159,i love to dance (joey negro extended mix) - kleeer,
176301,123,9A,R&B,Rhino Atlantic,2008-08-04,USAT20612735,i love to dance - kleeer,
176362,,,"",,,USNO12500695,soundcheck - ambrose akinmusire,
176363,,,"",,,BEA952626801,makatan - mattias de craene,
176364,131.8,,"",,,USUM72508451,pathfinder - roy ayers,
176365,164,12B,Dance / Pop,Virgin Records,2006-01-30,GBAAA9100065,safe from harm (12'' version) - massive attack,
176366,116.7,,"",,,USA370303203,you are not to be - luiz bonfa,
176367,,,"",,,GBDCR2500119,das neves - neves e silva,
176368,,,"",,,QZPL52509538,the latin thing (sped up) - hadley caliman,
176369,132.8,,"",,,TCACN1656279,chasing the square - ezra collective,
176370,128.4,,"",,,GBMEF1700985,fussin' and fightin' - zara mcfarlane,
176371,139,2A,Electronica,The Leaf Label,2017-08-25,GBCKB1610407,space carnival - the comet is coming,
176372,142.9,,"",,,GBAAN8600022,children of the ghetto - courtney pine,
176373,,,"",,,GBAAN8600042,miss interpret - courtney pine,
176374,,,"",,,GBUM72600194,song for our children (1986 studio recording) - courtney pine,
176376,150.3,,"",,,USPR39507183,don't 'xplain - courtney pine,
176377,127,6A,House,Ninja Tune,2026-03-31,GBCFB2600036,whodis - corto.alto,
176378,,,"",,,CAA4J0710107,tricheur - bernard falaise,
176379,,,"",,,CAWK82600205,yor zarad - angine de poitrine,
176394,111,4B,African,World Circuit,2026-01-28,GBBGU0630007,cinquante six - ali farka touré,
176476,124,7B,House,Soul Heaven Records,2006-10-30,GBCPZ0601652,god is good (dj spen main mix) - roland clark,
176477,126,,"",,,US37T0570151,dreams (surfers extended remix) - deep dish,
176479,124,6B,Dance / Pop,High Fashion Music,1979-11-10,NLP438000003,su-ke-leu - tantra,
176481,124,6A,Afro House,Retrolounge Records,2016-09-07,US83Z1653976,beats & djembe (original mix) - christos fourkis,
176482,123,12A,Dance / Pop,Quantize Recordings,2020-11-27,UKF4C1601838,try jah love (dj spen & thommy davis original mix) - thommy davis,
176483,155,8B,House,Vega Records,2015-10-30,GBLV61501615,elevator (going up) (louie vega dance ritual remix) - louie vega featuring monique bingham,
176542,128,9B,Techno (Peak Time / Driving),EXTIMA,2021-12-24,US83Z2148343,nova - phoenix movement,
176670,139,7A,Techno (Raw / Deep / Hypnotic),Arsenik Records,2025-11-14,SE5852503104,padrada - vil,
177172,138,3A,Techno (Raw / Deep / Hypnotic),Truncate,2022-01-07,USA2P2159148,soft milieu - bidoben,
177220,121,6B,Progressive House,Lost Miracle,2025-05-30,QM6P42572713,"mistily - sébastien léger, lost miracle",
177396,112,6A,Nu Disco / Disco,Crimson,2014-12-01,USPR38202177,(if it) hurts just a little - donna summer,
177422,94,5B,Bass / Club,Funky Adjacent,2026-01-23,GB8KE2530998,thru the motions - drumheller,
177590,87,8A,Drum & Bass,1985 Music,2026-04-16,UKEWB1600498,unity - visages,
177606,104,8A,Electronica,Late Night Tales,2012-03-05,USAT20109457,tonight - kleeer,
177660,127,10A,House,Eglo Records,2025-08-29,GB4HG2200052,i can change your life (deep dub) - giles smith,
177914,136,4B,Trance (Main Floor),Who's Afraid Of 138?!,2019-01-18,NLF711900077,paradox (extended mix) - allen watts,
177915,140,7B,Techno (Peak Time / Driving),Reload Black Label,2025-08-13,GBKQU2571820,sita ram - dima bo,
177916,124,11B,House,Cherry Drop Records,2015-08-03,BREMI8000044,pra não dizer que não falei das flores (caminhando) (ao vivo) - simone,
177917,144,6A,Techno (Raw / Deep / Hypnotic),Special Series,2025-11-07,NLRD52503238,cafe y ron - toni alvarez,
177918,132,11B,Techno (Peak Time / Driving),Weska,2023-07-28,QMBZ92310646,halcyon - weska,
177919,135,9A,Techno (Peak Time / Driving),Intec,2025-05-02,QM4TW2437057,voyager - jon rundell,
177921,133,8B,Hard Techno,Valhall Records,2025-02-14,DEKB72502400,der rote rabauke (2024 rework) - patrick arbez,
177922,126,10B,Techno (Peak Time / Driving),Break New Soil Recordings,2016-05-30,GBEPM1400954,goliath - gregor tresher,
177924,136,11A,Techno (Peak Time / Driving),Drumcode,2025-08-22,GBUR62001139,can't hear you - bart skils,
177926,138,9B,Techno (Peak Time / Driving),Filth on Acid,2024-12-13,USA2P2471090,pesadao - felix kröcher,
177927,135,8A,Trance (Main Floor),Armada Music,2023-08-11,NLF712305748,outside world (bart skils & weska extended remix) - sunbeam,
177929,126,8A,Techno (Peak Time / Driving),Shadow Wulf,2022-03-18,US83Z2205845,ridiculous - carbon,
177930,131,5A,Techno (Peak Time / Driving),Drumcode,2021-11-05,GBUR62000330,hypnos - hi-lo,
178008,123,9B,Melodic House & Techno,Siamese,2025-07-18,CHC652500244,"dangerous feelings - adriatique, astrø",
178109,136,1A,Techno (Raw / Deep / Hypnotic),Semantica Records,2025-05-09,DEH742506462,seda muerta (conceptual (it) remix) - svreca,
178181,125,6A,House,Columbia/B1 Recordings,2026-03-27,DEE862600238,"lost (original mix) - amine edge, daecolm",
178182,128,7B,Dance / Pop,Heldeep Records,2026-04-03,QM4TX2672670,give it to me (feat emma wells) - wankelmut,
178183,127,3B,Dance / Pop,Arista Records,2026-04-03,USAR12600098,i need u - bunt.,
178184,126,1B,Melodic House & Techno,BROKE / BLACKLIZT SOUND SYNDICATE,2026-03-20,CA5KR2611851,levelzzz - zhu,
178280,124,1A,Melodic House & Techno,SVET,2025-05-23,UKU932502980,phantom - cherry (ua),
178754,91,7B,Dance / Pop,PlayTune,2025-06-20,US38Y2549282,juncture - t.no,
178926,141,8A,Techno (Raw / Deep / Hypnotic),Molecular Recordings,2024-05-10,DEH742414565,expander - linear system,
178939,134,10A,Techno (Peak Time / Driving),Temple Traxx,2017-10-06,DEX261700325,you make me function - cube 40,
178975,105,10A,Electronica,Café Del Mar Music,2022-05-20,US25X1801230,day by day (feat cherie mathieson) - mark de clive-lowe,
179052,65,12A,Tech House,Public Possession,2025-02-14,DEVH21800797,trick - eden burns,
179162,83,7A,Techno (Peak Time / Driving),tactual,2025-07-04,DEH742517425,poltergeist - inesse,
179282,121,7B,Dance / Pop,Warner Bros. Records,2009-01-24,USWB19903520,sexy dancer - prince,
179288,126,9A,Electronica,Vega Records,2013-09-08,US4DK0401088,atl (instrumental dub) - josh milan,
179387,91,7A,Techno (Raw / Deep / Hypnotic),Modern Minimal,2024-02-02,GBKQU2406023,integer - pttrnrcrrnt,
179388,130,7A,Techno (Raw / Deep / Hypnotic),Float Records (NL),2023-07-28,NLC8K1400414,blue velvet - mathys lenne,
179389,69,2A,Techno (Raw / Deep / Hypnotic),Data Roaming Records,2022-06-10,GBKQU2242615,deep - dc11,
179390,130,7B,Techno (Peak Time / Driving),Cosmic Wave Records,2025-12-16,GBKQU2164063,layer 3 - vardae,
179391,136,7B,Techno (Raw / Deep / Hypnotic),CMND CTRL,2024-05-10,USA2P2420501,accents - b. riley,
179392,130,9B,Techno (Raw / Deep / Hypnotic),Time To Express,2012-09-03,BEP860800082,decoder - peter van hoesen,
179393,126,9A,Techno (Peak Time / Driving),Cosmic Wave Records,2025-12-16,GBKQU2164061,layer 1 - vardae,
179394,132,4A,Techno (Raw / Deep / Hypnotic),Float Records (NL),2024-06-07,NLC8K1400462,narrative arc - voorman,
179395,138,10A,Techno (Peak Time / Driving),Newrhythmic Records,2024-05-03,NLCK42406525,cannot recover - yearsastray,
179396,142,1B,Techno (Raw / Deep / Hypnotic),Hayes,2024-05-17,NLCK42406816,tesseract - mathys lenne,
179397,133,5B,Techno (Raw / Deep / Hypnotic),Mord,2023-12-15,NLCK42340851,blinded by safety - metapattern,
179398,68,5A,Techno (Raw / Deep / Hypnotic),Modern Minimal,2024-02-19,GBKQU2403571,teach them young (lazly bateman remix) - the opponent,
179399,134,8A,Techno (Raw / Deep / Hypnotic),Center 91,2020-12-22,BEP861900067,10000 nodes - peter van hoesen,
179400,128.3,,"",,,GBQT21400050,monolithic conclusion - shxcxchcxsh,
179454,138,11A,Bass / Club,47,2022-09-09,DECY52201481,valkarr - quelza,
179456,138,6A,Techno (Raw / Deep / Hypnotic),Soma Records,2022-01-21,GBBVL2206191,his reign is over - nørbak,
179573,143,10A,Techno (Raw / Deep / Hypnotic),Frenzy Recordings,2025-10-31,NLCK42515233,"eigen risico - mees javois, frenzy",
179740,,,Electro,,,AUAB02500365,ngatilyka (australia) - crown and country,
179741,,,Electro,,,AUAB02500366,yuuwu (welcome) - crown and country,
179742,146,,Alternative|Electro,,,US4GE1700082,can i get the real dub? - guerilla toss,
179743,,,Reggae|Dub,,,QZEZP2300071,dangling man - beat pharmacy,
179745,110,,Electro,,,GBHLW2202111,satan - the bug,
179746,110,6A,Techno (Peak Time / Driving),Linear Movement,2019-11-13,NLCK41059962,sweet reggae music - babe roots,
179747,115,7A,140 / Deep Dubstep / Grime,Temple of Sound (UK),2023-09-29,GBKQU2385802,zombie - sub basics,
179748,111,5B,140 / Deep Dubstep / Grime,System Music,2022-07-15,GBKQU2261948,dogtooth - headland,
179749,120,8A,Dubstep,Tectonic,2008-05-26,GBGXC0800010,the times - 2562,
179750,,,Electro,,,AUAB02500368,wantarri (gift) - crown and country,
179751,127,,Reggae|Dub,,,FR5R00911606,fear not - iration steppas,
179752,101,5A,Hip-Hop,The Orchard,2002-10-29,USA2P2555378,"get low (instrumental remix) - lil jon, kabir sehgal",
179753,90,7B,Techno (Peak Time / Driving),MD Dubs,2022-12-05,UKQNV2100377,jazz excursion - mumdance,
179754,120,2B,140 / Deep Dubstep / Grime,Swamp 81,2020-03-27,GB4NT1900022,"wanawake (instrumental) - nah eeto, sumgii",
179755,130,10B,Breaks / Breakbeat / UK Bass,Tectonic,2018-04-27,UK4941800007,c5 - ishan sound,
179756,105,10A,140 / Deep Dubstep / Grime,Aquatic Lab Records,2013-01-21,GBXFP1200050,dolphin - cluekid,
179757,140,6A,140 / Deep Dubstep / Grime,Deep Medi Musik,2011-06-27,GBZSU0900121,feel (feat truth) - silkie,
179758,89,8A,Dubstep,Dubliminal,2014-06-30,GB8KE1355460,inner city vibes - cessman,
179766,123,7A,Organic House,All Day I Dream ,2025-10-31,QMFME2582939,"ouverture (khen remix) - amand, capoon",
179845,140,9A,Electro (Classic / Detroit / Modern),Clone West Coast Series,2020-08-14,NLL562008945,chromosomal islands - crispr,
179880,98,5A,Deep House,R.A.N.D. Muzik Recordings,2025-11-21,DEH742533898,clear skies - asphalt dj,
179881,127,8B,Deep House,Batti Batti,2025-10-15,GBLV62501832,ascending - niko jay,
179882,95,8B,Techno (Peak Time / Driving),Prolekult,2002-07-01,GBHCD0208370,do you see me? (original mix) - peace division,
179883,121,11B,House,Low Pressings,2003-08-01,US83Z1320161,keep comin' back - flow,
179884,125,12B,House,Variety Music,2024-12-23,DEX042300059,"where is the music (extended version) - sven tasnadi, dario d'attis",
179885,133,9A,House,Amazing!,2023-10-13,NLM792300141,oh ah oh ah oh - tons of tones,
179886,134,2A,Dance / Pop,Pleasure Club,2022-11-25,UK9AV2201906,space age - bobby.,
179887,130,6B,Techno (Raw / Deep / Hypnotic),To Pikap Records,2024-06-28,NLCK42409300,helios - dimdj,
179888,115,9A,Electronica,Universal-Island Records Ltd.,2006-11-27,GBUM70603698,love in london (piano mix) - capricorn,
180186,122,4B,Dance / Pop,Irma Dancefloor,2020-07-02,ITI029000088,a little piano - soft house company,
180208,126,11B,Dance / Pop,Naked Music,2002-02-06,USWA19810083,sweeter love - blue six,
180733,,,"",,,USYBL2301844,liquid - tristan arp,
180840,125,10A,Minimal / Deep Tech,Dark Face Recordings,2016-10-03,GBKQU1698945,"worse - gaga, mateo!",
180841,124,9B,Melodic House & Techno,Patent Skillz,2018-09-10,US83Z1820209,sour bubble (original mix) - gabe,
180842,125,9B,Techno (Peak Time / Driving),Octopus Recordings,2017-09-25,IEHDF1200602,"kratos - teenage mutants, heerhorst",
180843,125,8B,Techno (Peak Time / Driving),VapourTrail Records,2018-10-15,US83Z1822595,xo one (original mix) - monococ,
180844,125,9A,Techno (Peak Time / Driving),Blow Music,2018-04-04,QZ5FN1833982,skins (original mix) - richard ulh,
180845,128,1B,Techno (Peak Time / Driving),Footwork,2021-05-28,NLR341570055,meteo - jay lumen,
180846,126,11A,Techno (Peak Time / Driving),mau5trap,2019-04-19,GBTDG1301722,"star allies - spencer brown, raito",
180847,126,11A,Techno (Peak Time / Driving),Ballroom Records,2022-12-30,US83Z1904245,raptor - monococ,
180848,125,4B,Melodic House & Techno,Stil Vor Talent,2017-04-21,DEUE11789673,supremacy - transcode,
180861,140,12A,Techno (Raw / Deep / Hypnotic),Be As One,2026-01-15,IL4092602802,obliteread beauty - dj dextro,
180996,89.9,,"",,,DEZ651214548,muscles - bonnie banane,
180997,112,9A,Hip-Hop,Stones Throw Records,2017-12-08,US2S70502001,"meat grinder (four tet remix) - madvillain, four tet",
180998,88,3A,House,XL Recordings,2026-07-23,GBBKS2200105,family tree - kenny beats,
181001,105,12A,Hip-Hop,Stones Throw Records,2018-01-26,US2S71892001,"the game (remix) - gabriel garzón-montano, junglepussy",
181002,145,6B,Dance / Pop,Select Discs,2026-01-28,USBQU2500366,champagne - jeshi,
181004,117,,"",,,MX3741400646,modelito - afrodita,
181060,75,9A,Electronica,Gost Zvuk,2017-10-20,NLCK41040322,podgon - vtgnike,
181061,,,"",,,USYBL2402578,drama - glint,
181062,,,"",,,QZS642588711,ur side - 990x,
181063,132,5A,Electronica,SERWED,2023-09-19,NLCK42236662,grip - serwed,
181064,159,11B,Electronica,Gost Zvuk,2023-04-28,NLCK42227504,dolphy - flaty,
181065,94,,"",,,GBXYZ2600001,mote - infant,
181066,,,"",,,QZVFR2300783,grade 9 - joeyy,
181067,,,"",,,UKSXZ2400283,angel security - zaumne,
181129,118,2B,Trap / Future Bass,One Little Independent Records,2003-01-21,GBBTF0200280,with me in mind - cody chesnutt,
181200,121,,Electro|Dance,,,GBEWK0100011,yemura - ian o'brien,
181389,126,10A,Deep House,Detone,2025-04-04,GBSCL2594001,my princess - darren emerson,
181390,135,3B,House,Permanent Vacation,2025-04-18,DECY62500058,x-plor01 - sam goku,
181391,129,6B,House,SMIILEWAX,2026-04-24,,petit monstre on acid - jen cardini,
181392,125,12B,House,4 To The Floor Records,2017-12-08,GBCPZ0702305,traffic - dj gregory,
181395,125,12B,Deep House,Underground Quality,2024-12-02,QM4TW2220491,doors and elevators presents (aybee visitation mix) - aybee,
181397,125,5A,House,Sondos,2003-04-11,USSRN0403100,amuse me - sin sunday,
181398,125,6A,Deep House,Full Flavor Music,2013-01-22,USA2P1295385,in love with a dancer (h foundation remix) - monty luke,
181400,125,1B,Tech House,Poker Flat Recordings,2011-09-23,DEL020820028,the phantom image - vincenzo,
181401,126,12A,House,Strictly Rhythm,2019-12-13,QMRSZ2100290,set u free (e.h.r. mix) - planet soul,
181497,165,9A,Drum & Bass,V Recordings,2024-07-09,QM4TW2478918,angles - krust,
181545,165,,"",,,DEAR42575680,song of unity - vibena,
181549,164.9,,"",,,DEAR42575716,toxic shock - vibena,
181677,78.4,,"",,,QMMZN1701303,still beating - mac demarco,
181699,87,8B,Pop,EMI Marketing,2008-08-04,ITD000500327,a cosa pensano (2005 remaster) - alice,
181734,,,Electro|Dance,,,UKFYE2200001,console - pluralist,
181744,148,2A,Bass / Club,Pineapple Records (UK),2026-07-10,CA5KR2646717,hit the moose - sam binga,
181917,127,12B,Breaks / Breakbeat / UK Bass,Tru Thoughts,2025-12-08,GBEUE2300187,get low - bruk rogers,
182063,140,2A,140 / Deep Dubstep / Grime,Boom Records LLC,2025-11-14,QM24S2506752,like this (140) - svdko,
182064,140,7A,140 / Deep Dubstep / Grime,UKF,2025-12-05,GB2LD2520636,mirage - phrva,
182065,140,11A,140 / Deep Dubstep / Grime,MONTA,2025-12-19,CA5KR2602310,profits [vip] - blurrd vzn,
182066,69.9,,"",,,QZJRC2545721,let go - urboin8,
182067,140,3A,140 / Deep Dubstep / Grime,Deadbeats,2025-12-12,USZXT2558447,sol - casey club,
182068,127,11A,Dubstep,MorFlo Records,2025-07-31,CA5KR2544358,"levitate - lumasi, daggz",
182069,143,2A,Dubstep,Create Music Group,2025-09-17,QZTGW2407011,i remember - jadon woods,
182070,140,2A,Breaks / Breakbeat / UK Bass,OWSLA/Atlantic,2026-06-05,USAT22603849,scut 2 - skrillex,
182071,138,9B,UK Garage / Bassline,Mad Decent,2019-06-27,USZ4V1900215,birdy dub - distinkt,
182072,137,,"",,,CA5KR2605919,want 2 step - iseeu,
182073,134,8B,UK Garage / Bassline,In The House Recs,2025-10-31,AUXN22536766,shot caller - red room,
182074,139,8A,140 / Deep Dubstep / Grime,Polydor Records,2025-12-12,GBUM72506942,disguise - taiki nulight,
182075,70,2A,Trap / Future Bass,Deadbeats,2025-04-18,USZXT2556806,weightless - wink,
182136,124,9A,House,NRK,2006-02-15,GBHSF0400537,jah shall come - trackheadz,
182137,125,10B,Bass / Club,Mole Audio,2026-05-08,GX47D2100032,endless story - delikwe,
182138,86,9B,140 / Deep Dubstep / Grime,Tempa,2011-09-12,GBQGW1100029,to the depths - dub war,
182139,92,10B,Electronica,Offen Music,2025-05-29,DEHE42200023,samo prolaznost - tapan,
182140,91,9A,Electronica,Stroom,2019-12-16,UK6821833508,roni - ingus baušķenieks,
182141,,,"",,,USA2B2512221,cry of the baul - raf reza,
182142,128.9,,"",,,FR9W12301826,"c'est toi ça ? - mc waraba, rico obf",
182143,154.2,,"",,,USX341610498,atom bomb - guerilla welfare,
182208,123,1B,Indie Dance,Delusions Of Grandeur,2024-09-27,GBZHR2400418,"let us have nice days, the sun - xtal, keita sano",
182495,85,4B,Drum & Bass,RAM Records,2026-01-28,GBBZH9890203,turbulence - moving fusion,
182547,122,,"",,,QZDA52355848,jade stones - system olympia,
182571,138,5A,Electronica,Criminal Crisis,2025-10-31,DEH742529575,unfold - roaming data,
182580,86,12A,140 / Deep Dubstep / Grime,Peace Tomorrow,2025-11-03,US83Z2558078,"electrolux 2.0 - yes stanley, donija",
182590,87,8B,Drum & Bass,Urban Takeover,2018-12-16,GBDRT0501001,"bad ass ! - aphrodite, micky finn",
182601,124,12A,House,Clone Jack For Daze Serie,2025-05-15,NLL562503345,gon hard - zopelar,
182625,128,11A,Bass / Club,Athletic Rhythm,2026-03-12,GXJBN2666725,this fire - murder he wrote,
182630,83,4A,Drum & Bass,Motive Hunter Audio,2025-01-10,GB8KE2427812,lovin' that you're givin' - arkyn (uk),
182750,130,2B,Nu Disco / Disco,550 Music - Epic,1996-10-08,USSM19602004,i'll do anything/i'm sorry - ginuwine,
182751,120,5A,R&B,Columbia (Sony),2022-04-08,USQX92201227,control - syd,
182752,97,7A,R&B,Death Row Records / gamma.,2026-01-23,QZS7J2413663,touch on me - october london,
182753,108,10A,R&B,wnway limited/RCA Records,2026-06-26,USRC12601117,risk it all - kwn,
182754,73,5A,R&B,UMGRI Interscope,2021-05-26,USUM72107023,aye - mereba,
182755,,,R&B|Soul,,,NL8RL2562675,drillsoul - norah's world,
182757,162,5A,Hip-Hop,OVO/Republic,2026-05-15,USUG12604766,make them pay - drake,
182758,164,11A,Electronica,DistroKid,2026-02-18,QZMEM2669314,viagem - jvkinho & mojvki,
182759,80,3B,Nu Disco / Disco,First Word Records,2021-06-04,GBMCZ0601547,nice & sweet - children of zeus,
182760,120,4A,Hip-Hop,A$AP Worldwide/RCA Records,2026-01-21,USRC12502335,don't be dumb / trip baby - a$ap rocky,
182761,106,1A,Electronica,Fade to Mind.,2015-04-06,USW9S1500062,send me out (girl unit mix) - kelela,
182762,142,2A,Hip-Hop,Knucks,2025-10-31,QZJ842604663,friends (feat tyler daley) (chopnotslop remix) - knucks,
182763,106,3B,Electronica,DistroKid,2026-02-18,QZMEM2669315,amigos - jvkinho & mojvki,
182764,112,11A,Amapiano,Teraphonique & Dnzl444,2025-08-29,ZA56E2529113,"ulalelani - teraphonique, dnzl444, dq official, loony q",
182765,113,4B,Amapiano,Damonised Music,2024-03-23,GX3Q92416511,"alliance - marcus damon, mr taffa",
182766,114.9,,Electro,,,GBLZC2100080,save me - cooly g,
182767,122,4A,Breaks / Breakbeat / UK Bass,81,2017-10-20,GB4NT1400032,newun - paleman,
182768,124,12A,Dance / Pop,Naked Naked,2020-01-28,GBLB81200003,"somewhere - breach, midland",
182769,112,3B,African,RCA Records/Since 93',2026-03-04,USRC12600058,what you need - a colors show - tems,
182853,67,9A,Latin,Street Mob Records,2023-08-11,SGB502390555,tacata - tiagz,
182998,128,,"",,,FRX082600031,benny hill (main theme) (2026 remastered version) - the edwin davids jazz band,
183005,87,10B,Drum & Bass,Flightcase Recordings,2026-07-10,GB8KE2613870,the melody (jenks & dr meaker remix) - suv,
183006,88,3A,Drum & Bass,Chopstick Dubplate,2020-04-20,GBF6S2000008,herbs toast (original mix) - chopstick dubplate,
183007,124,12A,Drum & Bass,RUN,2025-06-20,GBQSE2400003,"mainstream - run in the jungle, d*minds, t>i & critical impact",
183008,87,3A,Drum & Bass,RUN,2025-09-05,GBQSE2500015,losing your mind - crystal clear & nymfo,
183009,87,5A,Drum & Bass,X-AMNT,2025-11-06,GB8KE2525098,"ya mad (middleground remix) - mc joe peng, dj bunjy",
183010,139,9A,Caribbean,VP Records,2009-06-30,USJAY0800075,need u bad - jazmine sullivan,
183011,140.5,,"",,,TCABP1373480,steamers a bubble - jah9,
183012,140.1,,"",,,QMCS31700005,"do u luv me - echoslim, bunny lee",
183013,100,7A,Caribbean,VP Records,2009-03-16,USVPR0208551,solid as a rock - sizzla,
183014,144.3,,"",,,USQY50966395,"war inna babylon - max romeo, the heptones",
183016,76,1B,Caribbean,Taxi,2025-05-29,FR5U10901359,love and devotion - jimmy riley,
183017,151.8,,"",,,GBVVQ1205614,herb man hustling - sugar minott,
183145,98,3B,Drum & Bass,Playaz,2026-06-19,GBLSB2600019,hobgoblin - simula,
183154,,,"",,,GBKQU2606150,scratch & release - toby ross,
183254,85,8A,Drum & Bass,Signature,2025-12-12,GBZSD2500024,don't feel for me - calibre,
183307,74,,Dance,,,QZS642428071,who u trust - some guest,
183514,82,12A,R&B,CAPITOL CATALOG MKT (C92),2014-06-17,USCA27500138,"baby, this love i have - minnie riperton",
183518,98,1B,Electronica,Ninja Tune,2010-06-29,GBCFB1001003,the blend - the herbaliser,
183519,120,5A,Breaks / Breakbeat / UK Bass,Favorite Recordings,2026-03-06,FR7Z22600001,underappreciated - peter matson,
183629,136,8A,UK Garage / Bassline,Southpoint,2026-06-19,UK9AV2503629,flow fadah - esdaile,
183630,133,8A,UK Garage / Bassline,ec2a,2026-04-17,CBEFB2601206,dj fuckoff - imma freak (alex green remix) - dj fuckoff,
183631,133,4A,Deep House,Up The Stuss,2023-05-26,USZXT2351303,all night long - chris stussy,
183632,130,1A,Deep House,Faux Poly,2025-04-17,GBKQU2517434,disconnected - frankydrama,
183633,133.5,,"",,,QMZSY1600001,"middle (4b remix) - dj snake, 4b",
183636,86,10A,Drum & Bass,Mustard Music LTD,2026-07-15,CA5KR2660996,bombing - shotty,
183665,150,1A,Bass / Club,Pineapple Records (UK),2026-07-10,CA5KR2646715,sacude - sam binga,
183670,140,5A,UK Garage / Bassline,Mesh,2025-09-12,FRX452502906,forged - throwing snow,
183710,102,2A,Trap / Future Bass,Virgin Catalogue,2003-03-01,GBAAA9000191,fascinating rhythm - bass-o-matic,
183711,88,1A,Drum & Bass,Ruffneck Ting,2026-01-12,GB8KE2531360,got a feeling - jinx,
183712,88,1A,Drum & Bass,Flexout Audio,2023-06-30,FRIDO2212726,anti roller roller club - teej,
183714,88,12A,Drum & Bass,Jungle Cakes,2024-03-01,GB8KE2157676,"ruffneck business - bassface sascha, dazee",
183715,87,4A,Drum & Bass,Natty Dub Recordings,2026-06-29,GB8KE2613107,for the love - suv,
183716,86,4A,Drum & Bass,Mustard Music LTD,2026-07-15,CA5KR2660983,out of line - acid purrr,
183717,87,5A,Drum & Bass,Ruffneck Ting,2026-01-12,GB8KE2531365,serious trouble - jl-one,
183718,87,7B,Drum & Bass,Natty Dub Recordings,2026-06-29,GB8KE2613106,represent - suv,
183719,87,4A,Drum & Bass,Serial Killaz,2026-07-10,GBRD52600110,moves - rowney & alicia king,
183720,88,7A,Drum & Bass,Serial Killaz,2026-06-26,GBRD52600105,baseball bat - vital & dungeon kru,
183721,91,7A,Drum & Bass,Day Ones,2026-06-19,UK9AV2600583,back 2 life - sigma,
183722,87,10B,Drum & Bass,Mustard Music LTD,2026-07-15,CA5KR2660994,wild wild west - order up,
183724,86,8B,Drum & Bass,Valve Recordings,2006-12-18,GBBTQ1200058,who you (oi) - dillinja,
183725,88,7A,Drum & Bass,Grid Recordings,2010-08-30,GBACM0600078,hand grenade (clipz remix) - twisted individual,
183726,86,3B,Drum & Bass,Valve Recordings,2006-12-18,GBBTQ1200060,bell tune - dillinja,
183727,88,6A,Drum & Bass,Ruffneck Ting,2016-12-19,GB8KE1651251,selassie - verdikt,
183728,88,8A,Drum & Bass,Charge Recordings,2019-12-27,GB8KE1956265,one finger - mampi swift,
183729,87,7A,Drum & Bass,Urban Takeover,2018-12-16,GBDRT0501002,"drop top caddy - aphrodite, micky finn",
183730,88,9A,Drum & Bass,Ruffneck Ting,2014-03-17,GB8KE1354104,"homeboyz (serum remix) - substance, serum, markee ledge",
183731,131,4A,Drum & Bass,RAM Records,2009-09-14,GBBZH0991301,let the story begin - sub focus,
183732,175,8B,Drum & Bass,Playaz,2008-10-06,GBLSB0800153,d for danger - original sin,
183733,88,2A,Drum & Bass,Gun Audio,2013-06-29,GB8KE1350575,paper cut - filthy habits,
183734,90,10A,Drum & Bass,Radius Recordings / R Sound,2008-12-01,GBMFB0800029,flesh eaters - dj pleasure,
183735,88,8A,Drum & Bass,Frontline,2005-10-05,GBDLA0600172,too bad - taxman,
183736,87,4B,Drum & Bass,Playaz,2012-12-10,GBLSB1200037,air guitar - dj hazard,
183738,88,3A,Drum & Bass,Playaz,2019-07-26,GBLSB1900025,it comes at night - taxman,
183739,87,7B,Pop,WM UK,2006-02-13,GBAHT0200578,midnight (m.i.s.t. v.i.p. remix) - un-cut,
183741,66,3A,Drum & Bass,Playaz,2007-04-30,GBLSB0700104,busted - dj hazard,
183742,88,7A,Drum & Bass,Playaz,2025-11-14,GBLSB2500019,cheater cheater (2025 remix) - original sin,
183743,87,4A,Drum & Bass,RAM Records,2014-11-16,GBAHS1400446,"heartbeat loud (extended version) - andy c, fiora",
183744,90,1A,Drum & Bass,Playaz,2010-05-24,GBLSB1000015,psychedelic - dj hazard,
183745,87,4A,Drum & Bass,BC Recordings,2017-10-06,GB9TP1700316,hornet - bad company uk,
183779,120,9B,Dance / Pop,ZYX,2025-01-31,DEA310909752,shadows (house mix) - the 49ers,
183781,129.7,,Pop,,,TCACI1595491,0272 - freshblood crew,
183783,157,8A,Drum & Bass,Ingredients Records,2017-09-01,GB3SR1000221,fresh nation - dead man's chest,
183784,160,12A,Drum & Bass,N4 Records,2024-12-06,DGA072597072,sit upon the riddim - t-cuts,
183955,132.5,,"",,,QZ4GJ1700014,nova coladeira - cabo verde show,
183956,136.7,,"",,,QMDA61513238,aonte - abel lima,
183957,132,7B,Nu Disco / Disco,Kalita,2017-10-02,UKR7K1800003,mioukouna - nst cophie's,
183958,101,4B,Afro House,Gallo Record Company,2013-01-03,FRZ558800016,kazet - mahlathini & the mahotella queens,
183959,107.1,,"",,,USA371248316,your sweet loving - chris mba,
183960,118,5B,Afro House,BBE Africa,2025-03-07,GBEQT2300052,onipa dasa ni - jewel ackah,
183961,125.8,,"",,,GBCKK1014609,hit the 'o' deck (instrumental) - pigbag,
183962,128.9,,"",,,DEMM41600047,jigeen - mark ernestus' ndagga rhythm force,
183964,102.2,,"",,,BRAAP0100009,viralata - antonio adolfo,
183966,99.3,,"",,,USTR80300780,inner city blues (make me want to holler) - sarah vaughan,
184028,,,"",,,UKVBD2000139,conscious - la dame,
184227,162,11A,Drum & Bass,Rinse / KOOL,2025-11-21,GBQGW2500082,z shell - tim reaper,
184234,126,5A,Rock,Rhino Atlantic,2015-11-06,USAT21300937,since i've been loving you (remaster) - led zeppelin,
184572,144,12A,Dance / Pop,Interscope,2018-09-07,USUG11300652,double bubble trouble - m.i.a.,
184901,133,10A,Techno (Raw / Deep / Hypnotic),Rekids,2021-04-23,GBLTF2100053,frog face (gene richards jr jackin' cut) - marco faraone,
185478,,,"",,,QZDA82452965,shemad - amour neveah,
185479,83,,"",,,NL8RL2573279,been poppin - baby osamaa,
185480,140,9B,Electronica,Mel V,2025-11-14,USLD91785496,chum bucket - mel v,
185481,139.9,,"",,,QZQAY2541402,machinery - cortisa star,
185482,150,2B,Hip-Hop,G7 Projects,2024-08-15,USAT22407486,lemonade - k3,
185483,,,"",,,USLD91784130,i get sad too - mel v,
185484,,,"",,,QM42K2401193,hesh - skypearleddat,
185485,87.4,,"",,,CA5KR2389561,i'm her - woo da savage,
185486,74,4A,Hip-Hop,Warner Records,2025-06-27,USWB12501010,dropwhenidrop - bktherula,
185487,,,"",,,NL8RL2510638,what's the word - baby osamaa,
185489,,,"",,,QZVEM1858964,gaslight - vae vanilla,
185491,140,6A,House,10k,2025-12-12,GBBPW2502092,9-5 - salimata,
185519,,,"",,,GXFCP2600049,interlude - vlad,
185692,90,8B,Nu Disco / Disco,Big Deal Records,2016-08-19,USA370532334,down for the third time - bobby caldwell,
185863,111,6A,Bass / Club,RE:LAX,2025-08-27,GBQLP2500496,bender - t.no,
185922,118.1,,"",,,FR0ML2200170,"bella menina - lord funk, moar",
186054,130,3A,Deep House,Limousine Dream,2023-06-09,DEY472373342,like a glove - gene on earth,
186209,131,2B,Rock,SMASHING PUMPKINS - DEAL #1 DIGITAL,2013-07-23,USVI29601072,the boy - the smashing pumpkins,
186648,,,"",,,USNO18511301,mishima/opening - kronos quartet,
186651,89,9A,Hip-Hop,Original Flavour,2017-05-05,ITB551714469,per la mia via (feat suarez) - dj fede,
186652,,,"",,,US25X1084065,nissim - the gaslamp killer,
186653,129.9,,"",,,GBSMU5293303,luna - hong chungao street band,
186655,68,6B,African,Innovative Leisure,2016-04-04,USD8D1636001,phua kao - khun narin,
186656,110.9,,"",,,USA2P1652429,achibaba - les filles de illighadad,
186658,113.4,,"",,,DESY21401295,casbah - ahmed malek,
186659,134.8,,"",,,DENR91562002,kare nanhasi - hallelujah chicken run band,
186771,160,6A,Electronica,Touch,2023-05-19,GBJYX2312302,elemental - bana haffar,
186772,110,11A,Electronica,Faitiche,2024-03-01,US23K0900008,8 - giuseppe ielasi,
186773,90,,Dance,,,JPN631100091,5_24 - indopepsychics,
186774,90,2A,House,Blood Inc.,2024-04-05,GBCMQ2400049,"aaa(a) - michael j. blood, sockethead",
186775,131,5B,Electronica,12th Isle,2023-05-31,GBQLP2300308,"grenoble - material things featuring denis moran, biscuit",
186776,126.4,,"",,,USA2P2330308,tricks in the air - sam scranton,
186777,,,Electro,,,QZFYW1964957,(6) - nicolas gaunin,
186779,85,8A,Electronica,R&S Records,1998-10-12,BEZ359801717,lüster - thomas fehlmann,
186780,,,Electro,,,QM42K1908673,peregrine sun - peter power,
187015,125,11B,Indie Dance,Stil Vor Talent,2024-09-06,DEXN82422239,"letting people be wrong about you - oliver koletzki, frida darko",
187181,120,3A,R&B,Sanctuary Records,2026-01-28,GBAJE0710043,soul on your side - rhythm makers,
187287,109,11B,Nu Disco / Disco,Epic/Legacy,2004-03-05,USSM17600110,show you the way to go (previously released material) - the jacksons,
187375,123,,"",,,DEX261600867,"orutu run (lena willikens remix) - ogoya nengo, the dodo women's group",
187389,109,7B,Organic House,Café Del Mar Music,2025-06-20,GBCEN0000141,i love my man - bent,
187454,122,5A,House,Nervous Records,2026-04-17,USNRS2644579,my manifold - donald dust,
187455,127,4B,Deep House,Wolf Music Recordings,2026-02-06,GB2SA2500016,small talk - tom esselle,
187456,128,8A,Tech House,Mint Condition Records,2023-01-27,GBJX33816058,g.b.h. (groovy bouncy house) - the delinquents,
187458,124,7A,House,Pleasant Systems,2025-10-03,DETB32401820,need it (dance dub) - tilman,
187836,110.6,,"",,,TCACX1737801,jack herrera 4 president - jack herrera,
187882,127,,"",,,QT6Y32519003,closed circuit - lo5ive,
188066,87,10B,Drum & Bass,1985 Music,2026-04-16,UKEWB1600499,wise decision - visages,
188067,86,6A,Drum & Bass,Symmetry Recordings,2010-09-29,GBXJH1000012,heal me (original mix) - break,
188068,85,10A,Drum & Bass,Vandal Limited,2016-07-15,CA5KR1524457,what she wants (original mix) - redeyes,
188069,95,11A,Drum & Bass,Metalheadz,2015-07-31,GBBHF1310157,paper faces (ivy lab remix) - lenzman,
188070,86,2A,Drum & Bass,1985 x Ish Chat,2017-04-28,UKE3K1608992,"the need (original mix) - alix perez, spectrasoul",
188071,85,9B,Drum & Bass,Shogun Audio,2012-07-23,GBPWR1200201,memento - spectrasoul,
188073,87,8A,Drum & Bass,Metalheadz,2015-06-08,GBBHF1310133,beyond the bounds - halogenix,
188075,85,6A,Drum & Bass,Symmetry Recordings,2015-07-31,GBXJH1000069,"simpler times (original mix) - break, kyo",
188076,,,"",,,US38Y2510627,prophet - venna,
188083,108,5B,Pop,Epic/Legacy,2005-07-18,USSM10020715,remember the time - michael jackson,
188182,122.9,,"",,,,"jazzthetics (feat sticky dub, quiet dawn) - divorce from new york",
188276,130,,Electro,,,BKVPA2600005,20k - vita,
188277,134,12B,House,Maximum Airtime,2025-10-24,USK7A2500048,make you high - betas,
188278,144,6A,Techno (Raw / Deep / Hypnotic),Hide The Junk,2023-09-21,QZWDD2364269,end of the line - x club.,
188280,146,9B,Techno (Peak Time / Driving),Suara,2024-10-11,QMDA62459623,500 degrees - 6 sense,
188281,150,11B,Brazilian Funk,Dornelles,2026-02-10,BXCZM2500085,"pirocada vai, pirocada vem - dornelles",
188283,150,1A,Latin Electronic,Trampa,2025-11-28,BK4DA2559270,vamo dale - rianriot,
188284,,,Soul & Funk,,,BRTRB2401072,megatron - irmãs de pau,
188352,80.5,,"",,,QZMHP2516093,soukou - hey bony,
188568,140,10A,Nu Disco / Disco,Brainfeeder,2020-04-03,GBCFB2000016,funny thing - thundercat,
188667,122,4A,Caribbean,VP Records,2018-05-11,USVPR0511134,taxi fare (feat mr. vegas) - lexxus,
188885,92,5B,House,A State of Flo,2026-02-06,QM4TW2679999,earth nrg (dj tool) - auntie flo,
188886,,,"",,,QZAKB2351711,green shower - hiroshi yoshimura,
188887,120,4B,Electronica,Innovative Leisure UK,2022-02-09,USD8D1774002,number stations - el niño & the southern oscillations,
188888,126,12B,Deep House,Delusions Of Grandeur,2019-03-29,GBZHR1900298,see it come shining - ben sun,
188890,149,9B,Deep House,Mule Musiq,2025-07-18,DEU672300559,birds - kuniyuki takahashi,
188925,94,6B,Caribbean,VP,2016-02-02,USVPR0613041,duck dance - red dragon,
188926,90,9B,Caribbean,VP Records,1991-07-01,USVPR0831673,fever medley - freddie mcgregor,
188927,114,4B,Caribbean,VP Records,2009-03-16,USVPR0613078,been around the world - echo minott,
188928,91,1B,Caribbean,VP Records,2014-07-03,USVPR0511310,all this time - wayne wonder,
188929,88,,"",,,ES71G2503292,kuad la' a pa' ti - los generales del reggae,
188930,94,6B,Caribbean,VP,2010-08-27,GBVVQ1022859,wife - joseph stepper,
188931,94,6B,Caribbean,VP,2010-08-27,USVPR9200150,mama - baby wayne,
188932,92,8B,Caribbean,Trojan Records,2026-01-28,GB5KW2301395,weh ya run fa - zebra,
188933,150,6B,Caribbean,VP Records,2017-07-07,USVPR9300281,mr. big man - terror fabulous,
188934,125,8B,Caribbean,Madhouse Records,2023-12-04,USQY51098249,bruk wine butterfly (feat wayne wonder) - terror fabulous,
188935,106,4B,Caribbean,VP Records,2025-04-17,USVPR0915892,butterfly (feat tony curtis) - jigsy king,
188936,102,6A,Caribbean,Madhouse Records,2023-12-04,FR8GV1905590,big it up - buju banton,
188937,105,11A,Caribbean,VP Records,2011-06-15,USVPR9300302,move with the crowd - baby wayne,
188938,102,,"",,,FR5U10500706,rump shaker dub - sly & robbie,
189242,114.8,,Rap/Hip Hop,,,GBDCA1402827,myriade - tlaotlon,
189383,123,11B,Indie Dance,Domino,2014-04-25,GBCEL1100251,champagne coast - blood orange,
189444,101,5A,Pop,Rhino,2020-08-28,GBAHT0900069,boadicea (2009 remaster) - enya,
189572,,,"",,,BE6F59000260,"l'arrivée dans le jour - delphine seyrig, steven brown",
189573,93,10A,Electronica,Kallista,2022-03-11,GBHLW2103610,the garden of earthly delights - carla dal forno,
189574,,,"",,,US5NR2637303,"try saying - mandy, indiana",
189575,121,,"",,,GBHLW2400908,convenience store - kenji kariu,
189576,121,8A,Dance / Pop,Mute Records,2010-02-15,GBAJH0400615,central control - barry adamson,
189577,90,9A,Electronica,Principe,2025-09-26,QMDA62575334,kizomba 003 - xexa,
189578,103,8B,Nu Disco / Disco,Crammed,2020-10-16,BE6F58500950,angel (jean-marie salaun remix) - zazou bikaye,
189579,90,3A,House,10k,2026-01-27,GBBPW2602419,signs+symbols (feat sexworks) - sideshow,
189663,140,7A,Techno (Raw / Deep / Hypnotic),Mitsubasa,2026-03-13,DEAR42696968,nightmares on melatonin - silent g,
189970,129.6,,"",,,BCLWS2504925,ritmo dengue da bunda batendo [sped up] - tratto de la calle,
190049,109.9,,"",,,QZQAY2539508,mysterious girl - neggy gemmy,
190172,142,9B,Techno (Raw / Deep / Hypnotic),export berlin,2023-04-21,NLCK42229473,score line (original mix) - vxlr,
190284,88,5A,Electronica,Soul Jazz Records,2022-01-28,UK7FS1400037,rising to the top - dee sharp,
190285,,,"",,,BRMCA6300085,balança pema - jorge ben,
190286,,,"",,,QM24S1832193,maluco - sango,
190287,80.9,,"",,,TCAHA2380856,tatami - billy bybf,
190288,74.9,,"",,,FR7HS2500225,position - natoxie,
190290,118,11B,Nu Disco / Disco,Arista/LaFace Records,1990-01-01,USLF20000425,natural thang - donell jones,
190291,129.3,,"",,,BRPK11300019,academia das maravilhas - dj diogo do serrão,
190292,135.2,,"",,,BRWMB2300435,"ensaio das maravilhas - pedro sampaio, thaysa maravilha",
190383,122,6A,House,Classic Music Company,2014-10-26,,notice me (notice the house mix) - sandee,
190402,126,4A,Melodic House & Techno,Sainte Vie,2025-02-21,QZACM2500001,light beams - sainte vie,
190403,126,6B,Melodic House & Techno,Sainte Vie,2025-03-28,QZACM2500002,unconditional - sainte vie,
190404,128,3A,Melodic House & Techno,Sainte Vie,2026-02-06,QMDA72523268,sobrevive (feat juan son) - sainte vie,
190405,122,7A,Melodic House & Techno,Akumandra,2021-10-15,US83Z2138843,heart - sainte vie,
190408,122,1A,Melodic House & Techno,Cercle Records,2025-08-10,FR96X2190893,cenote - sainte vie,
190409,118,1A,Melodic House & Techno,Akumandra,2019-07-16,US83Z1915539,high seas - sainte vie,
190410,124,4B,Melodic House & Techno,Sainte Vie,2026-05-08,QZACM2500003,tres - sainte vie,
190411,124,1A,Melodic House & Techno,Sainte Vie,2023-02-09,QZACM2300010,fear - sainte vie,
190412,124,10A,Melodic House & Techno,Akumandra,2021-10-15,US83Z2138844,phantom - sainte vie,
190520,,,"",,,USAT20102896,ole - john coltrane,
190523,100.4,,"",,,USWWW0201457,life is just a moment (part 2) - roy ayers ubiquity,
190609,67,9A,Latin,El Records,2021-12-13,DEA117500010,tristeza - baden powell,
190610,119,7A,Nu Disco / Disco,Arista,2004-06-19,USAR10301080,it's so easy lovin' you - mandrill,
190611,87,9A,Rock,Avenue Records,2020-11-19,USRHD0702968,life (is so strange) - war,
190612,115.8,,"",,,USBN29701087,woman of the world - donald byrd,
190613,115.7,,"",,,FRIDO2410798,home - àbáse,
190614,90.5,,"",,,US6R21482690,word...life - o.c.,
190615,139,9B,Caribbean,Virgin Records,2003-03-01,GBAAA0100139,sorry (remastered 2001) - althea & donna,
190617,123,10A,R&B,Salsoul Records,2026-01-28,QMRSZ1801923,here's to you (moplen boogie down mix) - skyy,
190649,129,12A,Electronica,Plank Records,2020-05-22,GBJX32008001,all night in heaven - bushwacka!,
190650,121,7A,Rock,One Little Independent Records,2018-06-08,GBBTF0200252,i miss you - björk,
190651,107,4B,Dance / Pop,Parlophone UK,2008-04-28,GBAAA8800048,buffalo stance - neneh cherry,
190652,126.7,,"",,,USBEN1271412,super whole (you better fuck) - the fly boys,
190654,120,10A,Electronica,Gomma,2005-02-07,DEQ020000395,synthipopü - hiltmeyer inc.,
190946,123,5B,Progressive House,Tenampa Recordings,2016-10-31,DEY471615825,drosera - chicola,
190979,142,8A,Techno (Raw / Deep / Hypnotic),Sublunar,2025-07-25,NLCK42511204,ghost transmission - clotur,
190993,110,11B,Downtempo,Nu Boheme Recordings,2025-12-12,DESV61400245,bird vision - slow nomaden,
191103,109,3A,Ambient / Experimental,Awe,2026-03-13,DEG932506109,twilight zone - laurel halo,
191104,,,"",,,USYBL2600359,path / light - bby eco,
191105,,,"",,,DEX261504406,hyper drive - bataille solaire,
191106,66,9B,Rock,Squama,2026-03-27,DEZD92000444,written by - roomer,
191176,107,3B,Dubstep,Tectonic,2012-11-19,GBBCK0700062,chamber dub - pinch,
191200,119,5A,Electronica,Tartelet Records,2024-06-14,DKQD92400203,gost - max graef,
191439,130,10A,Electronica,Casa Voyager,2023-02-03,NLL562201097,one is none - yoofee,
192023,124,3B,Dance / Pop,Parlophone (France),2025-04-11,FRS639700550,la femme d'argent - air,
192095,86.5,,"",,,BRP0J2100005,subirusdoistiozin (instrumental) - criolo,
192278,162.6,,Pop,,,GBUM71807272,isn't that enough - chaka khan,
192279,103.1,,Alternative,,,QM24S1832383,satin psicodelic - sunni colón,
192280,93,1A,Deep House,Apple Jaxx Recordings,1996-07-08,GBEHB0400027,i'm thru with you - basement jaxx,
192281,132,10B,Electronica,Skint Records,2008-10-19,GBBMQ9900052,kalifornia - fatboy slim,
192282,123,,Dance,,,GBEXH1500107,at the witness stand - mark hawkins,
192283,82,,Electro|Soul,,,GBBPW1700210,typical - nightmares on wax,
192284,112.3,,Alternative,,,GBYHX0900049,touch - a certain ratio,
192599,129,,"",,,QZTAY2279350,"ipadé - bosq, kaleta",
192600,125,,"",,,ZAC030800106,trouble maker - double trouble,
192601,123,,"",,,USGZ20931197,"no, no, no - strange affair",
192602,90,5A,Pop,Rhino,2018-05-04,GBAHS1600063,matt's mood ii - matt bianco,
192603,120,11B,House,Clone Royal Oak,2024-11-04,NLL562302472,miles away - zopelar,
192648,130,10B,Bass / Club,Hakuna Kulala,2022-09-30,UGA262100094,siyangqongqoza - dj scriby,
193002,124,9A,Mainstage,Physical Presents,2022-08-12,CAM372200024,stranger things theme (felix cartal's after dark remix) - felix cartal,
193005,130,5B,Bass House,Basement Leak,2026-01-30,NL8RL2602704,keep it burning - shiba san,
193006,134,3B,House,Altra Moda,2006-10-09,GBUM70604624,yeah yeah (randy katana edit) - bodyrox,
193024,131,10A,Tech House,Trick,2025-05-16,GBJX32463057,let go (extended) - max styler,
193048,108,9B,Indie Dance,Late Night Tales,2014-07-07,AUG901000035,mopedbart - hubbabubbaklubb,
193260,129,2A,Minimal / Deep Tech,Deeperfect,2022-12-02,ITA061302331,milkshake (original mix) - ranger trucco,
193396,120,8A,Techno (Raw / Deep / Hypnotic),Main Street,2004-04-01,DEW259900308,found a way - round four,
193488,122,10A,House,LW Recordings,2026-07-20,GBLV62514399,jackpot - manny steelo,
193698,123,7B,Melodic House & Techno,Sol Selectas,2022-04-08,US83Z2207146,"daikato (dj t. remix) - sabo, noema",
193757,124,8B,Melodic House & Techno,Radikon,2022-08-05,DEY472275526,human aura (massano remix) - yubik,
193910,138,6A,Techno (Raw / Deep / Hypnotic),Molecular Recordings,2025-09-12,DEH742526827,xx 24 b2 - joaquin ruiz,
194079,140,2A,Techno (Raw / Deep / Hypnotic),Sublunar,2024-12-06,NLCK42420876,drifting - sciahri,
194081,142,10A,Techno (Raw / Deep / Hypnotic),export berlin,2024-08-29,NLCK42412108,reflections (original mix) - sira,
194160,138,12A,Tech House,SEVEN,2025-07-31,DE1KG2500036,pause - mohajer,
194161,138,7B,Techno (Raw / Deep / Hypnotic),RSPX,2025-08-22,GBLTF2500110,autopilot - ken ishii,
194162,141,12B,Techno (Raw / Deep / Hypnotic),Lømsk,2025-10-03,SE6ZQ2201502,raljera - alexander johansson & mattias fridell,
194163,140,1B,Techno (Raw / Deep / Hypnotic),Prima Materia,2025-09-12,NLCK42514299,impacted - nakamo,
194164,147,3A,Techno (Raw / Deep / Hypnotic),Symbolism,2025-08-29,NLMH62500014,minimalism 01 - fhase 87,
194165,145,10A,Techno (Raw / Deep / Hypnotic),Children Of Tomorrow,2025-08-22,DEKB72543454,robotik (original mix) - aefe,
194166,143,7A,Techno (Raw / Deep / Hypnotic),Prima Materia,2025-09-12,NLCK42514301,ludicrous speed - conrad van orton,
194167,143,10A,Techno (Raw / Deep / Hypnotic),Children Of Tomorrow,2025-08-22,DEKB72543456,blipblop (original mix) - aefe,
194168,147,4A,Techno (Raw / Deep / Hypnotic),Symbolism,2025-08-29,NLMH62500017,minimalism 04 - fhase 87,
194169,68,8A,Techno (Raw / Deep / Hypnotic),Prima Materia,2025-09-12,NLCK42514300,lost in the tailspin - nakamo,
194170,140,10A,Techno (Raw / Deep / Hypnotic),SENSOR,2025-07-25,DEH742519288,"emphaze - forms, brian sanhaji, monoloc",
194172,136,8A,Techno (Raw / Deep / Hypnotic),Asymmetric,2025-07-25,UKX532500373,obsession - inigo kennedy,
194174,143,4A,Techno (Raw / Deep / Hypnotic),Children Of Tomorrow,2025-08-22,DEKB72543455,false signal (original mix) - aefe,
194175,143,9B,Techno (Raw / Deep / Hypnotic),Lømsk,2025-10-03,SE6ZQ2201503,pyspunka - alexander johansson & mattias fridell,
194176,140,1B,Techno (Raw / Deep / Hypnotic),CLR,2025-07-18,DEBE72500467,be alive - procombo,
194177,143,11A,Techno (Peak Time / Driving),CLR,2025-09-26,DEBE72500609,circle of life - the southern,
194178,138,10A,Psy-Trance,Zenon Records,2020-02-27,USA2P2005467,stranger - kliment,
194179,139,8B,Techno (Raw / Deep / Hypnotic),Mote Evolver,2025-03-28,BEN582400627,surface noise (oscar mulero reassembly 2) - planetary assault systems,
194212,140,2B,Trance (Raw / Deep / Hypnotic),bebé recordings,2025-11-14,DGA052525968,samba - newtone,
194254,88,8A,Nu Disco / Disco,Spacetalk,2025-05-16,GB7RM2500014,rainy day woman - playground,
194419,128,8A,Bass / Club,Courage Holdings Inc,2025-11-27,CBAUX2512504,dutty business (anna morgan remix) - honeydrip,
194427,83.6,,"",,,GBKPL1150514,lost her (2011 re-mastered mix) - nookie,
194453,143,1A,Caribbean,VP Records,1994-11-08,USVPR9400517,youth man - the congos,
194460,140,,"",,,DERX62401003,flute reasoning - mystical powa,
194544,112,4B,R&B,Soul Tay Shus,2019-12-17,USA2P1963260,i caught you in a lie - robert parker,
194712,124.9,,"",,,GXBNP2510538,"vis a vis (original mix) - alain fanegas, tomy wahl",
194771,122,8B,Deep House,Heist Recordings,2019-03-25,NLYV51900010,i'll be down (hugo lx meteor mix) - fouk,
194774,127,,Electro|Jazz,,,GBHRP0641401,seven samurai - paul murphy,
194775,128.3,,Dance|Jazz,,,GXGJ42500006,the bowl - divorce from new york,
194776,120,6A,Organic House,Sweet N Tasty,2023-12-08,GBHLW2302274,cinco - k-lone,
194813,134,7B,Electronica,Vesselboy,2025-06-06,USZ4V2500249,pause - villager,
194932,124,4A,Melodic House & Techno,ZAMNA Records,2026-05-08,ITFGO2300025,station32 - henri bergmann,
194957,146,6A,Breaks / Breakbeat / UK Bass,Seilscheibenpfeiler Schallplatten Berlin,2022-11-24,DEOE82200049,no pulse - nikki nair,
194959,147,7B,Techno (Raw / Deep / Hypnotic),Ilian Tape,2022-09-07,DEOB62200665,zfgt0505 - kw,
194960,150,7A,Bass / Club,Pineapple Records (UK),2026-07-10,CA5KR2646718,sqzme - sam binga,
194961,151,2A,Bass / Club,Pineapple Records (UK),2026-07-10,CA5KR2646719,m_y_a - sam binga,
194970,123,8A,Pop,Circa,2003-03-01,GBAAA8700455,labour of love (edit) - hue & cry,
195028,87,,"",,,GB8KE2610814,"obayalo (son, kravitz & dr meaker remix) - dr meaker",
195034,85,11A,Drum & Bass,Young,2026-07-23,UK7MC2400250,"waited all night (nia archives remix) - jamie xx & nia archives feat romy, oliver sim & the xx",
195035,83,4B,Hard Dance / Hardcore / Neo Rave,Hardcore Energy,2025-11-26,GBFG92500171,werkout - cheff the boy,
195036,83,12B,Hard Dance / Hardcore / Neo Rave,BEAT Music Fund,1996-01-01,NLS240600986,in your arms tonight - sonicdriver,
195037,164,8A,Breaks / Breakbeat / UK Bass,Essential Platinum,1994-01-01,QMDA61374313,"it's not over - seduction, dougal",
195038,158,4A,Hard Dance / Hardcore / Neo Rave,Slammin' Vinyl,2021-04-16,UKZ6W2002011,"in effect - dj red alert, mike slammer",
195039,83,7B,Hard Dance / Hardcore / Neo Rave,BEAT Music Fund,2011-07-15,NLC050201618,musica rave - paul elstak,
195040,163,12A,Drum & Bass,Remix Records,2025-11-24,GB8KE2528213,"i aint gonna wait - dwarde, dj b",
195098,74,2A,Caribbean,Ineffable Records,2025-08-22,QZWV32540477,scatter - lila iké,
195175,96,12B,Nu Disco / Disco,Columbia/Legacy,2005-10-18,USSM18500525,sweet wanomi - bill withers,
195365,108,2A,Techno (Raw / Deep / Hypnotic),TRSN,2025-12-19,CA5KR2606590,tribalmente - west code,
195442,122.1,,"",,,QZDA52355847,my lincoln (feat dxjx) - system olympia,
195443,120,6B,House,Let's Play House,2021-09-03,QMJYS2100763,high - jacques renault,
195444,121,11A,Indie Dance,On The Prowl,2011-01-14,GBDAN1000085,d time - runaway,
195445,120,8A,Deep House,Nervous Records,2019-11-22,USNRS1938768,get up (everybody) (dirtytwo remix) - byron stingily,
195446,123,7A,Deep House,KURTZ Records,2023-04-21,UKACT2330885,big wig - pbr streetgang,
195447,124,10A,House,Turbo Recordings,2011-08-09,GBX8P1100022,manic - azari & iii,
195448,125.1,,"",,,USM1G1400001,"free (original vocal mix) - cool peepl featuring billy love, mike grant, amp fiddler & sundiatta o.m.",
195449,123,8A,Trap / Future Bass,Atlantic Records/ATG,2009-02-03,USEW19706205,beep me 911 (feat 702 & magoo) - missy elliott,
195630,94,8B,140 / Deep Dubstep / Grime,Tru Thoughts,2025-12-08,GBEUE1800161,dads and mums (sumgii remix instrumental) - nonames,
195631,70,9B,Dance / Pop,Monsters Music,2022-08-31,GB8KE2208943,bloat - the widdler,
195632,105,8A,Trap / Future Bass,Estate Recordings,2015-02-02,GBC5Q1000044,bumba (original mix) - skittles,
195633,125,6A,140 / Deep Dubstep / Grime,Deep Dark & Dangerous,2023-10-06,GBKQU2391512,mare (hypho remix) - wraz.,
195634,140,2A,140 / Deep Dubstep / Grime,Infernal Sounds,2023-02-24,GBLV62213887,"screwface - flo, øz, q100",
195635,140,7A,140 / Deep Dubstep / Grime,Deep Dark & Dangerous,2022-09-23,GBKQU2280014,clutch - ternion sound,
195636,102,5A,140 / Deep Dubstep / Grime,Encrypted Audio,2022-04-18,UKG4D1600640,come out (instrumental mix) - xakra,
195637,140,3A,140 / Deep Dubstep / Grime,Wild & Wise,2026-06-27,CA5KR2659451,on street - leo cap,
195638,70,4A,140 / Deep Dubstep / Grime,White Peach Records,2024-03-01,GBLFP2465694,lost - moreofus,
195639,70,1A,140 / Deep Dubstep / Grime,White Peach Records,2025-07-18,GXH2J2563299,chime - kami-o,
195640,140,5A,140 / Deep Dubstep / Grime,DUPLOC,2024-12-20,GB8KE2428701,check it out - criso,
195641,140,4A,140 / Deep Dubstep / Grime,DUPLOC,2025-05-19,GB8KE2412367,word - conzi,
195642,127,7A,Electronica,CAPITOL CATALOG MKT (C92),2017-08-11,MXF060000013,corazón - titan,
195643,132,,"",,,US3DF2519114,"amor // que bien lo baila (entrañas remix) - miel, entrañas",
195722,120,10B,Melodic House & Techno,When Stars Align,2024-06-21,GXCM22400066,"move (maz remix) - samm (be), ajna (be)",
195821,120,3A,Deep House,Apron Records,2024-09-04,DEG932402849,round & round - jarren,
195879,79,9A,Caribbean,7Wallace,2026-06-10,UKS3T1900015,weh mi come from - idris elba,
195880,124,5A,Bass / Club,Club Djembe,2026-03-06,UKN6K2404036,mechanical - kaval,
195881,125,3B,UK Garage / Bassline,Salt,2024-10-24,QMDA62460720,feel this way - duke boara,
195882,120,11B,Afro House,Mansa Musa Media,2025-07-04,QZWDD2420878,"jungle drums - dr feel, native tribe & da q-bic",
195883,125,,"",,,UKXN22393707,"marnin - osquello, izco",
195885,122,10A,Dubstep,BAZUKA,2025-10-14,GBKQU2599827,veena - nadī,
195886,128,4A,Bass / Club,Quadrants,2016-03-29,GBQLP1600811,grind - bakongo,
195887,130,5A,Indie Dance,fabric Records,2009-02-08,PTBK10600003,yah! (feat petty) - buraka som sistema,
195888,81,1A,Bass / Club,Earful of Wax,2023-02-10,GX8LK2200009,influenzer funk - noire,
195889,131,10A,Dance / Pop,eel,2023-08-09,UK9AV2301236,je ne serais pas là (she spells doom remix) - hockeysmith,
196141,87,8A,Drum & Bass,Zombie Recordings UK,2025-10-10,GB8KE2524210,trumpet riddim - gravit-e,
196142,88,6A,Drum & Bass,Lickwood and Gunshot,2025-06-19,GB8KE2512410,button - dutta,
196143,87,2B,Drum & Bass,RUN,2025-09-05,GBQSE2500018,wild side - crystal clear,
196144,130,5A,UK Garage / Bassline,B&H Records,2025-02-28,AUXN22503312,come thru - knuckle,
196511,130,8A,UK Garage / Bassline,Livity Sound Recordings,2024-05-17,GBRYX2400381,pulse xii - peverelist,
196533,83,1A,Drum & Bass,Concrete Audio London,2025-12-12,GB8KE2529303,dub plate pressure - t-cuts,
196615,140,4B,140 / Deep Dubstep / Grime,Locus Sound,2025-10-17,GBKQU2596247,unity - pharma,
196628,134.7,,"",,,GBFDB1900040,collie man - michael palmer,
196629,79,11B,Caribbean,VP Records,2009-11-06,USVPR0915983,yuh jamming so aka jamming so/ green bay killing (album) - madoo,
196631,139.9,,"",,,USHM90492937,paradise - mikey dread,
196632,129.9,,"",,,FR5U10000226,know yourself - u-roy + ernest wilson,
196633,88,3A,Bass / Club,Stand High,2012-01-20,DEZ651119802,brest bay - stand high patrol,
196634,129.8,,"",,,FR10S1895399,wicked run away - sandeeno,
196635,150,,"",,,QM6MZ1499859,chanting - junior reid / don carlos,
196636,143,9A,Caribbean,VP Records,2010-08-27,USVPR9601023,you've been warned - tony rebel,
196637,132.7,,"",,,FR10S1831342,general - evermoor sound,
196638,140,11A,140 / Deep Dubstep / Grime,Dub-Stuy Records,2023-03-17,GBKQU2315218,cool & relax ft nazamba - dubamine,
196639,139.4,,"",,,FR5R00913005,"what a curfew - o.b.f, linval thompson",
196640,133,3A,Caribbean,Steppas Records,2019-11-15,GBP6T1900292,likkle zion - dub dynasty,
196641,152,,"",,,FRIDO2010088,roughneck soldier - sandeeno,
196693,102,6B,Pop,Mom+Pop Music,2026-05-06,USQE92600085,promise (when you go) - after,
196694,120,,"",,,QM6P42678382,candyland! - natanya,
196695,117,,"",,,QMB622502102,flotilla - elujay,
196696,152,6B,Mainstage,Wagram Music / Balagan Music,2020-08-21,GBEUE0300005,terrapin - bonobo,
196697,136,3B,Dance / Pop,Pack Records,2025-12-03,CA5KR2600217,i run my hands thru it - daine,
196698,125,3A,Pop,Columbia Local,2025-07-25,DEE862501140,oxytoc1n - s1rena,
196699,124,11A,Electronica,Jane Remover via deadAir,2026-04-22,QM24S2507039,how to teleport - jane remover,
196700,67,8B,Dance / Pop,Dirty Hit,2025-09-12,QZVM32200421,falling - frost children,
196702,112,1B,Hard Dance / Hardcore / Neo Rave,DistroKid,2026-07-24,QZWFV2600405,midnight highway (sped up) - baby jane,
196703,80.6,,"",,,AUMEV2503314,f-jam (cool down mix) - adam f,
196704,140.1,,"",,,DEQ022101773,we're flying - 40 winks,
196705,94.8,,"",,,QZWDD2481498,bliss beat - vitesse x,
196706,120,,"",,,USBAQ2500202,okay - love spirals downwards,
196707,73,5B,Pop,Universal-Island Records Ltd.,2002-10-23,GBARA0201050,sand river - beth gibbons,
196766,124,2A,Dance / Pop,Drop Music,2008-12-08,GBJVT0500207,disc odyssey (remix) - crazy p,
197158,114,4A,Amapiano,Encore Recordings,2026-04-10,QZWA32201951,taste - uncle waffles,
197182,,,"",,2026-07-31,GBXNG2528002,t246 130ish electribe plaits - four tet,
197192,123,4B,House,Harmless Records,2013-09-30,USL4Q2140843,space side - sleezy d,
197356,131,9A,Minimal / Deep Tech,You&Me Records,2025-05-09,GBKQU2535267,where's the location - danny snowden,
197813,126,1A,Techno (Peak Time / Driving),CUFF,2019-10-04,GBKQU1986085,"club lit (matt sassari remix) - amine edge & dance, sergy, matt sassari",
198140,122,8B,Indie Dance,JEAHMON! Records,2022-08-26,DEH742218852,for a vibe - garsi,
198460,143,4B,Techno (Raw / Deep / Hypnotic),Mutual Rytm,2025-06-06,DEH742514437,i can't shine - hemka,
198493,120,11B,Techno (Raw / Deep / Hypnotic),Tresor Records,2019-12-06,DEF271931505,zahlensender - function,
198671,144,11A,Techno (Raw / Deep / Hypnotic),Arts,2025-01-10,NLCK42420024,surface tension - yan cook,
198728,90,12B,Latin,Vitória Regia Discos Ltda,2025-04-01,BRVRD7600001,"guiné-bissau, moçambique e angola racional - tim maia",
198805,87,3A,Drum & Bass,Hospital Records,2021-02-26,GBCJY2000628,helarctos (feat georgia train) - nu:tone,
198806,87,2A,Drum & Bass,Hospital Records,2021-05-07,GBCJY2100060,no compromise - hugh hardie,
198807,86,11A,Drum & Bass,1985 Music,2021-05-21,UKEWB1600195,don't tell (part ii) - workforce,
198808,87,10A,Drum & Bass,Critical Music,2021-04-09,GBVPL2100028,"bold courage - waeys, duskee",
198809,87,10A,Drum & Bass,Hospital Records,2021-02-26,GBCJY2000622,girl on a bike - nu:tone,
198810,85.9,,Dance,,,GBVPL2100035,ignit - enei,
198811,86,8A,Drum & Bass,Hospital Records,2021-02-26,GBCJY2000627,shelter (feat dj rae) - nu:tone,
198812,86,7A,Drum & Bass,Hospital Records,2021-06-25,GBCJY2100011,sardinian sunrise (feat singing fats) - unglued,
198813,84,10A,Drum & Bass,1985 Music,2021-05-28,UKEWB1600194,apply the breaks (original mix) - workforce,
198832,,,R&B|Soul,,,USA370974203,no names bar - the fabulous three,
198833,132.5,,Jazz,,,USGR10300080,i'll stay - the rh factor,
198834,100,6B,Electronica,HNNY,2019-04-24,DEZ651359889,sunday - hnny,
198835,176,4A,Trap / Future Bass,Legacy Recordings,2018-08-24,QMDA71374602,that's all right with me - esther phillips,
198836,90,4B,R&B,S-Curve Records,2017-11-01,USZXT1130632,"old songs - betty wright, the roots",
198837,80,,Electro|Jazz,,,DEX261700124,music save me (one more time) - mocky,
198857,117,6A,Dance / Pop,Vanguard Records,2007-02-13,USVG29552426,can't get away (from your love) (edit) - carol williams,
199635,104,11B,Ambient / Experimental,Multi Culti,2026-01-01,GBLV62522324,welcome - angelo cruzman,
199636,110,2A,Melodic House & Techno,Byrd Out,2023-09-08,UKZ4L2300042,sleep mask - girls chat room,
199637,104,6A,Electronica,Soul Jazz Records,2021-06-04,FR96X1884428,fight or flight - céline gillain,
199638,120,8B,Minimal / Deep Tech,Rominimal Collective,2025-08-15,CA5KR2541997,paralyzed (viktor udvari remix) - roch,
199639,111,7B,Indie Dance,Nein Records,2025-10-10,GBKQU2597621,superhero - niev,
199640,120,1A,Deep House,Drab Queen,2024-11-27,GBKMS2400014,for the children who have fallen from grace - the gospel of thomas,
199641,109.8,,"",,,USA2P2464192,once in a lifetime - joshua idehen,
199642,105,2B,Electronica,Compost,2022-11-18,DEM092200123,go to sleep little baby - felix laband,
199664,104.8,,"",,,US83Z2215179,ariam - muratt,
199665,105,9A,Electronica,Pipe & Pochet,2019-03-21,US83Z1905592,coming home - the oddness,
199666,105,5B,Organic House,PBP Records,2024-08-16,US83Z2496815,kikimora (amuamu remix) - organica,
199667,110,10B,Downtempo,Leveldva,2025-06-20,US83Z2535005,gold limb - manojpuri,
199668,106,6A,Downtempo,EXO Records,2025-09-05,US83Z2548888,iso - sergey tutty,
199669,105,2B,Downtempo,Copycow,2026-01-16,US83Z2574952,the drink - amuamu,
199670,110,12B,Downtempo,Shango Records,2025-10-03,QZZ8A2585826,fifth sun - bahri bekil,
199671,121,10B,Organic House,Circle Of Dreams,2023-05-23,US83Z2321574,shimpanzim (kurup remix) - kadmon (live),
199672,107,7A,Downtempo,PBP Records,2025-03-10,US83Z2510534,matilda (yassen remix) - exei,
199673,112,3B,Downtempo,• kosa •,2025-12-06,US83Z2568659,nativo - john key om,
199674,105,12B,Downtempo,Magician On Duty,2024-09-13,US83Z2495481,cut the line (gingembre remix) - eternal moment,
199951,100,11B,Indie Dance,LTP,2017-06-26,DEPL91604018,st. bones (inga mauer remix) - pletnev,
200076,94,8B,Dance / Pop,Strictly Rhythm Records,2026-01-28,QMRSZ1800995,conway (feat the mad stuntman) - reel 2 real,
200077,128,12B,Electro (Classic / Detroit / Modern),Egyptian Empire,2025-02-14,US2392500012,dance like u used 2 - the egyptian lover,
200078,130,7B,Dance / Pop,Robbins Entertainment,2010-04-27,USRE59800079,take you higher - rockell,
200079,128.3,,"",,,US4J50610001,supermodel (feat shirley q. liquor) [el lay toya jam] - rupaul,
200080,131,8B,Dance / Pop,Rhino/Elektra,2005-08-30,USEW20000087,blame it on the muzick - j.j. fad,
200082,130,11B,Deep House,Future Feel,2024-10-11,NLHR22400994,rising temperature - marijn jansen,
200083,134,8A,House,OBP,2025-10-22,GBLV62504520,curveball - jelsen,
200084,126,,"",,,USWB10301281,hollywood (jacques lu cont's thin white duck mix) - madonna,
200085,118,4A,Pop,Jive,2007-10-25,USJI10800087,break the ice (jason nevins extended) - britney spears,
200086,135,3A,Pop,UMC (Universal Music Catalogue),2023-06-16,GBAKW0300122,no good advice (dreadzone vocal mix) - girls aloud,
200098,170,6A,Drum & Bass,Gutterfunk,2018-11-23,USA2P1887750,drop bear (remastered) - dj die,
200155,106,9B,Electronica,Enchufada,2011-10-31,PTEN11100022,tira o pé - buraka som sistema,
200240,135,5A,Techno (Raw / Deep / Hypnotic),Planet Rhythm,2025-06-27,NLCK42508101,rite - burden,
200288,100,9B,Electronica,Ghostly International,2024-03-15,QZRP52273063,waterlily - crushed,
200289,127,10A,Breaks / Breakbeat / UK Bass,Spectral Sound,2016-11-25,US2J71613702,dystopian daddy - avalon emerson,
200290,124,2A,Deep House,Spectral Sound,2019-11-01,US2J71914304,"big room delusion - project pablo, patrick holland",
200291,128,3B,Techno (Raw / Deep / Hypnotic),Spectral Sound,2023-06-23,US2J72315602,anything else - audion,
200292,134,7A,Breaks / Breakbeat / UK Bass,Spectral Sound,2019-05-24,US2J71914404,"uri's song (feat wiretapping) - ciel, wiretapping",
200293,131,7B,Breaks / Breakbeat / UK Bass,Spectral Sound,2019-08-23,US2J71914605,pattern buffers depolarizing - ali berger,
200294,130,7B,Indie Dance,Spectral Sound,2023-11-10,US2J72315702,chaotic folds - tom vr,
200295,132,11A,Breaks / Breakbeat / UK Bass,Spectral Sound,2024-04-26,US2J72415803,ginko - ludwig a.f.,
200296,120,10B,Electronica,Ghostly International,2023-08-11,US2J72302502,intertwine - helios,
200297,109.8,,"",,,US2J72108611,i got - hana vu,
200298,86.7,,"",,,US2J72505213,disappear - joviale,
200395,122,8B,Progressive House,Dantze,2018-06-29,DEY471813210,scarabaeus - matthias schuell,
200587,122,7A,House,Feedelity Recordings,2013-01-27,NOFEE2101043,vōs-sākō-rv (todd terje extended mix - dub version) - lindstrøm,
200654,124,5B,Tech House,Toolroom,2017-01-20,GBJAJ1601261,love something - adrian hour,
200807,122,5A,Indie Dance,Pets Recordings,2021-01-29,PLE072113106,the heart takes fright - vhyce,
200809,118,8A,Indie Dance,House Of Disco Records ,2016-10-14,DEY471615548,burnin' - snacks,
200811,116,1B,Indie Dance,Side UP Works,2019-12-04,GBLV61912164,"pesos not besos (cabaret nocturne remix) - theus mago, moderna",
200812,127,2A,Minimal / Deep Tech,Border Community,2006-10-30,GBLBR0500014,10101 - holden,
200813,118,5A,Indie Dance,Permanent Vacation,2019-11-15,DECY61900065,drop wet gorgeous - tom bioly,
200814,120,10A,House,Defected,2016-11-25,GBBKS1600125,operator (dj koze's disco edit) - låpsley,
200816,111,10B,Electronica,Orange,2021-05-28,QM24S2102998,"sacrifice - fred falke, zen freeman, ampersounds",
200817,114,9A,Indie Dance,Wolf + Lamb Records,2019-05-10,USA2P1925357,phasin' - jack priest,
200818,115,2A,House,Sirsounds Records,2018-04-06,DEPI81704196,dove sei (sirs cut) - lovebirds,
200819,120,9B,Indie Dance,Quantistic Division,2017-07-28,GBKQU1767841,we are the funky robots (original mix) - dionigi,
200820,123,10A,House,Peppermint Jam Records,2012-02-15,DEP080400002,"horny (tiefschwarz gets horny mix) - mousse t., hot'n'juicy",
200821,128,9B,Indie Dance,Sweat It Out,2010-06-19,AUXN21739704,basement horns - vhyce,
200876,116,7B,Organic House,Atomnation,2021-07-09,NLC7F2100078,goenavund - milio,
200892,,,Dance,,,NLF712204036,disappear (extended mix) - themba & nico de andrea feat tasan,
200932,115,5A,Organic House,WAYU Records,2022-07-01,US83Z2216893,"toubkal - dan bay, max clouth",
200933,100,10B,Deep House,Derya Records,2022-06-30,CH6542244720,khajuraho (original mix) - jack essek,
200934,114.9,,"",,,DGA0H2357896,zip zip zip - vimala rani britto,
200935,125,9B,Indie Dance,Hungry Koala Records,2022-07-01,CA5KR2257892,4 days in istanbul - michael felix,
200936,120,8B,Indie Dance,New Day Everyday,2022-06-24,NLCK42214860,"automatic for the xyz (original) - eliezer, niv ast",
200937,118.1,,"",,,FR2PB1300128,istambul à facette - bozart,
200938,120,9B,Indie Dance,Nein Records,2022-07-01,GBKQU2229445,"patu - gersh, brodi (il)",
200939,118,11B,Organic House,Tamu Music,2021-12-03,US83Z2145870,hum baha - omerar nanda,
200940,122,2B,Indie Dance,UNCLES MUSIC,2021-11-03,RUAEX2229890,hampi (original mix) - dub pepper & jon.k,
200942,124,1B,Indie Dance,I'm A Cliche,2013-03-11,FR3NP1300070,queen spade - red axes,
200943,120,2B,Nu Disco / Disco,Boots & Legs,2022-01-10,TCAFY2179003,"macchina bum bum (donald's house remix) - furor exótica, donald's house",
200944,127,7A,Bass / Club,Holding Hands Records,2021-06-18,UKJEE2100054,this is a brand new day (original mix) - gallegos,
201014,122,12B,Indie Dance,Blue Shadow,2023-04-03,GBJX32155041,what would you do if i told you this is a dream - omri smadar,
201082,120,2A,Nu Disco / Disco,MATS Music,2022-07-15,BGA472221475,syntetika - mats,
201313,122,,"",,,DEH742219397,"make a show (dor danino remix) - marc depulse, rafael cerato",
201341,122,2B,Indie Dance,Kinetika Music,2022-09-23,GBKQU2284715,flame - pinto.,
201342,120,6A,Afro House,Go Deeva Records,2022-08-12,ITSV22200090,reaktor - nick pappa,
201343,120,8A,Afro House,MoBlack Records,2022-09-23,ITFGO2200070,"luna nera - yet more, sem",
201345,120,1A,Indie Dance,Permanent Vacation,2022-10-07,DECY62200121,neptune - sound support,
201348,122,8A,Progressive House,Strange Town Recordings,2025-08-29,US83Z2043532,hummingbird (arnas d remix) - wolf ear & fassbender,
201349,120,11A,Deep House,Seven Villas,2021-07-16,DEPI82105948,serenità - deividas bagdanov,
201350,118,5A,Organic House,Lump Records,2022-06-17,US83Z2216071,hashiva - deividas bagdanov,
201351,100,2A,Electronica,Intercept,2020-05-22,NLC7F2000041,take ur time - baril,
201352,104,5B,Downtempo,Anjunadeep,2020-08-14,GBEWA2302788,star (mixed) - jon gurd,
201353,107,4A,Downtempo,Circles & Stones,2021-07-27,DEY472174210,sophia (amount remix) - oilst,
201354,118,7A,Melodic House & Techno,When We Dip Records,2020-06-12,US83Z2017480,amazonica (powel remix) - esteble,
201355,120,10B,Organic House,Everything Will Be OK,2022-05-13,US83Z2211840,white sand (plecta's vocal remix) - pedro sanmartin,
201356,121,2A,Indie Dance,Strangely Enough,2022-01-28,DECY52102701,the choir - matthias meyer,
201357,125,4B,Melodic House & Techno,Atomnation,2021-10-08,NLC7F2100076,allround player - milio,
201358,125,7A,Deep House,Ylotana Music,2017-07-21,US83Z1779648,i can hear the light (dave pad remix) - sex of insects,
201359,94,8B,Breaks / Breakbeat / UK Bass,Intercept,2022-03-04,NLC7F2200022,surrounded by night - milio,
201654,113,9B,Dance / Pop,Universal Music B.V.,2026-04-24,NLUM72501631,song of the second moon (remastered 2026) - tom dissevelt,
201714,120,6A,Nu Disco / Disco,File Under Disco,2023-04-07,GBKW42300068,sou baiana (original extended mix) - processman & cady,
201896,,,Electro|Techno/House,,,FR6Z31300061,presents (feat para one) - canblaster,
202220,127,6A,House,Altra Moda,2026-03-13,NLML62600061,why don't you (jude & frank remix) - gramophonedzie,
202572,120,7A,Dance / Pop,Defected,2026-07-31,GBCPZ2625426,patigo (extended mix) - stryv,
202713,120,5B,Afro House,Sondela Recordings Ltd,2025-11-21,USA2P2558036,"tom & jerry - enoo napa, phila de giant",
202864,124,10B,Melodic House & Techno,IPSO,2025-05-30,DEEC31810621,don't waste my time - âme,
202876,130,7A,Dance / Pop,Smiile,2026-03-06,QZTLA2688524,sweet and nice - bella,
202910,122,8B,Deep House,Watergate Records,2014-05-12,DEPX41400083,becuz - matthias meyer,
202941,124,5A,Melodic House & Techno,Innervisions,2021-05-07,DEEC31810244,don't take it personal - jimi jules,
202990,128,4A,House,Toy Tonics,2026-06-29,DEBY41201112,mama (extended version) - davide dev & fimiania,
203224,115,7A,Hip-Hop,EMI Gold,2005-12-05,GBAAA9901508,magic touch - loose ends,
203607,128,6A,House,Toolroom Trax,2026-03-13,GBJAJ2600279,come to me - thomas newson,
203608,126,6A,House,Altra Moda,2026-02-27,NLML62600036,love is the answer - guz,
203638,73,11A,Techno (Peak Time / Driving),Amphibian Records,2025-12-18,CH6542399977,dust - kennykrazyworld,
203907,132,9B,House,PVCLB,2026-07-31,GBKQU2676044,atipic affairs - cuba,
203951,120,8A,Indie Dance,Meant Records,2026-04-24,FRP9G2600002,try again (feat arthur johnson) - archivist,
203952,125,7A,Indie Dance,Nervous Records,2025-10-31,USNRS2544385,instagram - møsard,
203955,125,2B,Indie Dance,Phisica,2025-02-28,GBKQU2514291,"ya no estoy sad :( - madhouse, saash, adrian bluper",
203956,123,9B,Indie Dance,Lumière Noire Records,2024-10-04,FR9W12441340,shame shell - remain,
203957,120,4B,Dance / Pop,Meant Records,2025-12-12,FRP9G2500006,black hall (feat lena) - did virgo,
204015,122,11B,Ambient / Experimental,Mord,2025-11-28,NLCK42516250,rhythm zero - chloe lula,
204050,139,9B,Techno (Raw / Deep / Hypnotic),Divine Nature,2025-05-27,NLCK42507699,rhythm (edit) - katnada,
204125,145,8A,Techno (Raw / Deep / Hypnotic),Mutual Rytm,2023-06-02,DEH742312109,dusty lick - lars huismann,
204686,123,10A,Pop,Warner Records,2019-11-29,USRH11902859,lady cab driver (2019 remaster) - prince,
204731,135,8A,Tech House,Club Bad,2023-01-27,GBJX32378003,el carpintero (extended mix) - thomas garcia,
204817,142,10A,Techno (Raw / Deep / Hypnotic),KYSH,2024-09-20,NLCK42415428,add this to your layer - kaiobarssalos,
204889,117,9B,House,Jam-On Recordings,2007-05-22,USCCK0710007,secrets of the nile - push/pull,
205440,144,12A,Bass House,Kode Fervo,2025-07-11,QZWV32534965,yo te quiero - ananda,
205520,145,6B,Techno (Raw / Deep / Hypnotic),Planet Rhythm,2025-08-01,NLRD52503009,snake eyes - dawn razor,
205853,139,8A,Techno (Raw / Deep / Hypnotic),Primary Colours,2020-08-28,DECH62000219,very being (cv313 spring fling dub) - mike schommer,
205854,119,8A,Techno (Peak Time / Driving),ETUI Records,2017-04-28,DEED40600195,wjnter - monomood,
205855,114,1B,Techno (Raw / Deep / Hypnotic),Ranges,2021-12-31,DECH62000999,augmented reality (reshape) - hydergine,
205856,126,6A,Techno (Raw / Deep / Hypnotic),Ranges,2021-07-23,DECH62000729,"decryption - ohm, el choop",
205857,65,9A,Techno (Peak Time / Driving),Delsin Records,2009-05-04,NLM790900009,for my mr (steve rachmad remix) - quince,
205859,128,5A,Techno (Raw / Deep / Hypnotic),Van Bonn Records,2021-10-08,DECY52101436,"adrift (steve o'sullivan remix) - van bonn, tim kossmann",
205860,124,6A,Techno (Raw / Deep / Hypnotic),Primary Colours,2022-06-10,DECH62001113,chordiology (luke hess remix) - resoe,
205875,125,6A,Progressive House,Stil Vor Talent,2019-05-24,DEXO11932259,escape - d-nox,
206119,107,1A,Psy-Trance,Future Music Records,2018-06-04,DKZVA1861847,sahara - astrix,
207098,66,8A,House,XL Recordings,2026-07-24,GBBKS0200730,love story (original version) - layo & bushwacka,
207162,130,12A,Minimal / Deep Tech,Heavy House Society,2024-09-27,GBKQU2483668,rock the beat - robbie doherty,
207188,87,7B,Drum & Bass,Positiva,2024-10-25,GBUM72405427,"push the tempo - sub focus, katy b",
207202,129,9A,Dance / Pop,SOLOTOKO,2024-10-25,US38Y2426170,"somedays (marten hørger remix) - sonny fodera, d.o.d",
207203,125,6B,Dance / Pop,Scarlet Tiger (LG105),2024-12-06,USA2P2463153,"double caper - bubble love, ross from friends",
207204,124,6B,Dance / Pop,Future Classic,2024-11-01,AUFF02400196,"we could be love (fideles remix) - hayden james, ar/co",
207206,132,6B,House,Lilly Era (DE),2024-10-25,DEH742435051,living on love - alex adair,
207207,128,12A,Tech House,4000Hz Records,2024-10-25,DGA0L2406261,jump n twist - jaded,
207210,130,3A,House,SMIILE RECORDS,2024-11-15,QMDA62455623,"b somebody - chloé caillet, sg lewis",
207212,128,6B,House,Toolroom,2025-02-28,GBJAJ2401401,my trust - josh hunter,
207213,135,7A,Dance / Pop,Glasgow Underground,2024-11-08,GBPQS2400392,"sugarcane - kevin mckay, ceres",
207214,124,8A,Dance / Pop,D4 D4NCE,2024-11-01,GBCPZ2424047,temptation (night mix) - eden prince,
207216,128,11A,House,Process Records,2024-11-01,QMDA72417785,it's a party (prx002) - dombresky,
207218,131.2,,"",,,NL9KQ2390568,"loveline (extended mix) - byor, joki",
207219,127,4A,Tech House,TMRW Music,2024-10-31,AUNV02400179,"just like that - dave winnel, the melody men",
207222,122,3B,Afro House,UMC (Universal Music Catalogue),2024-11-08,GBUM72406103,"murder on the dancefloor (themba remix) - sophie ellis-bextor, themba",
207224,125,7A,Melodic House & Techno,Ultra,2020-06-12,USUS12000337,the final (mixed) - boris brejcha,
207225,122,6A,Afro House,Universal Music GmbH,2024-11-08,CHUM72400201,alelele - natascha polké,
207226,129,8B,Dance / Pop,Good Timin',2024-11-08,CAOJ22400011,waste of time - jex opolis,
207228,127,2A,Dance / Pop,Relentless Records,2024-09-13,GBARL2401702,i found you (afro house edit) - switch disco,
208145,122,6A,Afro House,Calamar Records,2023-10-06,GBKQU2386540,nobody (extended mix) - re\mind,
208175,123,6B,Progressive House,Thunderlab Collective,2024-09-20,DEY032402792,"luna amazonia (pm mix - edit) - volen sentir, proff",
208267,124,7A,Trap / Future Bass,London Music Stream/Because Music,2017-12-15,GBAMY9700117,"you are the universe (roger's universal 7"" edit) - the brand new heavies",
208273,112,8A,Electronica,Italians Do It Better,2007-10-13,USL840710025,beatific - glass candy,
208274,121,5B,Nu Disco / Disco,Domino,2020-09-02,GBCEL2000419,beginning (teed remix) - la priest,
208275,125,7A,Minimal / Deep Tech,Moodmusic,2006-03-20,DECK20600004,through - common factor,
208276,122,5A,Indie Dance,LAGA Records,2026-01-23,GXJBK2624732,quente (ben gomori's smoke show remix) - mon qalamari,
208277,114,5B,Deep House,Meda Fury,2014-04-07,BEZ351400023,ny ny - takuya matsumoto,
208278,122,8A,Deep House,Meda Fury,2014-04-07,BEZ351400024,requiem - takuya matsumoto,
208351,130,9A,Indie Dance,Armada Music,2026-04-17,NLF712601821,everybody (extended mix) - tensnake,
208789,127,5A,Melodic House & Techno,Afterlife Records,2018-09-07,DEEC31850131,22 - mathame,
208802,118,7B,Indie Dance,Feines Tier,2022-12-09,DEPQ61600475,latewood (conga fever's seksi disco remix) - johannes klingebiel & conga fever,
208864,154.7,,"",,,QZMHP2358881,paranormal decorporation - axciid,
208973,114,12B,Indie Dance,Prins Thomas Musikk,2025-12-05,DECY52500830,denpasar til bangkok - prins thomas,
209068,98,12A,Rock,EMI MUSIC JAPAN INC.,2004-04-01,JPTO08510230,nagisa moderato - masayoshi takanaka,
209069,108.2,,"",,,JPPC07950573,mayonaka no door~stay with me (single ver.) - miki matsubara,
209072,114,9A,Pop,Sony Music Direct (Japan) Inc.,2013-07-24,JPBV08300012,just a joke - yurie kokubu,
209074,128,12B,Pop,Sony Music Direct (Japan) Inc.,2017-03-08,JPSR07712640,hold me tight - rajie,
209075,125,4A,Pop,Sony Music Direct (Japan) Inc.,2023-02-02,JPAL08201150,love shower - minako yoshida,
209076,126,7B,Pop,Sony Music Direct (Japan) Inc.,2023-02-02,JPAL07800940,let's do it - minako yoshida,
209333,122,10B,Afro House,SoulMotis,2025-07-11,SMA022500029,dreaming (david morales remix) - ameer brooks,
209340,124,7A,Dance / Pop,Tambor Music,2022-07-22,GBENT1696044,"don't look away (david morales mix) - afro warriors, dorivaldo mix, miranda nicole, david morales",
209341,128,,"",,,GBCPZ0803372,roots (torre remix) - copyright,
209342,120,4A,House,Quantize Recordings,2026-03-06,UKF4C1602936,"let god work (original mix) - wayne williams, dj spen",
209343,125,9A,Afro House,TEQ and SOL,2024-11-15,QMZR22400004,every time i close my eyes - harry soto,
209344,123,12B,House,Bedrock Records,2023-11-17,SMA022000027,"maka (david morales diridim mix) - david morales, timmy regisford",
209385,127.1,,"",,,USSF70600322,optimistic (d'ambrosio & tappert club remix) - bobby d'ambrosio,
209427,123,12B,House,Bedrock Records,2023-11-17,SMA022000002,"show love (diridim mix, pt. 2) - david morales",
209439,126,8B,House,DIRIDIM,2022-02-24,SMA022100157,"never give up (instrumental mix) - david morales, michelle perera",
209440,123,10A,Afro House,DIRIDIM,2022-10-20,SMA022200051,"heartbeat - david morales, tiger wilson",
209441,124,3A,Afro House,DIRIDIM,2022-05-05,SMA022200026,"voodoo (vocal mix) - david morales, michelle perera",
209443,123,5A,Afro House,DIRIDIM,2022-02-24,SMA022100135,no boundaries (extended mix) - david morales,
209445,122,5A,House,DIRIDIM,2022-04-21,SMA022100136,"life is a song (ol' skool extended mix) - david morales, michelle perera",
209476,123.9,,"",,,SMA022000029,"maka (david morales nyc mix) - david morales, timmy regisford",
209479,123,12B,House,Bedrock Records,2023-11-17,SMA021900114,"nini, pt. 1 (diridim mix) - david morales, timmy regisford",
209508,124,12A,House,Launch Entertainment,2020-07-17,USJVZ2000401,dirty socks (main mix) - saliva commandos,
209522,127,5A,House,Glitterbox Recordings,2024-07-19,GBCPZ2423499,joy (david morales classic club mix) - kathy brown,
209523,130,12B,House,Defected,1999-04-13,GBCPZ0200753,don't give up (k klass club mix) - kathy brown,
209525,127,6A,House,Wh0 Plays,2022-02-11,DEAU50501103,love you feel (original mix) - soul avengerz,
209526,111.1,,"",,,,(keep in touch) body to body - shades of love,
209529,128.1,,"",,,CAC221300059,loved me back to life (la vie en stereo radio edit - david morales) - céline dion,
209612,83,9A,Nu Disco / Disco,Late Night Tales,2012-03-26,USAR42200007,people make the world go round (lp version) - the stylistics,
209673,123,8A,House,DIRIDIM,2022-01-27,SMA022100148,"what can i do - david morales, blondewearingblack",
209707,126,8B,House,DIRIDIM,2022-02-24,SMA022100127,never give up - david morales,
209774,125,5A,Afro House,Maya Records,2022-04-01,GBKQU2234235,mother africa - joeski,
209788,129,10B,Nu Disco / Disco,Big Love Music,2022-03-25,GBCPZ2120542,let love in (extended vocal mix) - dirty channels,
209813,125.1,,"",,,GBCPZ2120814,"i believe (sophie lloyd extended remix) - mark picchiotti, the absolute",
209882,125,6A,House,Afterhours,2023-12-13,QMV8X1200273,a latin summer's groove - lego,
209923,123.9,,"",,,SMA021800008,"back home (world mix) - david morales, alex uhlmann",
209924,93,10A,Afro House,Retrolounge Records,2023-01-27,US83Z2300160,arabhu - christos fourkis,
210324,131,6A,Nu Disco / Disco,Strut,2020-07-17,DEG932000861,"sabi (black fire mix) - okyerema asante, black fire, plunky",
210494,88,4A,African,Spaceship/ Bad Habit/Atlantic Records,2022-07-07,USAT22204901,last last - burna boy,
210515,98,8B,African,gamma.,2025-07-11,QZTLA2569370,"shake it to the max (tuff remix) - moliy, silent addy, sean paul",
210516,100,9A,Trap / Future Bass,Black Butter,2017-05-12,GBARL1501734,friendly - j hus,
210517,112.9,,"",,,USA2P1859769,jeune femme (low) - linky first,
210519,125,7A,Bass / Club,Enchufada,2017-07-07,PTEN11700003,sentah - mina,
210520,128,2B,House,LouLou Records,2024-02-16,QM4TW2473432,get it right (radio edit) - caique carvalho,
210521,120,7A,Hip-Hop,Play Two,2024-05-10,FR8FB2407800,spider - gims,
210591,124,8A,Deep House,Banoffee Pies Records,2026-02-13,DEG932501364,"acid jazz - soulstatejazz, tom ellis",
210676,137,5A,Techno (Peak Time / Driving),Fuxbau Records,2026-06-05,NLCK42607827,worm - memandu,
210677,71,6B,Techno (Peak Time / Driving),Diffuse Reality Records,2026-04-10,GBKQU2636622,deviate - kushkusshhh,
210679,84,1A,Techno (Raw / Deep / Hypnotic),Oura Records,2026-07-31,DEH742617092,linting - idu berg,
210681,138,7B,Techno (Raw / Deep / Hypnotic),Room Trax,2026-07-24,DEH742619245,silly move - blanka (es),
210682,66,6B,Techno (Raw / Deep / Hypnotic),Semantica Records,2024-04-19,DEH742405380,framed - translate,
210683,140,12A,Techno (Raw / Deep / Hypnotic),Spielwerk,2026-07-21,NLCK42609122,monolith - luar,
210684,138,7B,Techno (Raw / Deep / Hypnotic),KALT,2026-06-19,NLCK42608799,duel au soleil - mathys lenne,
210685,124,5B,Techno (Peak Time / Driving),Border Community,2004-08-23,GBUZD0800602,the sky was pink (icelandic version) - nathan fake,
210815,124,6A,House,Z Records,2025-09-11,GBPKF2400051,i will be strong (n.y.c. vibe) - tranceform,
210816,155.6,,"",,,QM4TW2108557,"ukiyo lounge, pt. 2 (live) - coke beats",
210817,130,4A,House,Fuse London,2023-09-08,QM7282358170,"time to dip (duncan's sherbert dip) - mr. g, duncan forbes",
210819,126,8A,Deep House,Bobby Donny,2025-02-07,UKU932483860,polygon island - prince palmer,
210820,122,9B,House,Champion Records,2009-04-06,GBBXG0720132,make the world go round (stonebridge 12 mix) - sandy b,
210902,100,6A,Nu Disco / Disco,Rhythm Section International,2024-06-21,DEG932400681,"limoux - a song for you, theo croker, moses yoofee",
211063,,,"",,,GBBBA1800143,"marazion (50.127932, -5.474548) - keynvor, sebastian plano",
211065,,,"",,,USUG12601092,in this body - sparklmami,
211066,,,"",,,US5ED2407579,southwood - harrison,
211067,114,3A,Rock,No Format,2026-06-05,FRF4P2500027,fala - fatoumata diawara,
211068,89.9,,"",,,QZ2L62600011,under the silver moon - thee marloes,
211070,135,5A,R&B,Cherry Red Records,2026-02-13,GBBZT7710136,quicksand - chain reaction,
211568,120,4B,Dance / Pop,Cheeky Records,2015-07-24,GBBXH9820010,sunday 8 p.m. - faithless,
211617,82,10A,R&B,AMA LOU 2018,2020-06-23,GBKPL1802047,wire - ama,
211618,75,7A,R&B,The Flight Club Records,2026-02-06,GBARL2501078,can't stop - sasha keable,
211619,,,"",,,GBMA21857552,april 25th - kadeem tyrell,
211620,,,"",,,TCAEK1955200,ayayai - daniela andrade,
211621,106.6,,"",,,USUM71800912,no one like you (kaytranada remix) - robert glasper experiment,
211622,79.8,,"",,,FRD9M2501740,don't wanna say goodnight - jones,
211623,104,11B,R&B,Encore Recordings,2025-08-22,QZWA32201201,head in a jar - khamari,
211624,161,11B,R&B,Atlantic/Atrium,2022-05-05,USAT22200931,let me go - ogi,
211625,94,10A,Rock,R&R Digital,2025-10-24,USA2P2546749,"company - hether, orion sun",
211626,,,"",,,QM6MZ1959368,urban jazz (live @albert hall manchester) - iamddb,
211627,97,2A,R&B,Republic Records,2023-04-07,USUG12209347,do you like me? - daniel caesar,
211628,107,6A,R&B,Republic Records,2023-04-07,USUG12209353,valentina - daniel caesar,
211714,150,7B,Electronica,PAN,2022-03-28,QMB622112803,shaolin mantis - marina herlop,
211779,114,9A,Downtempo,Mood Hut,2026-07-17,USYBL2600923,optio - gi gi,
211886,,,"",,,DEG932500445,rewild - alif hilal,
211887,139,8A,House,YEAR0001,2025-09-26,SE5AJ2202476,yttling jazz #2 (flox st.) - yttling jazz,
211888,100,4A,House,Worm Discs,2021-11-09,DEG932102949,mayday - corto.alto,
211889,119,12A,Pop,drink sum wtr,2023-06-09,QMB622300626,why my love? - aja monet,
211890,117.1,,"",,,USYBL2402333,"always late - takoda, daniel hayn",
211891,137.6,,"",,,PLU242500017,cornerstone - omasta,
211892,130.4,,"",,,USAPX1600010,song for my father - victor wooten,
211893,,,"",,,UK5FX1700201,dawn lit metropolis - ill considered,
211894,90,1A,House,International Anthem,2021-11-19,QM84B2151011,dress me in new love - ben lamar gay,
211946,,,Alternative|Pop Indé|Rock indé,,,DEX262600189,vertigo - philippe poirier,
211956,130,8A,Breaks / Breakbeat / UK Bass,Soul Quest Records,2026-04-10,GBKQU2613119,green alot - sean green,
212001,130,6B,Mainstage,SIZE Records,2026-05-22,USA2P2627952,open up your love - james carter,
212003,130,2A,Pop,Universal Music LLC,2024-10-21,KRA402000111,how you like that - blackpink,
212005,127,8B,Dance / Pop,Virgin Records,2011-05-13,GBAAA1100047,save the world - swedish house mafia,
212006,126,9A,Hard Dance / Hardcore / Neo Rave,Revealed Recordings,2025-10-03,NL8RL2556128,"brace for impact - hardwell, sub zero project",
212007,155,3B,Dance / Pop,Temper City under exclusive license to Thirty Knots,2026-06-01,QT8BV2656755,self aware - lum!x,
212008,150,5B,Dance / Pop,Arista Records,2026-05-08,USAR12600137,one two police - bunt.,
212436,75,5A,Electronica,Ghostly International,2024-05-02,US2J71904205,dream symbol - htrk,
212763,98,,"",,,USSM11301847,standing on the sun remix - beyoncé,
212943,91,3B,House,Monologues Records,2021-11-03,GBLV62103933,get to groove (jazznotic groove mix - ben gomori edit) - soulful behaviour,
212944,129.7,,"",,,QZES82173635,feels so good (jw) - dj juanito,
212945,125,4A,Dance / Pop,Strictly Rhythm Records,2026-01-28,USSR39320301,indonesia (sambal badjak mix) - circle children,
212946,127,4B,Tech House,Snatch! Records,2021-07-01,GB9UU2100042,dangerous (extended mix) - kevin knapp,
212947,124,3A,Techno (Peak Time / Driving),Unknown To The Unknown,2026-04-17,GBQLP1400629,that's what she said (dj haus remix) - bodyjack,
213034,,,"",,,QM2PV1565937,babel - no clear mind,
213035,118,7A,Ambient / Experimental,Melody As Truth,2025-07-04,UK6821909079,walk the eighth path - jonny nash,
213036,172.3,,"",,,USWH17701011,anne's song - william ackerman,
213037,154,11B,Pop,Sony Music Direct (Japan) Inc.,2017-09-13,JPSR07301730,yuudachi - isato nakagawa,
213038,,,"",,,USRC17407701,essence of your love - josé feliciano,
213039,103.7,,"",,,BRWMB2100342,será que eu pus um grilo na sua cabeça? - guilherme lamounier,
213040,90,1A,Electronica,R&S Records,2016-02-05,BEZ351500255,pink flirt - nonkeen,
213041,127,,"",,,BRROC1600011,esferas - negro leo,
213042,105,9A,Rock,Nonesuch,2007-11-09,USNO10750505,impossible germany - wilco,
213043,140,10B,Rock,Partisan / Play It Again Sam,2025-09-26,USBQU2500080,islands of men - geese,
213044,114.6,,"",,,BR6702500007,o herói vai cair - marcelo cabral,
213045,117.2,,"",,,US38Y2445302,earth 2 - unknown mortal orchestra,
213208,129.8,,"",,,ES94G2627304,rooftop - sante sansone,
213236,129,4A,House,Deeperfect,2026-03-06,ITA061302989,tasty (original mix) - chapa & castelo,
213253,129,11A,Techno (Peak Time / Driving),Damage Music,2019-05-19,DECH61900117,the path (psyk remix) - alexander kowalski,
213289,127,6A,R&B,UNI/MOTOWN,2015-11-13,USMO18100473,"can't shake your love (larry levan 12"" mix) - syreeta",
213291,129,8A,House,Strut,2012-02-20,GBAZP8400141,touch (part 4) - secession,
213292,127.2,,"",,,FRIDO2415178,music man - quai 21,
213293,120.3,,"",,,QZS7J2372420,"tempo al tempo - collettivo immaginario, tommaso cappellato, alberto lincetto",
213432,132,11B,House,Dj Warning,2025-11-18,CA5KR2603958,dirty - dj warning,
213433,130,11B,House,Potency,2025-04-03,NLL562503327,mystery bag - cromby,
213434,131.9,,"",,,USNRS2644676,drumbo's clown room - masha mar,
213856,126,9B,Dance / Pop,Skint Records,2000-11-06,GBBMQ0600011,sunset (bird of prey) - fatboy slim,
213857,,,"",,,QT6E62520906,bardi (night sounds) - iksre,
213858,,,"",,,QMBZ92306840,low light - mike nigro,
213859,127,3A,Electronica,Constellation Tatsu,2023-09-26,USA2P2341793,1000work - monokle,
213861,90.5,,"",,,USJ5G2335712,les petits gris - khruangbin,
213957,126,5B,Tech House,Armada Subjekt,2023-03-24,NLF712301237,some chants (extended mix) - thomas newson & sllash & doppe,
213958,129,10A,Tech House,Blackflag Recordings,2024-09-13,GBKQU2482112,the systems - jonathan jaramillo,
213959,130,8B,Tech House,BANDIDOS,2022-07-25,GBKQU2269146,colores - rafa barrios,
213960,125,3A,Organic House,High Quality,2025-12-24,QZG2X2512661,who we are - ramon bedoya,
214308,127,7A,Deep House,Sublease Music,2024-05-17,DEL022480012,stanton - ollie s.,
214309,123,7A,Deep House,Bondage Music,2024-06-28,DEH742419996,distingt - dachshund,
214310,124,6A,Deep House,Bondage Music,2024-05-17,DEH742415271,another story - jürgen kirsch,
214311,126,10A,Minimal / Deep Tech,La Zic,2024-09-13,GBKQU2483488,"grasp - pornbugs, frink",
214312,126,5A,Deep House,Bondage Music,2024-08-30,DEH742428573,hidden jungle - ross kiser,
214313,124,7A,Minimal / Deep Tech,Bondage Music,2024-06-07,DEH742418901,siloe - frink,
214314,126,6A,Deep House,Bondage Music,2024-08-09,DEH742427372,discordance (steve kelley remix) - lito (ar),
214315,128,7A,Deep House,Bondage Music,2024-07-19,DEH742422216,"everlasting - dilby, cristina lazic",
214316,126,6A,Minimal / Deep Tech,Framed Realities,2024-06-07,DEH742417101,realigned (pornbugs remix) - squep,
214317,123.5,,"",,,DEH742422215,"infinity (pornbugs remix) - dilby, cristina lazic",
214318,128,10A,House,PhonicHouse1 Records,2024-02-25,CA5KR2420502,flawless (mihai popoviciu remix) - mathei,
214319,127,8B,Minimal / Deep Tech,Politics Of Dancing Digital,2024-05-20,GBKQU2439964,mamma - politics of dancing,
214320,126,6A,Deep House,Bondage Music,2024-04-26,DEH742410846,allecram - pornbugs,
214321,126,9B,Deep House,Acker Dub,2024-04-05,DEU672400232,solstice - pornbugs,
214322,129,1A,Deep House,Locus,2024-05-31,FRX762439910,goddess of flowers - jesse maas,
214323,125,2A,Deep House,Bondage Music,2024-07-19,DEH742422217,"concentrate - dilby, cristina lazic",
214324,125,3A,Deep House,Bondage Music,2024-06-07,DEH742418903,conversa - frink,
214325,128,2A,Minimal / Deep Tech,Berg Audio,2024-04-19,DEH742408475,europa echoes - jay bliss,
214326,125,3A,Deep House,Bondage Music,2024-06-28,DEH742419995,invisible dub - dachshund,
214327,127,8A,Deep House,20/20 Vision Recordings,2024-05-27,DEED11000295,frantic formula - falko brocksieper,
214335,111,10B,Electronica,co:clear,2024-06-14,QZFP52411914,sour kiss - box5ive,
214336,123,12B,140 / Deep Dubstep / Grime,Infernal Sounds,2024-03-15,GBKQU2411280,reminiscence dub - quasar,
214337,81,7A,Ambient / Experimental,Balmat,2024-05-17,DEG932401106,limbo - panoram,
214338,93,4A,Deep House,Smallville Records,2024-06-21,DECY52400667,poem for the lost souls (session victim version) - lea lisa,
214339,86,7B,Dance / Pop,PMR Records,2024-09-20,QMB622422217,lungs (calibre extended remix) - ruti,
214340,100,1A,Nu Disco / Disco,XL Recordings,2026-07-23,GBBKS2300341,dovetail - charlotte day wilson,
214341,85,8B,Hip-Hop,Stones Throw Records,2024-06-14,US2S72400009,"fromhere (feat snoop dogg & october london) - nxworries, anderson .paak, knxwledge, snoop dogg, october london",
214342,120,11A,Deep House,Pacific Rhythm,2024-07-05,QZWDD2421863,left outside - zg,
214973,144,7A,Techno (Raw / Deep / Hypnotic),RI7MO,2025-05-07,GBKQU2541146,shaka - krow,
215092,84,10B,Pop,UMC (Universal Music Catalogue),2014-11-07,GBUM70501053,everybody wants to rule the world (single version) - tears for fears,
215530,71,6A,Pop,Arista,1999-06-01,USAR19900866,my life - dido,
215531,69,3A,Rock,UMC (Universal Music Catalogue),2018-04-20,GBAUP9700009,another night in - tindersticks,
215758,123,8A,House,Soulfuric Recordings,2003-01-31,USSF70200181,"deliver me (ubp vocal mix) - urban blues project, michael procter",
215985,125,7A,Deep House,Rush Hour,2015-03-23,NLM971400057,cpm - soichi terada,
216368,128,5B,Techno (Peak Time / Driving),Alula Tunes,2024-01-26,US83Z2459652,close call (greenwolve remix) - unknown concept,
216381,123,7B,Progressive House,Siona Records,2021-08-13,US83Z2126846,loona - miss monique,
216734,,,"",,,UK6822323253,moment of creation - elements of life,
216735,128.5,,"",,,QMAHS1400666,love commandments (ricky brickyno remix) - 2001 remixes,
216738,131,3A,Techno (Peak Time / Driving),Transmat,2025-03-27,BEZ350800089,r-theme - derrick may,
217210,140,6B,Hard Techno,Armada Music,1992-06-21,NLC050500115,mindtransfer (hardsurfmix) - i.q.,
217232,126,11A,House,Cleveland City,2023-08-25,UKU932260645,come with me (naked dance mix) - the badman presents n.d.x,
217539,149,,"",,,NLS240601084,keep it going now - black knight,
217785,90,4B,Dance / Pop,CL&MT,2025-10-01,NLS242200179,your smile (happy hardcore edit) - charly lownoise & mental theo,
217958,134,8A,Techno (Peak Time / Driving),Music Man Records,1990-03-01,BEN582000628,sonar system (speedy j mix) - meng syndicate,
218004,129,8A,Breaks / Breakbeat / UK Bass,Liquid Stairs,2020-10-13,GB8KE2054363,kaleidoscope (2020 remaster) - rotor,
218756,142,4A,Techno (Raw / Deep / Hypnotic),Grab The Groove,2025-05-02,DEH742505577,machine learning - jan fleck,
218757,144,9A,Techno (Peak Time / Driving),POST PARANOIA,2024-10-10,NLCK42415956,third ear - post paranoia,
218758,111,10A,Hard Techno,Out Rage Records,2022-07-29,DEH742216558,die unverstandenen - mython,
218759,144,3A,Techno (Raw / Deep / Hypnotic),Special Series,2026-01-02,NLRD52503390,distressful silence - mäuk,
218760,143,8A,Techno (Peak Time / Driving),BEAU,2025-12-19,NLCK42520031,clips - beau didier,
218761,145,9A,Techno (Peak Time / Driving),SPLITCHECKS RECORDINGS,2025-09-12,QZZ8A2502221,brand new mirror - lake hills,
218777,162,5A,Electronica,WSNWG,2026-02-20,DEYS32601801,"intergalactic announcement - vril, rødhåd, out of place artefacts",
218778,139,10A,Techno (Raw / Deep / Hypnotic),Prima Materia,2025-01-10,NLCK42500576,hyperloop static (louis the 4th remix) - volyk artem,
218779,140,9A,Techno (Peak Time / Driving),BCCO,2024-06-14,DEPI82433223,fuel - mython,
218780,141,10A,Techno (Raw / Deep / Hypnotic),Stigma Tribale,2025-12-17,DEKB72566669,la lágrima (toru ikemoto remix) - roberto guerrero,
218819,138,7A,Techno (Peak Time / Driving),Modwerks,2026-01-22,UKXYD2000103,lila - cimadevilla,
218820,147,4B,Techno (Raw / Deep / Hypnotic),Self Reflektion,2025-03-28,NLD1U2590003,protect ya deck - off / grid,
218822,122,7B,Electronica,Room 40,2024-09-27,QM7282427823,...and clouds for company (15th anniversary edition) - lawrence english,
218996,128,4A,House,Knee Deep In Sound,2025-11-21,FRDX62509250,womp - retrouve,
219030,130,10B,Electro (Classic / Detroit / Modern),Zodiak Commune Records,2026-01-23,NLCK42519980,future wrecked - signal 72,
220057,102,8A,Electronica,Heels & Souls Recordings,2023-07-28,UKU932380231,chasin' the rain - flair,
220642,128,12A,Mainstage,ClubSound,2012-02-17,GBCPZ0100413,no problem (dub mix) - wawa,
221283,122,3B,Nu Disco / Disco,Boogie Brunch Records,2026-04-10,GBKQU2616116,love unlimited - goodisco,
221472,105,,"",,,BEN581300502,zsa zsa (psychemagik remix) - blamma! blamma!,
221549,130,8A,Techno (Raw / Deep / Hypnotic),Token,2017-12-01,BEN581700658,"catharsis - oscar mulero, inigo kennedy",
221785,103,11B,Techno (Peak Time / Driving),Digital Structures,2025-12-19,US83Z2570723,f__k with the android (miles from mars 2025 remix) - electrypnose,
221818,109,4A,R&B,Island Def Jam,2018-12-07,USMR18489030,she's strange - cameo,
221819,86,8A,Indie Dance,Leng Records,2014-07-07,GB7RM1400002,the sandpiper (psychemagik remix) - 40 thieves,
221820,116,2A,Electronica,DFA Records SC Distribution,2007-10-30,US4GE1100037,hold on - holy ghost!,
221821,109,4A,Rock,Edsel,2026-04-17,GBAFR7910095,hit me with your rhythm stick - ian dury & the blockheads,
221849,103.1,,"",,,UKACT1864415,take it easy - perry day,
221879,,,"",,,ITO0P9800639,om mani padme hum - sahib shihab,
221893,119,3A,Nu Disco / Disco,Legacy Recordings,2015-03-06,USBR17800014,it's a better than good time (full extended mix) - gladys knight & the pips,
221903,96,1A,Pop,Parlophone UK,2006-09-25,GBAYE7800710,living in the jungle - john tropea,
221977,118,5A,Indie Dance,Compost,2014-01-24,GB2DY1500095,"love honey, love heartache - man friday",
222049,105,9A,Indie Dance,Claremont 56,2018-06-01,GBSWL1800004,"janet 50 (i:cube remix) - smith, mudd",
222050,120.1,,Reggae,,,GBQW91700093,going back where i belong - nichola richards,
222051,118,3A,Deep House,Entrepôt Records,2020-10-16,DEY472086131,untitled track 11 - uc beatz,
222052,110.8,,Jazz|Latino,,,QM4TX2335688,el mercado - alex rodríguez,
222131,121.5,,"",,,USWB11004288,my best friend's girlfriend - marcus miller,
222132,123,5A,Dance / Pop,Venusnote Ltd.,2013-07-03,GBAJH0401733,enjoy the silence (timo maas extended remix) - depeche mode,
222134,110,6A,Hip-Hop,Schema Records,2019-05-24,ITO0P0601138,this is what you are - mario biondi,
222136,101,8B,Electronica,Isle of Jura,2018-01-05,ES8741824111,anambra (edited version) - ozo,
222137,111,3A,Dance / Pop,fabric Records,2020-03-27,GBBCK1701109,ain't no stopping us now - risco connection,
222246,83,10A,Dance / Pop,Columbia (Sony),2019-04-09,USSM19600050,how many mics - fugees,
222636,95,5A,Dance / Pop,Mark's Music,2017-04-21,GBCCM0410413,spellbound - rae & christian,
223191,92,1B,Techno (Raw / Deep / Hypnotic),Molecular Recordings,2024-11-15,DEH742435236,xx 20 b1 - fixeer,
223344,111,4A,Techno (Raw / Deep / Hypnotic),Figure,2022-05-06,DECY52200429,you cannot hurt me (long version) - arthur robert,
223345,115,9A,Techno (Raw / Deep / Hypnotic),Token,2022-11-25,BEN582200413,atlantis - kr!z,
223346,140,9A,Techno (Raw / Deep / Hypnotic),Molecular Recordings,2023-01-27,DEH742230503,knot theory - klint,
223347,144,6B,Techno (Raw / Deep / Hypnotic),DkN Selections,2023-04-07,DEH742304528,executive function - linear system,
223348,139,10A,Techno (Raw / Deep / Hypnotic),Utopia Society,2024-04-16,GBLV62312933,hip shaker - takt,
223349,140,2B,Techno (Peak Time / Driving),PACE,2021-03-19,DEY472172337,perspective - lhvb,
223350,140,11A,Techno (Raw / Deep / Hypnotic),Molecular Recordings,2023-12-08,DEH742329552,submersion - falling echoes,
223351,139,6A,Dance / Pop,Globoffcorp,2024-02-07,CH6542402521,prayer - dj handikap,
223382,135,12A,Techno (Raw / Deep / Hypnotic),Nachtstrom Schallplatten,2025-09-05,QMDA72570039,asta - bartig move,
223559,138,9A,Techno (Raw / Deep / Hypnotic),Transcendent,2021-01-18,NLH8Z2100003,transient vesicle fusion - versalife,
223924,126.6,,"",,,TCAGF2284758,mentira - maría karunna,
223983,124,2A,Melodic House & Techno,Innervisions,2025-03-14,DEEC31810609,"raiva - trikk, meute",
224578,135,5A,Techno (Peak Time / Driving),Arsenik Records,2021-05-17,SE5852102101,minimal shit - kuf,
224598,124,10B,Techno (Raw / Deep / Hypnotic),Balders Audio,2025-05-05,DEK602510103,chain (original mix) - joachim spieth,
224616,120,6A,Rock,Rhino/Warner Records,2015-08-28,USWB19900751,long train runnin' - the doobie brothers,
224784,126,5B,Nu Disco / Disco,Legacy Recordings,2014-04-11,USRC18704371,intro (house in e-flat minor) - j.m. silk,
224906,117,9B,Deep House,Easy Street Records,2010-08-06,USESR0275253,ma foom bey (special zzb version) - cultural vibe,
225290,120,8A,House,Club Chi'll Records,2020-09-18,UKACT2031629,human condition - jungle wonz,
225329,158,5A,Latin,Vitória Regia Discos Ltda,2025-04-01,BRVRD0500006,imunização racional (que beleza) - tim maia,
225346,105,8A,Trap / Future Bass,Island Records,2019-03-15,USPR37307321,fencewalk - mandrill,
225420,99,4A,Electronica,Blue Note Records,2014-08-27,USBN27300034,jasper country man - bobbi humphrey,
225609,94.6,,"",,,USBB10200370,give peace a chance - louis armstrong,
225643,110,8B,Electronica,Soundcolours,2017-04-07,UK8SW7000017,talva lumi (apiento remix) - cantoma,
225774,,,"",,,USHM22569861,backseat queen (boss version) - nvst,
225859,,,"",,,DEOB62601086,montana interface - mpu101,
225861,107,4A,Electronica,Short Span,2026-08-03,GXGYE2600001,acquiescence - eden aurelius,
225959,106,8B,Electronica,Livity Sound Recordings,2017-05-26,GBRYX1700197,burning sea - peverelist,
225961,140,9B,Electronica,Noise Pollution Recordings,2025-06-04,FRX202576481,accidents are unexpected - r-010,
225962,104,8A,Breaks / Breakbeat / UK Bass,Terminal Dusk,2008-01-17,CAAD20910013,"keep on truckin - cardopusher, atki2",
225963,113,10A,Bass / Club,no.id,2023-09-01,BENC52300002,jw12 - freq444,
225964,83,8B,Breaks / Breakbeat / UK Bass,Intercept,2022-03-04,NLC7F2200025,blue margarita - small crab,
225965,90,6B,140 / Deep Dubstep / Grime,Black Teeth Records,2021-01-10,GB8KE2057505,intruder - artroniks,
225966,145,12A,Bass / Club,Dionysian Mysteries,2024-06-13,NLCK42405135,see the light (hodge remix) - nouveau monica,
225967,148,5A,Techno (Peak Time / Driving),tactual,2024-05-10,DEH742414431,non verbal - lfl,
225968,131,9A,Electronica,Earful of Wax,2023-02-10,GX8LK2200005,warp - em + stav,
226276,130,8B,Electronica,Audika Records,2023-06-23,USAK21600148,not checking up - arthur russell,
226388,110.6,,"",,,NL8RL2522518,"intro - mary sue, clementi sound appreciation club",
226389,,,"",,,NL8RL2508178,"oracle bone script - mary sue, clementi sound appreciation club",
226390,195,8A,Electronica,Do Hits,2019-10-11,FR96X1926770,taihe blues - howie lee,
226391,80,,"",,,NL8RL2522514,"crabs - mary sue, clementi sound appreciation club",
226392,110.1,,"",,,THW090400241,made in thailand (instrument) - carabao,
226393,,,"",,,NL8RL2522505,"mosquito - mary sue, clementi sound appreciation club",
226394,,,"",,,QMFMF1429541,music of the taoist ceremony - wu yuxia,
226395,,,"",,,NL8RL2522512,"tiger and the ceiling - mary sue, clementi sound appreciation club",
226396,,,"",,,NL8RL2516124,"minesweeper - mary sue, clementi sound appreciation club",
226397,,,"",,,NL8RL2522506,"thief and the bell - mary sue, clementi sound appreciation club",
226398,119,7A,Hip-Hop,Universal Records,2021-10-22,USUM72119661,dirty! - jpegmafia,
226399,135.2,,"",,,GBE8H1807012,third shoe - rezzett,
226400,134,1A,Breaks / Breakbeat / UK Bass,Hyperdub,2015-09-30,GBLZC1300111,chance of rain - laurel halo,
226401,87,7A,Dance / Pop,Unknown,2018-03-29,NLM971800063,the missing evidence - lolina,
226605,85,7B,Rock,Omnivore Recordings,2023-10-02,QMWHB2221965,magnet (the tour and other things version) - nrbq,
226615,133,2A,UK Garage / Bassline,Bubble,2024-11-22,AUQ0L2406601,like this - somersault,
226616,147.1,,"",,,GBWUL2622831,los pollos - eletronic pulse,
226617,105,6A,UK Garage / Bassline,Beatwise Recordings,2024-04-04,BRY4R2400002,avisa - cesrv,
226618,129,1A,UK Garage / Bassline,Hardline Sounds,2024-04-11,GBKQU2435484,back in the spot - milion,
226619,94,7A,Tech House,This Ain't Bristol,2021-07-09,GBKQU2167227,"like dat (extended mix) - marc spence, dr love",
226664,110,6A,House,First Word Records,2018-06-29,GBMCZ0601181,it's about who you know - kaidi tatham,
227036,98,5A,Hip-Hop,Virgin Catalogue,2003-03-01,GBAAA9901501,don't be a fool - loose ends,
227512,,,"",,,QZK6F2358154,budakkawan - hulubalang,
227733,129,,"",,,PEZM91801048,young people - we all together,
227734,98.2,,"",,,GBAWA6573279,i'm not sayin' - nico,
227736,134.7,,"",,,USBR16600012,you're a big boy now - the lovin' spoonful,
227737,123,7B,Dance / Pop,Streaming Only,2014-08-29,ES31E2415042,the monkey - dave bartholomew,
227738,134.9,,"",,,US2392600023,no more - jon spencer,
227739,92,8A,Hip-Hop,AOI Records,2023-03-03,QMMEH2200209,oooh / ghost weed skit 01 - de la soul,
227740,90.9,,"",,,USQE11610111,you showed me (remastered) - the turtles,
227741,,,"",,,CH2702305120,swell - anna webber,
227742,137,,"",,,TCAIS2475638,sad girls - rat paws,
227743,91,11B,Pop,Geffen,2019-11-01,GBF087300187,the other side of life - dusty springfield,
227744,,,"",,,GBCEL0700137,jaundice - sebadoh,
227745,,,"",,,QMRAT2300132,"i don't see it - cecilia lopez, ingrid laubrock",
227746,91,4A,R&B,Goff Records,1990-01-01,USGV60710508,cat in the hat - little benny & the masters,
227747,91,4A,R&B,Goff Records,1990-01-01,USGV60710509,do it fluid - little benny & the masters,
227748,97,10A,R&B,Goff Records,1990-01-01,USGV60710510,back it up - little benny & the masters,
227929,97,1A,Breaks / Breakbeat / UK Bass,Electromenager,2024-11-21,FRDX62407140,selobrate! - king softy,
228021,102,6A,Bass / Club,Timedance,2022-12-30,UK9C21900009,bruxis - air max '97,
228156,130.1,,"",,,QM8DG2550874,a ginga tia maria produções - dj bboy,
228436,135,1A,Mainstage,fabric Records,2024-07-09,GBUM72403615,break it down (on the bassline) - confidence man,
228458,131,4A,House,High Fashion Music,1992-05-08,NLP431700284,88 to piano (terrif x mix) - mainx,
228462,105,11A,Drum & Bass,Formation Records,2019-02-18,GBKZG1600284,incredible bass (slipmatt remix) - oaysis,
228513,,,"",,,FR10S1646118,drop this - 4-mega,
228642,95,12A,Techno (Peak Time / Driving),CL&MT,2025-10-01,NLS241502996,ultimate sextrack (bass d & king matthew remix) - charly lownoise & mental theo,
228645,160,11A,Hard Dance / Hardcore / Neo Rave,BEAT Music Fund,1997-01-01,NLC050201419,bang the drum - altar of sacrifice,
228855,104,5B,Techno (Peak Time / Driving),CL&MT,2025-10-01,NLS241502787,the bird (original mix) - charly lownoise & mental theo,
229097,101,8B,UK Garage / Bassline,Keysound Recordings,2014-03-17,GBZSL1300043,swingin' (ldn mix) - wen,
229374,120,8A,Tech House,Black Turtle Records,2020-03-11,ES98I2000201,barrington levy (original mix) - tony vasquez,
229375,84,2B,Hip-Hop,CM/Republic,2008-08-19,USUG12309942,mrs. officer (sped up) - lil wayne,
229377,104.9,,"",,,TCADZ1816164,police national - boutcha bwa,
229378,114,2B,Bass / Club,studio LABOUR,2024-04-12,DECY52400380,deviant eyes - asmara,
229379,118,7A,Hip-Hop,Roc-A-Fella,2018-07-18,USDJ20400072,the new workout plan - kanye west,
229380,121,4A,Pop,Jive,2007-11-23,USJI10600478,lovestoned / i think she knows interlude - justin timberlake,
229381,126,12A,Dance / Pop,Parkwood Entertainment/Columbia,2022-07-29,USSM12206242,america has a problem - beyoncé,
229382,127,,"",,,USLD90805113,bed medicine - eric bellinger,
229383,71,6B,Hip-Hop,Columbia (Sony),2023-03-31,USQX92102132,"wusyaname - tyler, the creator",
229469,,,"",,,UKU932582709,all that you hold dear - henry greenleaf,
229470,140,10A,Dubstep,Dimeshift,2024-10-02,UKU932482794,exchange - illegal shipment,
229472,140,6A,Bass / Club,Mid:night Cut,2024-06-14,GBKQU2450412,"no drama - oddkut, logan_olm",
229473,84,7A,Electronica,Jarreau Vandal / EMPIRE,2023-05-05,QM6N22340332,dance for me - jarreau vandal,
229474,145,2A,Hip-Hop,Noah's Ark BV,2026-07-30,NLG662600341,baff baff - yung felix,
229475,105,7A,140 / Deep Dubstep / Grime,Hardrive,2017-07-21,GBHLW1702946,lyrical weapon (instrumental) - terror danjah,
229543,131,6A,Minimal / Deep Tech,UNLISH,2026-05-29,GBKQU2654743,can't touch us - alisha,
229655,132,11A,Bass / Club,BAMBII,2024-07-24,GBMVH2400470,spit - bambii,
229656,127,12A,Nu Disco / Disco,DistroKid,2021-05-03,QZHN52140501,tom tom - mulatoh prod,
229657,80.8,,"",,,QZFZ62302315,"gadé sa - mikado, yozo",
229658,161.9,,Pop|Pop internationale|Variété Internationale,,,TCAHY2416806,hé baby - flw,
229729,155,12A,Bass / Club,Soundway Records,2025-05-09,GBUQH2400105,bouyon beam - shazdown mmw,
229943,156.6,,"",,,NLS240601083,bring the basze - black knight,
229944,148,5A,Hard Dance / Hardcore / Neo Rave,BEAT Music Fund,1997-07-01,NLS240601079,leaders of the new school - boom-bastic,
229946,154,1A,Hard Dance / Hardcore / Neo Rave,BEAT Music Fund,1997-01-01,NLC050201415,top of the 40 - attic & stylzz,
229948,89,2A,Techno (Peak Time / Driving),Basic Beat,2014-12-01,NLDB91400036,hardcore to the bone - refraction,
229949,117,8A,Electronica,Zolex Records,2021-07-23,BEZ452102916,beautiful inside (original mix) - zolex presents carat trax,
229974,90,9B,Hard Dance / Hardcore / Neo Rave,BEAT Music Fund,1994-01-01,NLS240601173,reality is a nightmare (south of heaven mix) - warlock,
230000,90,12B,Techno (Peak Time / Driving),CL&MT,2025-10-01,NLS241502748,get free (original mix) - charly lownoise & mental theo,
230001,96,7B,Dance / Pop,CL&MT,2025-10-01,NLS242200183,once again - charly lownoise & mental theo,
230002,87,9A,Dance / Pop,CL&MT,2025-10-01,NLS242200186,dj fuck (bass-d & king matthew remix) - charly lownoise & mental theo,
230003,92,7B,Dance / Pop,CL&MT,2025-10-01,NLS242200187,speedcity (m-jay & dan vee remix) - charly lownoise & mental theo,
230004,164,8B,Hard Dance / Hardcore / Neo Rave,Cloud 9 Dance,2017-03-03,NLS241502993,together in wonderland (hardcore mix) - charly lownoise & mental theo,
230005,87,9B,Dance / Pop,CL&MT,2025-10-01,NLS242200194,motherfuck (1996 remix) - charly lownoise & mental theo,
230006,85,7B,Techno (Peak Time / Driving),CL&MT,2025-10-01,NLS241502725,angels in your head (original mix) - charly lownoise & mental theo,
230007,95,9A,Dance / Pop,CL&MT,2025-10-01,NLS242200181,skills (straight mix) - charly lownoise & mental theo,
230008,89,4B,Dance / Pop,CL&MT,2025-10-01,NLS242200191,verrotted (stunned guys remix) - charly lownoise & mental theo,
230009,100,2A,Dance / Pop,CL&MT,2025-10-01,NLS242200190,gabberfood (step on stage mix) - charly lownoise & mental theo,
230010,89,8A,Techno (Peak Time / Driving),CL&MT,2025-10-01,NLS241502737,descontrolla (original mix) - charly lownoise & mental theo,
230011,95,3A,Dance / Pop,CL&MT,2025-10-01,NLS242200182,hardcore dance (sydney remix) - charly lownoise & mental theo,
230117,86,6A,Hard Dance / Hardcore / Neo Rave,BEAT Music Fund,1994-01-01,NLS240601175,ultra hard frequencies - warlock,
230216,150,11B,Hard Dance / Hardcore / Neo Rave,BEAT Music Fund,1993-01-01,NLS240601156,is it acceptable? - wasteland,
230356,162.1,,"",,,GBUM72101913,across the universe (1970 glyn johns mix) - the beatles,
230433,93,11B,Electronica,Paradise City,2020-12-11,DKCW51200405,luna - ganga,
230450,105,6A,Rock,Ryko/Rhino,2006-07-11,USRY20515575,"razor's edge 12"" version - defunkt",
230550,95,6B,Electronica,InFine,2007-06-25,FRT090600019,waati - donso,
230560,98,9A,House,ON-U Sound.,2015-06-01,GB5P51800273,pursuit (underpulse motion dj edit) - african head charge,
230563,128,7A,Rock,Avenue Records,2020-11-19,USRHD0703027,lonely feelin' (live version) - war,
230564,115,9A,Nu Disco / Disco,Universal Music Enterprises,2018-02-23,USMC17801454,i'm glad you're mine - davis import,
230565,123,,"",,,DEX170522805,a spectacle - can,
230566,152.2,,"",,,USAT20180803,cosmic messenger - jean-luc ponty,
230567,103,8A,R&B,A&M,1994-04-19,USAM18990005,sister rosa - the neville brothers,
230568,106,10A,R&B,Capitol Records,2004-05-18,,"joy and pain (remastered 2004) - maze, frankie beverly",
230812,111.1,,"",,,GBUM70802358,"exuma, the obeah man - exuma",
230935,128,6A,Rock,ZTT Records,2022-03-18,GBUM72108902,dreaming in colour (wet dream) - the art of noise,
230936,101,9A,Electronica,International Feel Recordings,2017-04-21,BEN581700043,my past is your future - talamanca system,
230937,104,3A,Indie Dance,Rekids,2010-06-20,GBLTF1000041,a little bit more - toby tobias,
230938,98,8B,Indie Dance,Is It Balearic..? Recordings,2014-01-22,USEVB5500128,right on (mushrooms project remix) - 9dw,
231224,92,7B,Trap / Future Bass,RCA Records Label,2017-02-09,GBARL1600556,dywm - nao,
231226,94,10B,Nu Disco / Disco,Numero,2016-10-14,UK8D41406101,if you see me - 94 east,
231227,91,8A,Trap / Future Bass,Stones Throw Records,2015-08-21,US2S71557009,"smoking - guilty simpson, spacek",
231228,99,9B,Electronica,K7 Records,2017-10-20,TCAEE1931478,when will the day come (instrumental) - rasa,
231229,102.8,,Pop|Disco,,,ITU031600565,a gay time latin lover - easy going,
231230,106,,R&B,,,QMFME2021137,he's a friend - dorthy norwood,
231231,105,1A,Trap / Future Bass,Squaaash Club/RCA Records,2016-08-26,USRC11601630,fall in love - goldlink,
231232,105,3B,Deep House,Rebirth,2014-12-22,ITJ781400016,in your eyes (lay-far remix) - sander mölder,
231233,105,10A,Trap / Future Bass,Keep Cool/RCA Records,2018-07-27,QM24S1650450,touch the floor - vanjess,
231297,120,3A,Deep House,Situationism,2026-02-20,UKACT2640095,horseradish - frank situation,
231298,120,8A,Deep House,NextMoov Records,2021-06-25,GX3JK2100006,give it 2 me - jovonn,
231299,123,7B,Deep House,Elbow Grease,2026-03-06,USYBL2600569,a dub called mondo - 5 atms,
231301,127,11B,Minimal / Deep Tech,Kolour Recordings,2024-03-01,USAH92400106,"dreamin (doc martin subwarp remix) - advokkat, robert owens",
231344,131,5B,House,Hot Creations,2025-06-06,GBK6Y2525807,going down (extended) - easttown,
231345,129,5B,House,PVCLB,2024-11-29,GBLV62408057,changes - l.p. rhythm,
231347,131,2A,Deep House,ROSSI.HOME//GRXWN.,2024-03-22,UKU932480582,blue vision - vitess,
231348,131,4A,Minimal / Deep Tech,Bass Jamz,2025-05-02,GBKQU2539786,where's the party at? - j.k. rollin,
232640,117,1B,Electronica,All Saints Records,1988-01-01,USRY20517187,err - michael brook,
232641,147,8A,Organic House,Music For Dreams,2025-03-28,DKAZ72329811,through the gate - ambala,
232642,111,12B,Rock,London Music Stream/Because Music,2017-12-15,GBAAP0200186,portrait for frazer - the durutti column,
232643,126,12B,Electronica,RVNG INTL.,2023-05-26,US6PQ2300083,mercy lowlands - m. sage,
232644,,,Pop,,,CA9F42100017,the lights are different - peter culshaw,
232645,,,Electro,,,QM4TW1999333,western - charles ditto,
232646,,,Alternative|Rock|Rock Indé/Pop Rock,,,US38W1225003,maraqopa - damien jurado,
232647,93.1,,Alternative|Pop Indé|Pop,,,GBKPL1900015,axelrod - white magic for lovers,
232648,123,7A,Organic House,Fox & His Friends Records,2022-10-21,HRA4D2200010,sjećanje - nenad vilović,
232649,,,Films/Jeux vidéo|Musiques de films,,,USQX92401278,new horizon - the octopus project,
232670,88.9,,"",,,DEA311200412,moon dusk - laserdance,
232703,145,7B,Psy-Trance,Avatar Records,2020-03-04,IL1212002203,dust to dawn - jupiter 8000,
233266,124,,Pop,,,GBARL0300794,rok da house (w.e.f.u.n.k.) - the beatmasters,
233479,125,8B,Deep House,Wolf Music Recordings,2021-09-17,GB2SA2100023,make this right - ruf dug,
233516,121,6A,Electronica,Jazzman,2009-01-01,GBBCK1500832,babalonia - ricardo marrero & the group,
233518,121,8A,Nu Disco / Disco,Periodica Records,2025-05-12,ITA642500045,some lovin' - mystic jungle,
233637,141,6B,Techno (Raw / Deep / Hypnotic),Soma Records,2026-03-20,GBBVL2606991,drumtrax vol. 2 - slam,
233662,128,7B,Dance / Pop,Major Recordings/Warner Records,2025-09-26,USWB12503727,5 6 7 ate (feat lena leon) - j. worra,
233907,157,7A,Techno (Raw / Deep / Hypnotic),Room Trax,2025-04-25,DEH742511542,meeting in the dark - ben reymann,
234068,127,7A,Techno (Peak Time / Driving),Chapter,2016-09-01,GX8LE2509086,the thrill - trae joly,
234069,,,"",,,QT3TB2412607,"fina edit - del bloque, monkey junkie funky",
234070,136,4B,Latin Electronic,NAAFI,2025-09-23,USYBL2510498,hotwire - j. córdova,
234072,144,9A,Electronica,GMusic,2025-04-11,BX6IQ2500044,ghetto kiddo - holandês,
234411,128,5A,Melodic House & Techno,IPSO,2025-02-21,QM4TW2546920,"kids - kölsch, neon capital",
234720,158,9A,Drum & Bass,Armada Music,1996-04-12,GBAHS9702032,rock the funky beat (original version) - natural born chillers,
234750,95,,"",,,INCDW0001804,kalimaheshwari - bombay jayashri,
234751,121,12A,Electronica,Wonderwheel Recordings,2022-09-16,USCCW0810150,cleopatra in new york (karuan '07 remix) - nickodemus,
234752,116,8A,Electronica,Brothers From Different Mothers,2019-04-19,QM4TW1919789,hebi no tori - basses terres,
234755,122,4A,Electronica,Spazio Disponibile,2024-07-19,NLM792410006,inari dreaming - adiel,
234757,83,11A,Drum & Bass,Cat In The Bag,2024-03-01,NLCK42401783,fear - pastaman,
234758,87,4B,Drum & Bass,Influential Records,2016-02-09,GBLV61522662,try again - hired gun,
234759,102,9A,Drum & Bass,Overview Music,2021-09-24,CA5KR2199870,around me vip - klinical,
234760,161,1A,Bass / Club,Kapsela,2024-09-03,GBQLP2400531,ganzfeld (djrum remix - short edit) - objekt,
234925,95,7A,Hard Dance / Hardcore / Neo Rave,Industrial Strength Records,2020-08-19,USZUT9400308,my house - disciples of annihilation,
235082,92.4,,"",,,NLC050201293,i come from brooklyn - two terrorists,
235174,160,9A,Breaks / Breakbeat / UK Bass,Hardcore Energy,2022-07-01,GBKQU1688958,we're flying (dj vibes & wishdokta remix remastered) - future primitive,
235338,122.8,,"",,,USDYP0610012,hold me real tight (escape mix) - dubwise,
235339,143,4A,Trance (Main Floor),541,2022-06-10,DECY51902405,tremora del terra (len faki hardspace mix) - illuminatae,
235340,140,3B,Techno (Peak Time / Driving),Music Man Records,1993-01-01,BEN582000728,1-3h(n) - dr. fernando!,
235341,133,3A,Techno (Peak Time / Driving),No Respect,2013-06-07,DEP999100008,davaric - brett,
235342,67,6B,Progressive House,Nutrition,1996-06-05,NLP439600047,n-counter of the 4th kind - hole in one,
235343,149,6B,Hard Dance / Hardcore / Neo Rave,TMT Entertainment,2025-08-15,GBKQU2582200,4 windows - ajax,
235898,75,9A,Breaks / Breakbeat / UK Bass,Erbium Records,2025-12-01,CA5KR2604168,4lyfe - an avrin,
236021,161.7,,"",,,USCHR1397431,shaka special - jah shaka,
236031,150,8B,Caribbean,Echo Beach,2025-09-05,DEH262520781,sheena is a rudie now (paolo baldini dubfiles remix) - dubmones,
236032,160,12A,Caribbean,Ineffable Records,2025-08-22,QZWV32540578,all that and more - lila iké,
236119,126,6A,Minimal / Deep Tech,Micronica Records,2026-05-09,GBKQU2630482,i see it on you - daniel meister,
236185,132,10A,Tech House,Desolat,2026-02-13,GBKQU2609040,hear it - bruno furlan,
236365,127,11A,Tech House,CUFF,2019-06-28,GBKQU1947924,freakin' bitch (radio edit) - classmatic,
236366,127,8A,Tech House,CUFF,2019-06-21,GBKQU1949338,amusement (original mix) - jack whitworth,
236368,124,6A,House,LouLou Records,2019-12-20,QM6P41947360,keep on (amine edge & dance remix) - kormak,
236370,125,10A,Tech House,CUFF,2019-05-24,GBKQU1943869,dip & dip (radio edit) - allen(it),
236372,124,7B,Tech House,CUFF,2019-04-19,GBKQU1921555,"too many things (radio edit) - chicks luv us, armando (pt)",
236624,106,9B,140 / Deep Dubstep / Grime,DNO Records,2022-09-30,UKW8R2000044,disarray - kercha,
236832,128,12A,Breaks / Breakbeat / UK Bass,Voitax,2024-03-01,NLL562110707,tik tik - mxc,
236833,76,9B,Electronica,Furatena,2026-03-27,DEU672600451,electrónica disfuncional - junn,
236866,,,"",,,QM6MZ2402141,cycle of love - marucoporoporo,
236867,,,"",,,GBDCA9900028,smp-k option 2 - process,
236868,120,9B,Techno (Raw / Deep / Hypnotic),Firecracker,2017-10-27,GBQLP1600777,love lost (musephased by area) - linkwood,
236869,91,12B,Bass / Club,Well Street Records,2022-04-29,UKPXX1900045,sequoia affinis - first epoque,
236870,69,1A,Dubstep,ROW,2021-12-10,DEDU62100029,loop holes - fm pause,
236871,126,1A,Electronica,Numbers,2023-05-12,GB7CH2300002,"sisu (feat cucina povera) - perko, cucina povera",
236872,99.9,,"",,,DEX262000958,fuzil - polido,
236873,100,5A,Bass / Club,TEMET,2021-11-09,FRX452186884,a third - less-o,
237036,126,10B,Indie Dance,Hollystone Records,2024-12-20,US83Z2419898,"the only one (extended mix) - dont blink, vakabular",
237669,,,"",,,USEE11000491,hybris - andrew rudin,
237670,,,"",,,ES71G2209332,mariposas acuáticas - oksana linde,
237671,89,8B,Pop,CAPITOL CATALOG MKT (C92),2022-03-11,USUM71925782,midnight cowboy - martin denny,
237674,,,"",,,GBBPW0300337,microtronics 06 - broadcast,
237675,114,8A,Dance / Pop,RCA/Legacy,2019-09-06,USRC10400760,"astral projection - ataraxia, mort garson",
237676,150,1B,Electronica,Diagonal Records,2026-04-17,UKAFT2200245,pamela! - powell,
237677,126,1A,Rock,Geffen,2016-08-19,USMC16811191,velvet cave - silver apples,
237679,136.9,,"",,,FR10S2034565,pop corn - omar khorshid,
237680,106.1,,"",,,ITC470702093,you're so vain - dorsey dodd,
238936,96,12B,Trap / Future Bass,traverse,2025-03-21,FR59R2577900,so haub - royalbrut,
238937,139,7B,Breaks / Breakbeat / UK Bass,ratio/club,2025-06-20,FR9W12527790,bee mask - pal parallax,
238938,140,7A,Dubstep,New Moon Recordings,2014-01-13,PLE351300038,scavenger (tmsv remix) (remix) - the illuminated,
238939,105,9A,Dubstep,Boka Records,2014-03-03,GBXUN1300008,earths orbit (original mix) - compa,
239433,125,8A,Indie Dance,Bar 25 Music,2025-06-20,GBKQU2551467,promise yourself (extended mix) - oppaacha,
239476,92.4,,"",,,QMZ961113347,"mary, don't take me on no bad trip - fugi",
239656,127,10A,House,Constant Sound,2023-01-27,GBKQU2303772,the way - burnski,
239938,145,9A,Electronica,Warp Records,2008-10-27,GBBPW0800106,memoryofamomentlost - mira calix,
239939,83,10B,Electronica,Room 40,2026-01-16,QMFMG2534606,memories of sitting in a painted cave - david shea,
239940,,,"",,,UKD6M1900326,the toil of day is ebbing - laura cannell,
239941,,,"",,,BEIX82400496,solesia - anton friisgaard,
239942,118,9B,Electronica,Phantasy Sound / [PIAS],2021-11-19,GBTZZ2100009,echos de medjerda - houeida hedfi,
239943,,,"",,,NLM792610019,aspettando il tempo - matteo scaioli,
239944,172.3,,"",,,QZZ7L2447102,ave donna santissima - vox vulgaris,
239945,85,5A,Electronica,Umor Rex,2023-11-17,DEX262301330,"les cycles extatiques - andreas gerth, carl oesterhelt",
240123,138,6A,Techno (Peak Time / Driving),Bass Agenda Recordings,2013-08-05,GBKPL1363286,hanibal lectro - dwellz,
240124,137,8B,Electro (Classic / Detroit / Modern),Avoidant Records,2021-08-27,GBBVL2100131,engines of creation - carl finlow,
240125,138,9A,Electro (Classic / Detroit / Modern),Klakson,2023-07-15,NLBA31000237,ground patching - 214,
240126,70,3A,Breaks / Breakbeat / UK Bass,Breakin Records,2007-01-15,GBNVJ0600068,r.m.t.s - bass junkie,
240127,69,5A,Techno (Peak Time / Driving),Central Processing Unit,2013-06-03,GBJU21300030,cogs are turning - plant43,
240128,138,6A,Electro (Classic / Detroit / Modern),Dionysian Mysteries,2022-07-01,NLCK42215649,1 4 the team - ben pest,
240129,140,9A,Trap / Future Bass,Pandisc,1992-08-31,US54R0602624,"push it real good - dj freaky fred, mc nas-d",
240131,140,5A,Breaks / Breakbeat / UK Bass,Live From Earth,2021-02-12,DEU672100412,og loc - mcr-t,
240429,161.9,,"",,,USTB10300522,the truth - handsome boy modeling school,
240430,117.8,,"",,,ITP842600054,bad energies - de strangers,
240431,84,7A,R&B,Geffen,2021-06-25,USMC16917698,sunshine of your love - rotary connection,
240432,114.8,,"",,,USQX92302484,just cool - obongjayar,
240433,,,"",,,QZNWZ2650935,coco - gt1boiavantcsurr,
240434,,,"",,,US92U2503319,come back home - marlon craft,
240435,125,4B,Pop,Little Starlight Records,2026-05-18,ITB008700476,il cielo in una stanza - gino paoli,
240436,135.1,,"",,,USFI80700162,sleepy people (album version) - bettye crutcher,
240437,,,"",,,ITB001701073,il tempo di morire - lucio battisti,
240438,121,9A,Hip-Hop,KILL BOZO Records,2026-06-19,US39N2614660,il blues di gundabad - danno,
240439,67,8B,Caribbean,Island Records,2009-01-26,GBBBN0202090,natural progression (remastered album version) - aswad,
240440,104,2A,Nu Disco / Disco,Brainfeeder,2026-04-03,GBCFB2500644,she knows too much - thundercat,
240441,101,3B,Hip-Hop,Def Jam Recordings,2014-02-04,USUM71318982,back to the grill - mc serch,
240442,127,7A,Dance / Pop,EMI Marketing,2006-12-11,ITC530200134,db volante - motel connection,
240443,140,4A,R&B,Vibeland,2026-02-18,USZXT2658789,love n drugs - keepvibesnear,
240444,73,9A,Trap / Future Bass,Virgin Records,2000-10-03,USVI20000406,night vision (feat isaac hayes) - guru's jazzmatazz,
240445,133.1,,"",,,UKMEH2200265,love is on the mountain - chronixx,
240803,139,8A,Indie Dance,Italic,2024-10-01,DEW282200033,always something (indra dunis vocal version) - dumbo tracks,
240804,95,5B,Electronica,DowntempoLove,2023-05-05,UKR6V2381359,sin sax - mada.mada,
240805,103,5A,Organic House,Pressure POP,2022-01-21,QZDA41919662,lorenzo's forest - kusht,
240806,98,3A,Downtempo,Human By Default,2021-05-21,GBJX32005037,choo choo - upercent,
240807,100,8B,Electronica,Electrik Dream,2024-02-12,FR9W12400433,the ring (summer mixes) - zen baboon,
240808,110.1,,"",,,QZTVM2551789,malo h - verito asprilla,
240809,122,6B,Afro House,North Drum,2025-07-25,US38Y2556288,la candelaria - bontan,
240810,116,3A,Indie Dance,Big Beat Manifesto,2024-07-26,DEVH21800745,alto voltaje - colter carson,
240974,87,9B,Hard Dance / Hardcore / Neo Rave,BEAT Music Fund,1994-01-01,NLS240601176,yo dj - warlock,
241083,99,8A,Hard Dance / Hardcore / Neo Rave,BEAT Music Fund,1993-01-01,NLS241103141,achtung! (rob gee remix) - t.o.p.d.r.o.p.,
241142,105,,"",,,USZUT0800015,i made a change - lenny dee,
241265,96,6A,Caribbean,Tuff Gong,2024-02-09,GBAAN7390003,i shot the sheriff - bob marley & the wailers,
241714,130.8,,"",,,CA5KR2489910,cecilia gentili - scotia,
241996,124,,"",,,GBAHS1300521,everything you never had (we had it all) (extended mix) - breach,
241998,140,1A,Techno (Peak Time / Driving),Holoverse Research Labs,2024-03-27,QM4TX2444970,click (pangaea remix) - lost souls of saturn,
241999,135,7B,Tech House,Peach Discs,2024-06-14,UKMRM1800091,tonyo - daisy moon,
242000,128,8A,Tech House,Black Book Records,2023-04-07,QZA742306072,"nemo - armand van helden, brittles",
242001,132,11A,House,Running Back,2022-05-13,DEVY92200031,release me (base mix) - redshape,
242023,124,9B,Trance (Main Floor),Media Records,2009-11-01,DEA310907245,are you ready to move (cuhrch mix) - p.w.m.,
242024,131,2B,Techno (Peak Time / Driving),KMS Records (BEAT Music Fund),2023-07-07,NL8FJ2300034,"the savage & beyond, faces and phases (special sampler vinyl pack) - kevin saunderson, santonio",
242026,125,5B,Dance / Pop,d-zone,1991-01-01,GX3FQ9101503,nightmare - easymo,
242027,128,4B,Breaks / Breakbeat / UK Bass,iM Electronica,2021-08-26,CH6542169052,drone - automation,
242029,124,11A,House,DIKI Records Classics,2022-11-13,BEE322211082,flash two - colonel trip,
242041,90,1A,Hard Dance / Hardcore / Neo Rave,BEAT Music Fund,1994-01-01,NLCY30802979,ghost - dj gizmo,
242120,126,11A,Tech House,Trapez,2006-07-10,DEBW20600363,the docks - luke le mans,
242121,130,7A,Techno (Peak Time / Driving),Kill A Beat Records,2008-08-28,DEH740601059,like hell - c.i.t.,
242122,125,8A,Minimal / Deep Tech,Galaktika Records,2006-03-01,ESA407002850,genetica - oriol benedet,
242123,125,3A,Techno (Peak Time / Driving),Spectral Sound,2008-05-20,US2J70815902,france - kill,
242239,88,6B,Drum & Bass,Positiva,2023-01-16,GBAAP0200488,"shake ur body (original mix) - shy fx, t-power",
242719,97.6,,"",,,NLC050201023,child abuser - rotterdam termination source,
243103,146.4,,"",,,USZUT9400019,remixen - dj skinhead,
243170,105,5A,Hard Techno,Rave Muzik,2022-01-14,GBKQU2143233,red poison part 3 (redrum by stormtrooper) - the speed freak,
243171,164,10B,Hard Dance / Hardcore / Neo Rave,BEAT Music Fund,1993-01-01,NL8FJ2500040,you're finished - the undertaker,
243172,108,1B,Electronica,Fire Recordings,1994-12-01,DEN061001921,sequencer orgasm - hardsequencer,
243173,93,8A,Hard Dance / Hardcore / Neo Rave,BEAT Music Fund,1993-01-01,NLC050201015,overkill - sperminator,
243175,86,12B,Hard Dance / Hardcore / Neo Rave,BEAT Music Fund,1993-01-01,NLS241000050,get off your ass! - wasteland,
243176,168,5A,Techno (Peak Time / Driving),Rebeat,2019-02-18,DEC499800216,go boom! - b.c. kid,
243177,84,12A,Dance / Pop,Silver Recordings,1995-08-01,DEZ650512364,the place to be - rmb,
243222,90,4B,Hard Dance / Hardcore / Neo Rave,BEAT Music Fund,1994-01-01,NLS241203182,reality is a nightmare (satanic mix) - warlock,
243518,,,"",,,GBHLW2001835,the horns (elvin brandhi remix) - nahash,
243519,87.8,,"",,,GBGXC2420003,the sage - bela,
243520,,,"",,,US2391900467,hajj - liturgy,
243521,,,"",,,GBHLW2101598,unisono - paraadiso,
243522,,,"",,,GBGXC2320032,cinder - emptyset,
243523,,,"",,,TCAHT2455124,ah feel like ah said - tristan tzara,
243565,,,"",,,NOSTS2299030,liminal space - carmen villain,
243566,,,"",,,UKB9U1900034,transaction ritual - the nag's head,
243567,,,"",,,GBQLP2000132,scouting the innocence during snowfall - laurine frost,
243568,,,"",,,GBUMC1000006,tumble - ramadanman,
243569,143.1,,"",,,GBDJX2100198,headrush - wishmountain,
243570,144.1,,"",,,BRTRB2504658,jussara chapada - kalozin,
243572,70,,"",,,NLCK42414848,writ large - flywheel,
243573,131.3,,"",,,COAB11900207,tero sex (danza para piedra volcánica y tero) - lechuga zafiro,
243574,129.9,,"",,,TCAHL2369565,tritón - undrwght,
243575,130.1,,"",,,DEG932403729,"cavernicole - chants, dave schoepke",
243576,140.1,,"",,,COAB11900204,botellharpa - lechuga zafiro,
243577,120.9,,"",,,SE5CF1604506,not today satan - robert johnson and punchdrunks,
243578,,,"",,,GBHLW2501654,hoshi o atsumete - cxbxt,
244118,142,,"",,,SE5851501902,no need to brag - dold,
244154,154.5,,"",,,CH6542431650,"everything done - noise mafia, jør",
244289,122.3,,Bass / Club,,,GBLZC2100075,da mellowdee - fiyahdred,
244290,124.3,,House,,,DEG932601641,how do i let go (mixed) - dennis ferrer,
244291,,,Pop,,,QM5FT1700225,sex with me (salva remix) - rihanna,
244294,141.1,,African,,,NGUM72400016,march am - rema,
244295,139.9,,"",,,BKDIV2500001,"casada - mc lizzie, #estudeofunk",
244309,139.7,,Bass House,,,GBKQU2529527,be there (mister squiz remix) - vextra,
244310,139.9,,140 / Deep Dubstep / Grime,,,GB8KE2313718,abyss - dunman,
244311,145.1,,Breaks / Breakbeat / UK Bass,,,QZFZ22281818,bodyyy - jason code,
244313,67,,UK Garage / Bassline,,,GB8KE2515658,"4x4 symphony in eb minor - jaikea, jt",
244314,,,Alternative,,,GXJ8K2503361,jawbreaker (4x4 switch) - j2s,
244315,139.8,,Dance,,,QZNRS2546303,skooma - some guest,
244316,82.4,,Drum & Bass,,,GBRD52300338,so true - dwarde,
244317,166.4,,Drum & Bass,,,GB8KE2528215,steal my man - dj b,
244320,,,Dance,,,GX82Q2300016,out of reach (ascend remix) - dj kos,
244321,,,Drum & Bass,,,DEH742607919,promoter - grace wolfe,
244396,131,,"",,,GBJX32126003,state of mind (slack mix) (alex kassian's dream state) - peyote dreams,
244499,123.9,,"",,,USRK31300131,good time - johnick,
244642,124,,"",,,DEN401229015,not again - hard ton,
244753,122.2,,Bass / Club,,,GBMCZ0601614,dance don't sleep - evm128,
245000,103.7,,"",,,NLM971400051,saturday love sunday - soichi terada,
245026,142.5,,"",,,GB9TP1500974,trust me - aged in harmony,
245027,163.3,,"",,,DECY62100143,angry professor - longhair,
245028,121,,"",,,UKF342200066,kiki - reda saiarh,
245029,123.5,,"",,,DEG932104458,neo costeno - nicola cruz,
245030,128,,"",,,DEVH21800454,i want to dance - dj chrysalis,
245032,,,"",,,GBCFB2200031,we change (part ii) - brandon coleman,
245033,117.9,,"",,,DEG932202037,rendezvous (close counters lazer tag flip) - zeitgeist freedom energy exchange,
245034,120,,"",,,GBEUE2100276,procrastination - rebecca vasmant,
245035,128,,"",,,NLL562111019,kalahari to fingal - ngoni egan,
245036,,,"",,,GB4QZ2100006,a good reason - boxcutter,
245037,,,"",,,GBPKF2100095,oyelo sonar - bellita & jazztumbatá,
245038,135.2,,"",,,GBZGU1010003,iridescent - xxxy,
245039,69.9,,"",,,ITMUL1900024,impulse (sofatalk remix) - re:fill,
245040,,,"",,,GBKQU2233707,"colour blind - lj, paul domino",
245041,140,,"",,,GB7WM0900202,"metonymy and synecdoche - lord, dego",
245042,134,,"",,,GX3Q92487516,biocup - b9,
245046,,,"",,,QZK6M2213894,h.d - shamos,
245047,120,,"",,,QM6MZ2284846,inner love (instrumental mix) - omar s,
245048,120,,"",,,GBNDY0600291,feeling good - charles webster,
245051,123.6,,"",,,GBZSL1100034,encona - sully,
245052,129.9,,"",,,TCADL1898012,"back bend (remix) - subance, uncle ellis",
245053,132,,"",,,US4SC0502003,club mix - 95 south,
245054,,,"",,,QM4TW2220048,2-9-1 (bambounou remix) - priori,
245224,,,"",,,FR10S2009510,elliptical footsteps - neinzer,
245225,122.1,,"",,,GBQLP2000189,nanga - benoit b,
245226,120,,"",,,GBQLP2000070,hands on the hips and elbows turned outwards (hodge remix) - crooked finger,
245227,120,,"",,,DEVH21800096,automatic dub (cabletoy remix) - wolfram,
245228,120.1,,"",,,DEMM42001044,slap happy - delroy edwards,
245229,117,,"",,,GBKPL1974883,gelo seco - phillipi,
245230,120.7,,"",,,GBJX33816017,combustable (four track remix) - blake baxter,
245231,127,,"",,,GBLV61930480,suburban dreams - heritage,
245232,129.5,,"",,,GBKQU2016755,echo tone (original mix) - holloway,
245234,128,,"",,,DECY51736441,900 degrees (tom middleton dub) - ian pooley,
245235,128.8,,"",,,GBCFZ1101139,the real thing (radio edit) - tony di bart,
245236,124.9,,"",,,NLP439100050,what you do to disco - diamonds & pearls,
245237,130,,"",,,GBKQU2010230,digital vintage - stones taro,
245870,124.7,,Deep House,,,BEAA00000010,drifted away - alfonso,
245871,124.1,,Dance,,,GBQLP2500306,our life with the wave (cv313 + federsen dub) - cv313,
245872,124,,Tech House,,,DEZ650711208,explore (original mix) - sirko müller,
245873,120,,Breaks / Breakbeat / UK Bass,,,NLCK41046223,insvept i papper - smyglyssna,
245874,124.9,,Techno (Raw / Deep / Hypnotic),,,NLM791400189,machine conspiracy - conforce,
245876,125,,Electro,,,ATBX62501400,another round (feat mantsche) - alexander wirth,
245877,121.1,,Techno (Raw / Deep / Hypnotic),,,USSIS0800002,feb - xdb,
245938,,,"",,,GBUM71906215,"dark end of the street (live at queen elizabeth hall, london / 1975) - richard & linda thompson",
245939,,,"",,,USCA20100570,apple bed - sparklehorse,
245941,142.7,,"",,,QM4TX2628707,keris - hoavi,
245942,96.3,,"",,,FR10S2633286,blue body - alba akvama,
245944,,,"",,,GBAAN0400195,hanging on a star - nick drake,
246187,156.2,,"",,,BREMI7300347,juízo final - nelson cavaquinho,
246188,93.6,,"",,,BREMI7300025,marinheiro só - clementina de jesus,
246189,81.2,,"",,,BRBMG9701216,"linguagem do morro / favela / o samba do operario - christina, joão nogueira",
246190,93.5,,"",,,BREMI7400028,alvorada - cartola,
246191,122,,"",,,BREMI8500125,zé do caroço - leci brandão,
246192,,,"",,,QMBZ91571098,lendas do abaeté - estação primeira de mangueira,
246193,107.8,,"",,,BRKUA8602512,agoniza mas não morre - nelson sargento,
246194,120.2,,"",,,BXMNG1900007,história pra ninar gente grande - marina iris,
246195,113,,"",,,BRWMB9704602,exaltação à mangueira - jamelão,
246197,140.1,,"",,,GX3Q92096454,las fiestas - samba academy,
246198,133.6,,"",,,BRAPI0200407,caymmi mostra ao mundo o que a bahia e mangueira têm - thobias da vai-vai,
246435,87.8,,"",,,USWL12600869,surfboard - tokischa,
246609,92.6,,"",,,USUM70500143,gold digger - kanye west,
246634,144.9,,"",,,NLCK42415974,anti gravity racing - dax j,
246716,143.4,,"",,,USA2Z2501595,slip - shane parish,
246746,,,"",,,UK6822509368,exercise i - competition,
246747,,,"",,,USCA29601088,faretheewell (fred's tune) - fred neil,
246748,142.1,,"",,,USLRA7600802,"lough erne shore - andy irvine & paul brady, andy irvine, paul brady",
246749,,,"",,,IEAOR0900075,"an clár bog déil - mairéad ní mhaonaigh, frankie kennedy",
246751,84.4,,"",,,USUM71415057,interlude - lamont dozier,
246752,96.7,,"",,,GBAJH9800208,memory gospel - moby,
246753,,,"",,,USA560578844,take your burden to the lord and leave it there - washington phillips,
247032,,,"",,,GBBBN9902228,couldn't bear to be special - prefab sprout,
247033,89.7,,"",,,USAQP0501701,understanding heavy metal parts i and ii - lorna,
247034,156,,"",,,TCJPZ2420388,rise (2024 remaster) - sugar plant,
247035,97.5,,"",,,JPPS09501240,wanna be tied - salon music,
247036,120,,"",,,USQE92500207,joneses - mother soki,
247037,117.8,,"",,,QZFZ72387381,wicked womb - blu bone,
247038,94.5,,"",,,USCHR1382471,remember - eternal,
247039,,,"",,,USCW61000202,wichita lineman - linda bruner,
247040,123.1,,"",,,USAT21300967,houses of the holy (remaster) - led zeppelin,
247343,123.9,,House,,,USNRS2241670,deep lat'n soul thoughts - mike dunn,
247569,,,"",,,DETB32402263,yarrow - plants heal,
247570,140.1,,"",,,USA2B2515419,"never knew - n1_sound, ras yunchie",
247571,150.2,,"",,,USCN30700248,we all want to be free (ultramarine remix) - tranquility bass,
247572,108.1,,"",,,GBCJY9840005,scrutiny - e.s.t,
247574,178.2,,"",,,DEH741508149,jeggedy quest - riccicomoto,
247575,85.9,,"",,,GXBNP2554833,i divine - tiombé lockhart,
247625,122.9,,"",,,GBKQU2613118,really love - sean green,
247877,125,,"",,,USYBL2401247,bubbles (soap mix) - soft keys,
247878,94.9,,"",,,GBCPZ0601665,this just in - peven everett,
247879,95.1,,"",,,DEX261800117,imaginary friends - dena,
247936,164.9,,"",,,GB7CH2400024,"stack - fergus jones, perko",
248252,122,,"",,,GBKQU2405282,1995 - re\mind,
248408,129.8,,"",,,USA2P1939942,truromance - playplay,
248410,67.9,,"",,,TCADI1799106,pop anthem - dj lilman,
248411,129.4,,"",,,TCABG1211625,sexy walk (feat ms porsh) - dj lilman,
248412,,,"",,,USCRI0124318,el sonido (del ritmo) - dj nelson,
248414,,,"",,,DEDU21700002,speaker burner - raito,
248415,135.1,,"",,,GBJX31839017,got me fucked up (mall grab remix) - skin on skin,
248416,138,,"",,,USK7A2500018,u can't stop (remastered) - chrissy,
248417,,,"",,,GBLTF2000033,saint - raven (ca),
248418,161.5,,"",,,QM4TX2075963,undrgrnd - aamourocean,
248419,,,"",,,USYBL1500263,all yaw tracks wack - supraman & kieran loftus,
248420,161.6,,"",,,USA2B1902111,the heat - rui ho,
248421,,,"",,,USFKE1700052,swing - dasychira,
248422,,,"",,,ARHXW2000401,culpa - stasya,
248634,122.7,,"",,,GBCPZ1919452,"love if you need it (extended 12"" mix) - horse meat disco",
248779,,,Rock,,,QMEU31713786,space intro (remastered 2017) - steve miller band,
248781,128.1,,House,,,ITFAB2300016,burning down the house (extended mix) - simioli,
248782,126.1,,House,,,GBSCL2456009,"needin' u (extended mix) - david morales, wh0, sam frandisco & steve martano",
248784,132.1,,House,,,GB6LY1601211,bad boi (extended mix) - poolhaus,
248785,132,,House,,,GB6LY1601212,bad boi - poolhaus,
248795,126,,Dance|Disco|Soul & Funk,,,GBCPZ1413731,"the way you love me (dim's t.s.o.p. version - dimitri from paris glitterbox retouch) - ron hall, the muthafunkaz",
248889,122.2,,R&B,,,GBNYT8100001,i know you care - ethel beatty,
248948,114.2,,"",,,USEE10801733,it's all yours - starpoint,
248965,124,,"",,,GBV2K2100008,intro to dance - dj kemit & luke austin present the lounge lizards,
248981,,,"",,,AUFF02100118,lights up (honey dijon remix) - flight facilities,
249050,123.9,,"",,,FR48Z2100097,swinging a beat like this - malfie,
249097,125,,"",,,UKACT2131589,america the beautiful (with guitar) - kameelah waheed,
249099,123,,"",,,GBLV62218149,"coco kane - camille, chez damier, nico lahs",
249100,121,,"",,,CBA6L2100002,coming down (original mix) - jeff dougler & balu,
249101,125.1,,"",,,USNRS2141244,tell me that i'm dreaming (louie vega mix instrumental) - anané,
249183,122.9,,"",,,GBKQU2186760,"good lovin - mark funk, danny cruz, mirko, meex",
249184,128,,"",,,GBLV62119119,goodnight - husko,
249185,,,"",,,AUFF02100147,heavy (folamour remix) - flight facilities,
249186,123,,"",,,GBCPZ2119895,groovejet (if this ain't love) (breakbot & irfane remix) - spiller,
249236,122.1,,"",,,GBCPZ2221414,"brotherly love divine (extended bootleg edit) - riva starr, soul city connection",
249288,122.5,,Nu Disco / Disco,,,USCA20707214,free and easy - rené & angela,
249289,121,,Dance / Pop,,,USUR41736601,can't seem to hide - bosq,
249290,126.9,,Indie Dance,,,UK6821735128,love safari - nyra,
249291,115.9,,Nu Disco / Disco,,,CAU111557265,she can't love you (remix) - chemise,
249388,122,,"",,,US83Z2641200,rising kelly (extended mix) - aler,
249389,120.9,,"",,,US83Z2641386,triangle (seesko remix) - j.p. velardi,
249391,121,,"",,,US83Z2643495,beyond logic - will daley,
249392,122.1,,"",,,US83Z2642836,hyperion (k loveski remix) - sinkix,
249393,123.1,,"",,,US83Z2624618,spectral rush - menkee,
249395,119.9,,"",,,ZAVDU2500074,break - mayonie,
249904,135,,Trance (Raw / Deep / Hypnotic),,,NLZ8C2300628,ceathair - spray,
250205,115,,"",,,DEG932506429,wild wild west - hiatt db,
250206,129,,"",,,USQYW1900001,have u ever (remaster) - alexander east,
250207,127,,"",,,GBKQU2583634,keep holding - seed selector,
250208,127,,"",,,FR0Z42500510,phô real - oogo,
250209,,,"",,,DEM092500100,myth versus reality (als420 remix) - charles petersohn,
250210,121,,"",,,GBLFP2399574,salto house - tamarugo,
250211,123,,"",,,USI4R0506002,so unnecessary - stranger bay,
250212,126.1,,"",,,DEM091600011,paradise (siren remix) - siren,
250213,122.1,,"",,,CHE192000106,namid (original mix) - fabrizio fattore,
251140,125,,"",,,GBK6Y2118202,you need it (extended) - pirate copy,
251164,128,3A,Deep House,No Gimmicks,2025-02-07,QZ5FN2521761,let me go - king julian,
251165,128,3A,Deep House,No Gimmicks,2025-02-07,QZ5FN2521764,let me go (extended mix) - king julian,
251168,124,9B,Melodic House & Techno,Smoking Hot Records,2025-07-25,DEH742519554,move on (radio-edit) - dole & kom,
251170,124,2A,Melodic House & Techno,Rummel,2025-06-06,DEY472575000,mango (golden hour remix) - motip white,
251222,122,11A,Indie Dance,Moodmusic,2025-10-03,DEY472578547,just wanna fly - vilusic,
251644,124,9A,Techno (Peak Time / Driving),Macro Recordings,2016-10-03,DEKA51100135,memory fails me - vinyl version (oni ayhun remix) - patrick cowley & jorge socarras,
251645,125,7B,Electronica,Saasfee ,2006-01-01,DEBQ40201110,"knip, hopka, hui - sergej auto",
251646,128,2A,Techno (Peak Time / Driving),Recognition,2007-04-13,DEPL91216203,350 - jacek sienkiewicz,
251647,126,10A,Breaks / Breakbeat / UK Bass,Hivern Discs,2019-06-07,ES70G1900022,kobu - cleveland,
251648,135.4,,"",,,USCJ80900367,santigold - lights out (dj mehdi remix) - santigold,
251649,127.1,,"",,,AUSM00000102,modern women - b(if)tek,
252151,88.8,,"",,,USA2Z2200198,tender fixation - crime of passing,
252152,106.7,,"",,,USA2Z2101404,stimuli - the serfs,
252153,163.1,,"",,,USSUB2039401,mine - finom,
252154,,,"",,,USA2Z2500203,afraid of guns - motorbike,
252155,76.3,,"",,,USMRG1657702,x.t.y. - sneaks,
252156,86.2,,"",,,USA2Z2401646,forever silent - corker,
252157,,,"",,,GBSMU6799858,i am shitting in a room - pure adult,
252158,94.5,,"",,,GBHLW2000399,horseshit - erik nervous and the beta blockers,
252159,151.5,,"",,,USA2Z2200475,moving on - green/blue,
252160,161.8,,"",,,QMGEB2511208,creature habits - ganser,
252161,,,"",,,TCAEW2086808,love still exists - bugs and rats,
252162,92.8,,"",,,GBWUL2571192,appendicitis - fruit looops,
252163,90,10B,Rock,Take This To Heart,2024-03-20,USF283129001,vacuum - magazine beach,
252164,118.8,,"",,,USA2Z2400030,dead meat - choncy,
252374,101,2A,Trap / Future Bass,Common Knowledge,2024-07-24,QZTAU2428757,juggin - kwes e,
252375,,,Rap/Hip Hop,,,QZN882589323,i'm never looking back - puresnow,
252376,,,Rap/Hip Hop,,,US38Y2417422,gucci - fimiguerrero,
252377,,,Rap/Hip Hop,,,QZTLA2474812,skatepark - polo perks <3 <3 <3,
252378,95,9B,Trap / Future Bass,September Recordings,2025-07-30,USQX92504200,ion trust - young eman,
252379,,,Rap/Hip Hop,,,QZNWV2302871,comeback home - subiibabii,
252380,,,Rap/Hip Hop,,,QZSYP2492294,pinky - ayoolii,
252381,120,11B,Hip-Hop,"1-chance, Surf Gang, AMG",2025-08-01,USAT22505903,worth it - xaviersobased,
252382,,,Rap/Hip Hop,,,US38Y2417415,racks up - fimiguerrero,
252383,,,Rap/Hip Hop,,,QZQAY2475241,aight - xaviersobased,
252384,103,12A,Hip-Hop,ksuuvi / 10K Projects,2026-03-12,QZHN32440441,runnin - ksuuvi,
252385,85.3,,Rap/Hip Hop,,,QZTAU2389227,in the vip - phreshboyswag,
252386,,,Rap/Hip Hop,,,QZK6L2414703,truffle - fakemink,
252387,,,Rap/Hip Hop,,,QZQAY2430951,alicia keys - ayoolii,
252388,88,10B,Hip-Hop,1-Chance,2025-08-15,QZFZ62486425,need me - xaviersobased,
252389,105,9A,Hip-Hop,ksuuvi / 10K Projects,2026-03-12,QZMEP2545425,not tuesday - ksuuvi,
252390,93.6,,Rap/Hip Hop,,,QZK6J2512933,music and me - fakemink,
252391,94.9,,Rap/Hip Hop,,,QZSYP2416435,answers - polo perks <3 <3 <3,
252392,,,Alternative,,,QZWFR2599488,skinny jeans w the platform boots - phreshboyswag,
252393,100,4A,Hip-Hop,ksuuvi / 10K Projects,2026-03-12,QZTAT2464428,bape shit - ksuuvi,
252394,162,5A,Hip-Hop,Nettspend,2023-07-23,QZNWX2349059,shine n peace - nettspend,
252395,101,12A,Hip-Hop,keygen,2025-02-19,QZVEM2364797,the one (just got my degree) - yt,
252396,144,,Rap/Hip Hop,,,QZNWU2103797,drama baby / malibu - babyxsosa,
252397,,,Rap/Hip Hop,,,QT3F32477193,kacey lola - fakemink,
252398,155,5A,Hip-Hop,Simple Stupid Records,2024-05-13,USA2P2420374,fine too - yhapojj,
252440,125,6A,R&B,Dream / IDJ,2007-12-10,USUM70762408,fast car - the-dream,
252491,123.3,,"",,,USQY51755188,your attitude (club vocal) - kim cummings,
252509,126,7A,Melodic House & Techno,[PIAS] ÉLECTRONIQUE,2026-01-23,GBENL2504621,release - tinlicker,
252746,122,1A,Afro House,Brighter Days Family,2026-03-25,GXJBK2632664,it's the meaning - s.i,
252851,120,2B,House,Adesso Music,2026-04-10,UKU332500658,tabu - jubaa,
252856,132,8B,Techno (Peak Time / Driving),INVICTA,2025-07-18,US83Z2540504,over again - domek,
252857,150,8A,Pop,Universal-Island Records Ltd.,2009-03-09,GBUM70815924,my delirium (radio edit) - ladyhawke,
253001,123,8A,Afro House,Good Vibes From Paradise,2025-02-28,FR10S2577503,voices - monkey safari,
253002,120,7B,Afro House,Good Vibes From Paradise,2025-01-10,DGA0T2416237,searching for myself - monkey safari,
253003,123,5A,Afro House,Platoon,2024-11-12,US23A1588397,intersexy - desiree,
253004,130,4A,House,Más Tiempo,2024-07-19,QM4TX2458475,bounce - djammin,
253007,120,4A,Afro House,Madorasindahouse Records,2024-01-26,QM4TW2403081,"100 horses - liva k, atsou, lazarusman",
253312,143,4A,Rock,Hundebiss,2026-04-03,GBHLW2600531,orange sky - jamira estrada,
253313,75,3B,Electronica,Sagome,2026-03-13,QM6MZ2619442,laic (ft lutto lento) - j. tripp,
253314,152.3,,"",,,GB5P59700096,"karainagar - speakers corner quartet, kwake bass, raven bush, peter bennie, biscuit, mica levi",
253315,,,"",,,NLZ8C2600160,uhwahhh - ajaj,
253316,,,"",,,GBVTB2358002,meditation iii - hanakiv,
253317,,,"",,,UKXN22499475,they said that's friendship and i mourned - otay:onii,
253318,114,8B,Electronica,Shelter Press,2022-09-29,USTJ22461005,iii - claire rousay,
253319,120.2,,"",,,ITCXD2400010,"paisaje vertical - ruggero fornari, héctor cavallaro",
253320,,,"",,,USYBL2510243,dancer - tlf trio,
253606,,,"",,,QZ5FN2609476,jigsaw - fab godamn,
253607,123.4,,"",,,BK1YJ2500014,d&$ - dessiiik,
253608,,,"",,,QZZ8B2537647,"lúcida - kouth, purp",
253609,129.5,,"",,,USLZJ2689013,ai que peso - baby t,
253610,144.5,,"",,,BCUWS2500062,"a nata - dnovaees, iluvped, kenji",
253611,,,"",,,QZTV32567406,oi? - cashley,
253612,120.1,,"",,,BCY2Q2600008,paty maionese - barona,
253613,,,"",,,QZ5FN2658468,homebaddie - mehndel,
253614,,,"",,,QZNB82558023,"sala vermelha #31 - slipmami - slipmami, mahai, beat do ávila, movimento",
253615,,,"",,,QZZEC2301571,"dois lados - baby t, sayle, vamp",
253616,87,10A,Hip-Hop,AJULLIACOSTA,2025-09-16,BXULA2500003,dharma - ajulliacosta,
253617,,,"",,,USLZJ2608887,groupies (homem é sobremesa) - cae,
253618,,,"",,,BXIV82110460,depressao & tráfico - brocasito,
253619,,,"",,,QZ5FN2634251,eu enriquei mãe - bigfett,
253620,117.3,,"",,,US7VG2659486,presentinho - jrei,
253621,,,"",,,QZZ8A2513755,"bomboclatt - ruas mc, arcanjo ras, andré miquelotti",
253622,85.6,,"",,,QZTRX2432523,"piratinha 2 - sayle, bryvn977",
253623,91.3,,"",,,BXZYA2600015,movimento - sayle,
253624,82.2,,"",,,US7VG1324989,"vida loka, pt. 2 - racionais mc's",
253625,116.8,,"",,,BR3FL2100007,"teia - flora matos, warabeats",
253716,133.1,,"",,,GBXNG1325002,parallel jalebi - four tet,
254362,155,5B,Hard Dance / Hardcore / Neo Rave,Chroma Tone,2025-06-06,FXQ892500120,acid blood - 999999999,
254723,120,3A,Deep House,Rhythm Section International,2026-02-27,DEG932506215,you don't know - hidden spheres,
254810,123,6B,House,Mother Tongue Records,2021-05-14,ITBJ21520033,the bow chock - edb,
254812,131,4A,House,High Fashion Digital,2009-10-13,NLP430910386,real jazz - jazz oasis,
254814,130,8A,Breaks / Breakbeat / UK Bass,DistroKid,2026-04-10,QZNWZ2647649,from the top - ralph richards,
254815,112,7A,Dance / Pop,Dance Regular,2026-03-13,UKSYZ2500017,rave jazz edition - misto kay,
254816,124,5A,Deep House,Nervous Records,2009-09-15,GBEQT2500173,brand new feeling (yoruba soul mix part 2 edit) - roy ayers,
254817,114,11B,Deep House,CoOp Presents,2022-11-18,GBMCZ0601765,they're energised - rob lfo,
254818,101,8B,Electronica,Release Yourself Records,2022-07-22,QZK6L2288624,herb chick - henry keen,
254819,129.9,,"",,,UKW3Z2000614,10 piece - glockta,
254870,142,8B,Bass / Club,Kaval,2024-07-19,FRDX62403620,toadfish - kaval,
255033,122,4B,Melodic House & Techno,Space Motion Records,2022-04-29,NLHR22290043,"tempter - goom gum, stylo",
255041,132,1A,Techno (Peak Time / Driving),Redlof Black,2025-08-15,US83Z2532081,future - boatech,
256183,127,,"",,,USA2P2649525,rush - mona yim,
256615,123,7B,Melodic House & Techno,DUNKELHEIT,2019-06-24,GBKQU1957165,target practice - whirl,
256616,124,5A,Melodic House & Techno,Vision 3 Records,2019-07-10,US83Z1912991,humility - joseph dl,
256617,122,6A,Melodic House & Techno,Click Records,2019-05-24,US83Z1834859,helios - oliver winters,
256618,123,6A,Melodic House & Techno,Desert Hearts Black,2019-09-27,US83Z1924001,apophenia - arude,
256619,124,8B,Progressive House,Usanza,2019-09-23,US83Z1922957,abstract (javier ho remix) - midø,
256620,125,5A,Progressive House,Usanza,2019-08-26,US83Z1921789,magma (rojan remix) - nasser tawfik,
256621,124,6A,Melodic House & Techno,Oddity Records,2019-07-19,UKACT1930937,discovery - dyzen,
256622,122,9B,Techno (Peak Time / Driving),Vision 3 Records,2019-09-15,US83Z1914936,centerpiece - moritz tischer,
256624,123,7A,Melodic House & Techno,Awen Records,2019-07-22,US83Z1918439,karm - moodayz,
256625,124,7A,Melodic House & Techno,Venom Recordings,2019-08-15,DECY51902677,my fall to love - voices of valley,
256626,125,8A,Melodic House & Techno,Uxoa Dutxa Elite,2019-10-23,US83Z1923461,quasiparticles - eleven of july,
256627,124,8A,Melodic House & Techno,Transensations Records,2019-10-28,US83Z2049326,"antitension - gorkiz, pedrada",
256628,124,12B,Progressive House,Usanza,2019-10-07,US83Z1922960,apnea (chulyddk remix) - george alvarez,
256629,122,1B,Melodic House & Techno,Vision 3 Records,2019-10-31,US83Z1922833,driver (wo - core remix) - carlos pires,
256630,122,3B,Melodic House & Techno,BeatFreak Recordings,2019-10-28,ES98I1901452,"magni (original mix) - hells kitchen, morphing spot",
256631,123,11A,Progressive House,Global Groove Collective,2023-10-20,USS1Z1900942,trouvaille - stan kolev,
256632,124,12A,Progressive House,Click Records,2019-01-11,US83Z1827399,magical - maximalism,
256633,123,1B,Melodic House & Techno,Moonbeam Music,2019-10-18,GBKQU1992960,koan - moonbeam,
256634,123,12A,Melodic House & Techno,Vision 3 Records,2019-10-16,US83Z1921990,wine - mila journée,
256885,120,1A,Melodic House & Techno,All Day I Dream ,2020-03-27,UKSP42000011,vacation to life - tim green,
256942,122,1A,Progressive House,Perspectives Digital,2020-02-28,US83Z2004154,shadow walker (original mix) - clay smith,
256943,123,2A,Organic House,Shanti Radio,2019-10-10,TCAEL1989298,flame keeper - hermanez,
256944,116,2A,Deep House,Dantze,2020-11-06,DEY472081645,sun god's prophecy - island after,
256945,121,2A,Progressive House,ICONYC,2020-03-02,UKACT2060184,sea turtle (mila journée remix) - sean & dee,
256946,123,6B,Progressive House,Outta Limits,2020-02-24,UKU932142449,barakah (original mix) - stan kolev & matan caspi,
256947,120,3A,Progressive House,Another Life Music,2020-07-15,US83Z2024198,"kaleidoscope - xiasou, contribute translation",
256948,122,7B,Progressive House,Asymmetric Recordings,2020-02-17,IL4612000160,endless sun - lèrr,
256949,120,7B,Progressive House,Soundteller Records,2020-06-01,US83Z2015158,eternity - facundo sosa,
256950,123,7B,Progressive House,Droid9,2020-06-08,US83Z2127844,sahodaraya (noiyse project remix) - dylan deck,
256951,125,4A,Progressive House,PHW Elements,2015-09-23,US83Z1525499,open the universe (alex vidal remix) - edlands,
256953,123,5A,Melodic House & Techno,Hoomidaas,2020-02-24,US83Z2002002,"love in the rain - peter makto, gregory s",
256954,121,7A,Progressive House,Consapevole Recordings,2020-03-23,US83Z2006308,graviton (sebastian sellares remix) - ricardo piedra,
256955,122,6A,Progressive House,Sudbeat Music,2020-05-11,UKACT2010643,kailash - mariano mellino,
256956,122,6A,Progressive House,Univack,2019-12-02,ESA011984114,lesath - kamilo sanclemente,
256957,120,9B,Melodic House & Techno,Stil Vor Talent,2019-03-15,DEXN81889243,mute - musson,
257290,,,"",,,US2642455901,eternit - chve,
257291,129,10B,Electronica,Southern Lights,2023-11-20,NLCK42237259,enner loop - öjskog,
257292,128,7B,Techno (Raw / Deep / Hypnotic),Hypnus Records,2019-05-18,NLCK41055878,dune - luigi tozzi,
257293,125,8B,Techno (Raw / Deep / Hypnotic),Circular Limited,2024-02-02,CA5KR2421558,purgatory (original mix) - droneghost,
257294,140,3A,Electronica,Edit Select,2026-07-03,NLCK42609328,psychic space - adriano migliorino,
257295,136,1A,Techno (Raw / Deep / Hypnotic),Semantica Records,2026-06-19,DEH742612847,soul lesson - isabel soto,
257296,128,11A,Techno (Peak Time / Driving),Less Is Techno,2017-06-11,US83Z1777633,distinguished from fear (original mix) - modvs,
257297,125,11B,Techno (Raw / Deep / Hypnotic),Affin,2026-07-31,FR2X42661870,cinnabrax - notzing,
257298,125,9A,Techno (Raw / Deep / Hypnotic),Kvlto Records,2021-12-31,CA5KR0032415,tāṇḍava - morpha,
257299,131,5A,Techno (Raw / Deep / Hypnotic),Circular Limited,2025-03-07,CA5KR2516368,conspiracy (original mix) - mersel,
257301,95,4A,Pop,Mercury Classics,2022-07-29,GBUM72204526,"the past is the past (from ""surface"") - ólafur arnalds",
257302,85,12B,Electronica,NOTON,2021-11-12,UK6821719451,hybr:id oval hadron ii - alva noto,
257303,109.8,,"",,,DEQ121114189,machine's perfume - tomas more,
257304,128,,"",,,US83Z2001819,walking through - svarog,
257306,129,8B,Trance (Raw / Deep / Hypnotic),No Way Records,2019-12-23,DEH741913576,airy gravity (blazej malinowski remix) - dorian gray,
257308,136,12A,Techno (Raw / Deep / Hypnotic),Bite,2026-04-10,NL8RL2629340,periergo - anfs,
257309,128,,"",,,US83Z2007568,mehns - kato de vidts,
257530,117,2A,Nu Disco / Disco,The Foreign Exchange Music,2019-08-09,US9FL1900013,step up front - zo!,
257531,123,6B,Deep House,Freerange Records,2020-10-23,GBDLP2001152,twisted - laroye,
257532,123,,"",,,GBCPZ2018498,i believe (atfc extended remix) - k london posse,
257533,122,8A,Deep House,Z Records,2022-12-02,GBPKF2000162,he is (dave lee remastered spotify edit) - the sunburst band,
257534,126,4A,House,theBasement Discos,2020-07-16,UKXN22058912,golden hour (original mix) - jon gravy,
257535,126,9A,Deep House,Heist Recordings,2020-07-10,NLYV52000016,apollo - kassian,
257536,123,7A,Deep House,Soulfuric Deep,2020-10-02,GBCPZ2018469,faith (extended mix) - thernero,
257537,124,7A,Deep House,Freerange Records,2020-03-27,GBDLP2001135,fresh 16 - black loops,
257538,122,12B,Nu Disco / Disco,Soulfuric Deep,2020-10-02,GBCPZ2018468,look ahead (extended mix) - thernero,
257539,121,8A,House,Soulfuric Deep,2020-07-31,GBCPZ2018049,melting pot (angelo ferreri extended remix) - moon rocket,
257540,123,8A,Deep House,Defected,2020-09-04,GBCPZ2017702,love jam (extended mix) - low steppa,
257541,122,7A,House,Salted Music,2020-03-06,USATE2017501,"me & you (miguel migs remix) - simon adams, stefano mango",
257542,94,8A,Pop,MediaPro Music,2024-04-25,UK4LG0000272,everybody (jay vegas edit) - jay vegas,
257657,122,7A,Nu Disco / Disco,Glitterbox Recordings,2020-04-17,GBCPZ1916965,pump the boogie (mark picchiotti's re-pumped extended mix) - mark picchiotti,
257658,125,5A,House,Glitterbox Recordings,2019-06-28,GBCPZ1915948,don't you want my love (full intention disco mix) - debbie jacobs,
257659,128,11B,Nu Disco / Disco,Sulta Selects Silver Service,2019-09-20,GBQLP1901284,bert's groove - dan shake,
257660,235,6A,DJ Tools / Acapellas,Glitterbox Recordings,2020-05-15,GBCPZ1711235,lola's theme recut (dr packer extended remix) - the uk shapeshifters,
257661,120,,"",,,GBCPZ2017185,let's go dancing (dr packer extended remix) - horse meat disco,
257662,124,7B,Dance / Pop,EMI,2020-06-08,GBUM72002296,save a kiss (teed remix) - jessie ware,
257663,123,9B,Dance / Pop,Skint Records,2026-01-28,GB5KW1903074,incapable (dimitri from paris & aeroplane remix) - róisín murphy,
257726,124,2A,House,The Crates,2003-03-31,AUXN22027720,i wanna know - nars,
257727,123,8A,House,Running Back,2023-02-24,GBCPZ9615014,i hear my calling (vocal mix) - kings of tomorrow,
257728,126,4A,House,ITH (Defected In The House),2011-04-25,GBWDF0992912,my desire (blaze's klubhead vocal) - amira,
257729,127,2A,Dance / Pop,4th Floor,2013-01-07,GBCPZ0802547,"this here is house muzik (mike dunn main vocal mixx) - mike dunn, md x-spress",
257730,123,10A,Tech House,Variety Music,2010-08-19,GBCPZ1104995,baby keep it up (pooley's main mix) - olene kadar,
257731,125,2B,House,4 To The Floor Records,2017-12-08,GBCPZ0802446,and (kerri chandler remix) - dj gregory,
257732,113,8A,House,Movin' Records,1992-01-10,GBCPZ9214730,"somebody here (larry patterson 12"" mix) - guy costley",
258004,123,5A,Tech House,Maské Records,2026-01-23,GBLV62524328,bounce it back - marenna,
258356,84,5A,Techno (Raw / Deep / Hypnotic),Morph Tracks,2021-05-21,QZFP52158880,research & development - leonce,
258542,125,12A,Electronica,Ninja Tune,2020-05-19,GBCFB2000212,like this - 박혜진 park hye jin,
258858,89,4A,Latin,Sounds Worldwide,2017-05-19,USEW20100036,get ur freak on - missy elliott,
258862,91,5B,Electronica,Loma Vista Recordings,2024-07-12,QMBZ92272783,poppin @ the suite - hitech,
258975,142,4B,Electronica,Surf Gang Records,2023-08-25,USZ4V2300219,"friendly fire - john glacier, surf gang",
258976,85,4B,Drum & Bass,Pack Records,2025-02-19,CA5KR2511716,object permanence (vitesse x remix) - sophia stel,
258978,90,3A,Nu Disco / Disco,Epic Street,1994-11-01,USSM19402040,nika (album version) - vicious,
258979,,,Electro,,,QZS662422714,"enlace - entrañas, kema",
258981,115,1A,Trap / Future Bass,Big Dada,2006-04-18,GBCFB0600300,backyard betty - spank rock,
258982,132,6A,Electronica,XL Recordings,2026-07-24,GBBKS9800031,u can't stop me - basement jaxx,
258983,91,6B,Latin,EMI Latin (LAT),2025-04-25,USUM72414786,como la flor (remastered 2025) - selena,
258984,,,Pop,,,USUM72312538,the way (live from london) - ariana grande,
258986,85,7B,Pop,The Neptunes,2008-06-10,USUM70814480,spaz (album version (edited)) - n.e.r.d.,
258987,135.9,,Alternative|Pop,,,QZAKB2525816,cafe l - hornet,
258999,,,"",,,UK6822510917,buttercup - max winter,
259000,90,,"",,,QMBZ91998024,promises (feat duendita) - wiki,
259001,140,11B,House,Technicolour,2024-09-06,GBCFB2400806,heart dub - fcukers,
259002,86,1A,Electronica,XL Recordings,2026-07-23,GBBKS2100041,lockjaw (7 deadly winnin') - john fm feat l,
259026,120,8A,Deep House,Rush Hour,2012-04-23,USCCK1200003,mystery of love - dream 2 science,
259142,76,12B,Pop,Echo,2026-01-28,GBAHS0401465,jack names the planets - ash,
259143,137,7B,Rock,Echo,2026-01-28,GBAHT0500221,no goodbyes - the subways,
259144,132,,"",,,US3R42245703,medicine - momma,
259145,80.7,,"",,,TCAJF2554874,think i pass - broncho,
259147,118.3,,"",,,GBBKS0700526,oxford comma - vampire weekend,
259148,105.5,,"",,,GBJET1400056,mary - alex g,
259149,96.3,,"",,,GBYEJ1100223,what once was - her's,
259150,90,7B,House,Telegram Rights,2019-11-22,SEWEE1501101,play it on my radio - niki & the dove,
259279,97,6A,Drum & Bass,Up Ya Archives,2025-11-19,USA2P2549717,50/50 vision - janaway,
259329,98,7A,House,XL Recordings,2026-07-23,GBBKS2400079,starburster - fontaines d.c.,
259330,,,"",,,GX53U2629383,you're all i wanted - object blue,
259331,115,11B,R&B,ByStorm Entertainment/RCA Records,2025-10-23,USRC12501648,nearsight [sid] - miguel,
259332,132,8B,Dance / Pop,AMF Select Few,2025-09-09,GX7TZ2500041,feel good - ruthlss,
259334,148,7A,Trance (Main Floor),TETE VIDE,2025-10-24,FRR642501486,"irl fatigue - hedda, young lychee",
259335,140,6A,Techno (Raw / Deep / Hypnotic),hereandthere,2025-10-24,DEH742530505,noctural species - pink concrete,
259336,134,10B,House,Dekmantel,2025-01-24,NLTH62400032,steaming - wata igarashi,
259902,124,3B,Indie Dance,Sincopat,2026-02-06,ES35G1201021,the gospel of rust - amirali,
259905,128,7B,Tech House,HoTL Records,2023-08-25,DEW872303618,"amanecida (extended mix) - david tort, ka (col)",
260105,150,5A,Tech House,KUMO Collective,2025-11-20,DGA062582715,drop it please - noge,
260145,145,3A,Techno (Raw / Deep / Hypnotic),Index Marcel Fengler,2025-05-02,DEH742511724,b12 - danny wabbit,
260268,126,7A,Techno (Raw / Deep / Hypnotic),Downwards,2018-10-11,GBE5X1800024,seeing from above - cub,
260333,143,2B,Trance (Raw / Deep / Hypnotic),bebé recordings,2025-11-14,DGA052525967,"energy - newtone, sam alfred",
260378,89.1,,"",,,QMFME1420677,everyday - shy fx,
260635,123,8B,House,Champion Records,2020-09-11,SEXMA2000005,see the day (2020 remaster) (stonebridge club mix) - ann consuelo,
260636,127,9A,Deep House,Quintessentials,2016-03-07,DECY51612472,mary jane - borrowed identity,
260637,126,2A,Indie Dance,Running Back,2012-07-23,DECY51201353,viking music (disco mix) - aksel friberg,
260638,126,4A,Deep House,Jellybean Soul,2008-11-18,USLT80800026,"a better way - darryl d'bonneau, 83 west",
260639,130,1B,Deep House,De:tuned,2024-10-11,BEC292424273,viva cherating - nuron,
260640,135,5A,Trance (Main Floor),541,2022-06-10,GBAJH0402129,hymn (dirty hypo) - moby,
260641,128,4B,House,InStereo Recordings,2013-05-20,USMKV1300032,put that record back on (peace division remix) - dj dan,
260642,140,9B,Dance / Pop,underDOG,2017-06-13,DEL569800152,andromeda - dj quicksilver,
260643,141,5A,Bass / Club,Timedance,2025-02-14,FR10S2579286,halfway gone - yaleesa hall,
260645,,,"",,,USMH92317065,wildest desire - laroze,
260646,146,11A,Techno (Peak Time / Driving),Carouse,2020-08-07,UKY7B2000003,parking lot (original mix) - shawn cartier,
260647,135,7A,House,HOMAGE,2020-04-17,GBKQU2009837,only the strong (x-coast da vibe mix) - dart,
261068,116.7,,"",,,FR8GV2249700,just a boogie - nayanka bell,
261069,118,8A,Indie Dance,Soundway Records,2022-04-22,GBUQH1700069,only you (frankie francis disco jam edit) - steve monite,
261070,115,2A,Dance / Pop,RCA/Legacy,2022-02-18,USSM12201290,i wanna fall in love (disco mix) - dolly parton,
261072,107,9B,House,G.O.N.Y.,2026-04-10,GBERM9401401,good love (original club mix) - shay jones,
261076,124,10B,Trap / Future Bass,Mercury Records,2019-06-28,USUM70748161,glad to know you're mine - ohio players,
261447,118,8B,Dance / Pop,Unidisc Music,1982-01-01,CAU118211386,jungle stomp - prince charles & the city beat band,
261574,124,12A,Techno (Raw / Deep / Hypnotic),Something Happening Somewhere,2025-03-14,NLNN71200003,hamming (donato dozzy remix) - nuno dos santos,
261697,122,12B,House,Legacy Recordings,2018-06-01,USSM11002255,graceland - paul simon,
261698,109.7,,"",,,GBARL1201197,"if i like it, i do it - jamiroquai",
261700,109,7B,Pop,Clarence Avant Catalog,2010-12-07,USTS90200012,the little drummer boy - alexander o'neal,
261701,148,3A,R&B,Hip-O Select,2007-06-15,USMO18100003,life is for learning (album version) - marvin gaye,
261703,78.8,,"",,,USRC18607936,all of my love - genobia jeter,
261893,150,3A,Trance (Main Floor),Powertrance,2025-05-22,FRDX62504150,"on my mind - jude bradshaw, hackett",
261959,114,3B,House,Raw Culture,2021-07-09,FR9W12005906,yvonne de carlo is sleeping - space age sunset,
261960,117.6,,Jazz,,,USSM10800734,parkay man - rodney franklin,
261961,102,6B,Nu Disco / Disco,Epic,1986-12-09,USSM18600321,see me - luther vandross,
261963,120,10B,Pop,Capitol Records,2006-05-23,USCA20600526,back in time - huey lewis & the news,
261964,104,4A,Electronica,d:vision,2010-11-15,DEOL51800032,go get it (zed bias club dub) - sepalot feat ladi6,
261965,91.1,,Reggae,,,GBXWN1100116,gimme gimme (feat kenny knots) - mungo's hi fi,
261966,118,8B,Trap / Future Bass,Legacy Recordings,2021-02-26,USSM11407316,"see you when i git there (live at the mark hellinger theatre, new york, ny - november 1977) - lou rawls",
262123,117.4,,"",,,SERVA0530012,polska efter höök olle - jan johansson,
262124,,,"",,,USC4R0816908,"my man's gone now (live at the village vanguard, nyc; 6/25/1961) - bill evans trio",
262125,163,,"",,,USBN29901144,"your lady (live at tonic, new york city, ny/1999) - medeski martin & wood",
262126,71,1B,Electronica,Stones Throw Records,2018-06-08,US2S71898008,thinkin of - kiefer,
262327,145,9A,Techno (Raw / Deep / Hypnotic),Mutual Rytm,2025-07-18,DEH742519054,phantom - human safari,
262547,133,10A,UK Garage / Bassline,Armada Music,1998-02-02,NLF712201147,without you - les indiscretes,
262779,83,10A,Techno (Peak Time / Driving),Cocktail d'Amore Music,2022-02-14,GBKQU2226180,phantom - sleep d,
263296,91,3A,Trap / Future Bass,Columbia/Legacy,2013-10-29,USLR50000692,"careful (click, click) (explicit version) - wu-tang clan",
263631,122,4A,Organic House,Shanti Radio,2017-09-22,TCADG1780155,vdol po rechenke - volen sentir,
263950,129,3A,Bass / Club,Incienso,2021-05-07,USYBL2100647,burst dial - big ever,
263951,125,6A,Minimal / Deep Tech,Eclipser Chaser,2023-12-29,DEY472081702,pinger (goodies edit) - youandewan,
263952,130,6B,Deep House,Unknown To The Unknown,2019-04-19,UK34N1800139,cat trapped in a crab trap - skatebård,
263953,131,11A,Techno (Peak Time / Driving),Opal Tapes,2019-05-01,USA2B1701227,bogano - pris,
263954,128,10A,Techno (Raw / Deep / Hypnotic),Basic Channel,2008-04-04,DEW259400133,phylyps trak ii/i - basic channel,
263955,137,11A,Techno (Raw / Deep / Hypnotic),Knotweed Records,2021-04-23,DEH742158564,offtrack - mode_1,
263956,144,1A,Techno (Raw / Deep / Hypnotic),Ilian Tape,2021-04-28,DEOB62100505,senking - konrad wehrmeister,
263957,132,7A,Techno (Peak Time / Driving),Arsenik Records,2020-03-30,SE5851501904,shadow - kuf,
263958,132,8A,House,Mister Saturday Night Records,2020-10-30,DEG932004845,krymska - russell e.l. butler,
264241,134,6B,Techno (Raw / Deep / Hypnotic),Warm Up Recordings,2019-11-08,NLCK41060611,solarized (original mix) - oscar mulero,
264242,135,4B,Techno (Raw / Deep / Hypnotic),Consumed Music,2022-11-11,CA5KR2300907,binary code (original mix) - linear system,
264243,136,8A,Techno (Raw / Deep / Hypnotic),Death Bell Records,2023-04-09,CA5KR2338954,pure substance - tøtal,
264245,133,6B,Techno (Raw / Deep / Hypnotic),Clergy,2020-04-10,NLCK41064613,complete to none - setaoc mass,
264783,141,12B,Techno (Peak Time / Driving),Databass Records,1999-02-01,USAQB0500084,"puff, puff, pass - 313 bass mechanics",
264784,126,11A,Deep House,Wolf Music Recordings,2024-10-18,GB2SA2400023,ambassador - frits wentink,
264785,124,3B,Deep House,Noire & Blanche,2025-03-21,FR9Z62500188,reach into your soul - kareem ali,
264786,130,9A,Afro House,AfrohouseUK,2025-04-01,QZFYW1913246,ai não - milo & fabio,
264789,143,,"",,,GBLV62125663,project pat - mirrorgate,
264942,138.2,,"",,,TWA750603904,ai xiang qing gan lan - frankie kao,
264985,132,3B,Dance / Pop,EastWest U.K.,2006-05-29,GBAHS0104707,flow - opus iii,
264986,81,9B,Electronica,Pacha Recordings,2008-05-01,GBEFR0400355,never see more - cagedbaby,
264987,,,"",,,QZMEV2443084,emerald - a. g. cook,
264988,104,12B,Dance / Pop,UMC (Universal Music Catalogue),2019-11-22,GBAAA9900305,dream on - the chemical brothers,
265226,128,4A,Tech House,Columbia/B1 Recordings,2025-10-31,DEE862501942,mimosa (now and forever) - alok & dennis,
265783,113,8A,Pop,WM Brazil,2019-07-19,BRWMB9701812,what would you like? - ed motta,
266187,97,1A,Hip-Hop,Virgin Records,2003-03-01,GBAAA9901514,the sweetest pain - loose ends,
266188,102,3B,Hip-Hop,Virgin Records,2003-03-01,GBAAA9901528,(there's no) gratitude - loose ends,
266189,111,10B,Hip-Hop,EMI Catalogue,2007-03-26,GBAAA8400408,so much in love - loose ends,
266191,110,7A,Electronica,Periodica Records,2021-07-20,ITZ331900048,"meet in tunis - afrodesia, mystic jungle, whodamanny",
266192,112,9B,Nu Disco / Disco,Walk Don't Walk Limited,2022-07-22,DEG932201932,night rain (ilija rudman's higher ground mix) - crazy p,
266741,135,1A,Techno (Raw / Deep / Hypnotic),Mord,2023-01-06,NLCK42221848,the cleaner - mist gasp,
266902,138,10A,Techno (Peak Time / Driving),iM Electronica,2024-11-27,CH6542476296,dark chapel - trakkan,
266903,130,11B,Techno (Peak Time / Driving),Persephonic Sirens,2025-07-04,DEMM42501391,nks - aoud,
266904,144,7A,Techno (Raw / Deep / Hypnotic),Deadline Rec,2025-05-30,DEH742513916,crimini e misfatti - pit,
266905,96,7A,Trance (Raw / Deep / Hypnotic),Gomboc Records,2021-06-07,USLZJ2175088,austenite - chrs,
266906,140,7A,Hard Techno,boisha,2021-11-12,NLCK41094178,control - andreas kraemer & shadym,
266907,123,7B,Techno (Peak Time / Driving),Ideal Audio,2011-11-02,DET741100018,the end - oliver huntemann,
267138,99,9A,Electronica,Pacific Rhythm,2022-03-31,USYBL2200611,virtual age - space ghost,
267139,103,7B,House,Heels & Souls Recordings,2022-12-09,QZES81902808,nothing can pull us apart - pilgrims of the mind,
267140,125,7A,Electro (Classic / Detroit / Modern),Night People,2023-01-20,USYBL2202125,do it now - eli escobar,
267141,130,9A,Breaks / Breakbeat / UK Bass,Peder Mannerfelt Produktion,2022-12-08,SE3JM2200153,pendrum - lws,
267142,126,4A,Indie Dance,Running Back,2017-09-08,DEVY91700061,emu iii (birdy bonus beat) - fort romeau,
267143,122.5,,"",,,GBHLW2202504,hunting horn - absen,
267144,130,12A,Tech House,Science Cult,2023-04-14,QZL6U2000226,the people - sousk,
267145,,,"",,,GX8JJ2200001,multipack of limes - toumba,
267146,129,8B,Bass / Club,Roska Kicks & Snares,2022-10-25,GB8KE2211313,caught nappin' - spd,
267147,128,7B,Bass / Club,81,2022-10-28,GB4NT2200006,airfoil - korzi,
267148,140,5A,Bass / Club,YUKU,2022-09-29,NLCK42219752,vibe in order - panicman,
267149,80,6A,Breaks / Breakbeat / UK Bass,ROW,2022-10-21,DEDU62200021,blur ceramics - keita sano,
267150,136,4A,Breaks / Breakbeat / UK Bass,Hot Haus Recs,2022-09-02,UK34N1800661,temperamental - fleet.dreams,
267151,131,7B,Psy-Trance,Iboga Records,2022-06-24,DKZVA2200083,one with the universe (side b) - bliss & ritmo,
267856,81,7B,Electronica,InFine,2014-09-08,FRT091400045,ibad - bernard szajner,
267857,111.9,,"",,,UK9PS1700021,the peacock - matthew herbert,
267858,120,1A,Techno (Raw / Deep / Hypnotic),Clone Basement Series,2016-07-01,NLL561606550,woodwork - randomer,
267860,121,7A,Breaks / Breakbeat / UK Bass,Rush Hour,2016-04-29,NLM971500145,ama diver - interstellar funk,
267862,120.4,,"",,,QMDA71451111,chicas - melamina ponderosa,
267863,126,11B,Electronica,Knekelhuis,2019-09-09,NLM971800090,verloren - de ambassade,
268590,100,8A,Organic House,Amselcom,2021-03-16,NLRD52018104,kinetic energy - dominik petzold,
268713,126,2B,Techno (Peak Time / Driving),Music4Clubbers,2023-02-07,CA5KR2320036,cosmic sounds (original mix) - yvc,
268714,128,12B,Techno (Peak Time / Driving),AlpaKa MuziK,2023-02-08,US83Z2302103,"cosmorph - luis m, greenwolve",
268715,125,4A,Techno (Peak Time / Driving),Techgnosis Records,2021-08-16,GBKQU2184363,hypnotic tones - south zone,
268716,126,12B,Techno (Peak Time / Driving),Subios Records,2023-04-14,US83Z2312129,injection (carbon remix) - progroyal,
268717,125,12B,Minimal / Deep Tech,PHOBIA Music Recordings,2019-07-15,GBKQU1964490,droplet (original mix) - le son du placard,
268718,128,5B,Techno (Peak Time / Driving),Digital Structures,2023-06-09,US83Z2321207,save all (unknown concept remix) - one million toys,
268719,126,4B,Techno (Peak Time / Driving),Alula Tunes,2022-11-04,US83Z2233082,rhythm diary - munkler,
268720,131,1A,Techno (Peak Time / Driving),Respekt Recordings,2022-02-18,GBKQU2203881,synesthesia - transcode,
268721,128,7B,Techno (Peak Time / Driving),PHOBIA Music Recordings,2023-06-02,GBKQU2346080,definite - chriss jay,
268722,126,9B,Techno (Peak Time / Driving),Music4Aliens,2023-04-14,CA5KR2335749,neural partitioning (shadowmaw remix) - david phoenix,
268723,128,12A,Techno (Peak Time / Driving),Alula Tunes,2023-01-13,US83Z2240429,riddim - roman adam,
268724,130,11B,Techno (Peak Time / Driving),Footwork,2022-09-16,DEH742220364,mandala - jay lumen,
268725,128,3B,Techno (Peak Time / Driving),Shadow Wulf,2023-06-02,US83Z2320445,der rülpsende esel - julius jung,
268726,126,4B,Techno (Peak Time / Driving),Harthouse,2023-05-12,DEKB72081881,magna - thomas helmich,
268727,128,6A,Techno (Peak Time / Driving),AMPED,2023-06-09,GBRKQ2319387,tanzlokal (peku & bluntac remix) - berto (de),
268728,127,7B,Techno (Peak Time / Driving),EXTND.,2023-03-17,DEH742303054,concept one - carlo ruetz,
268729,128,5B,Techno (Peak Time / Driving),Shadow Wulf,2023-05-05,US83Z2313493,"space (is all you need) (bando remix) - lektrk, tomchilla",
268730,127,6B,Techno (Peak Time / Driving),PHOBIA Music Recordings,2021-11-13,GBLV62112317,danger - chriss jay,
268731,126,9B,Techno (Peak Time / Driving),AlpaKa MuziK,2023-04-27,US83Z2315015,"squid (luis m remix) - greenwolve, unknown concept",
268732,128,12B,Techno (Peak Time / Driving),Olympe,2022-08-19,US83Z2222726,all i need - jickow,
268734,128,9B,Techno (Peak Time / Driving),Harthouse,2023-04-07,DEKB72081375,red wedding - source+rumitz,
269074,123,2B,Progressive House,Outta Limits,2018-06-18,USS1Z1800776,revolt - stan kolev,
269217,124,6A,Progressive House,Outta Limits,2018-12-24,USS1Z1800844,inscape - stan kolev,
269562,123,2A,Melodic House & Techno,Crosstown Rebels,2017-09-15,GB7NR1718701,"atacama - audiofly, patrice bäumel",
269563,123,10B,Afro House,Objektivity,2017-07-21,DEH741713604,khaya - jonathan kaspar,
269564,120,6A,Deep House,Voltaire Music,2018-04-20,DEBE71700143,duende - djuma soundsystem,
269565,123,,"",,,DEPI81501572,dioniso (gorge & markus homm remix) - rafael cerato feat solaire,
269566,122,11A,Melodic House & Techno,Chapter 24 Records,2018-08-03,US83Z2128981,eta carinae - luis leon,
269567,120,2A,Tech House,Poker Flat Recordings,2021-01-15,DEL021420028,primary - alex niggemann,
269568,125,11B,Techno (Peak Time / Driving),KD RAW,2015-02-16,DEPU61500212,jet stream (h.o.s.h. remix) - kaiserdisco,
269569,123,12B,Tech House,Bar 25 Music,2018-03-02,,toilet tales (daniel jaeger & joseph disco remix) - vom feisten,
269570,125,6A,Techno (Peak Time / Driving),Noir Music,2012-12-24,ITK771200005,bolero - dusty kid,
269571,125,9B,Techno (Peak Time / Driving),Harthouse,2022-06-24,DEKB72068105,dark planet (remastered) - boris brejcha,
269572,125,3B,Tech House,SPINNIN' RECORDS,2012-11-12,NLC281211932,rej (stefano noferini mix) - danic,
269573,123,5A,Tech House,Deeperfect,2014-03-17,DEW871407443,"dark passenger (original mix) - stefano noferini, samuel dan",
269574,124,4A,Techno (Peak Time / Driving),Trapez,2016-10-14,DEBW21600221,be different (carlo ruetz remix) - frederic stunkel,
269576,127,12A,Techno (Raw / Deep / Hypnotic),JAM,2014-10-13,GBUR61200235,dusty - sam paganini,
269577,124,8A,Techno (Peak Time / Driving),Blot,2016-08-08,US83Z1652680,i killed bowser - cliff de zoete,
269578,122,2A,Melodic House & Techno,Sincopat,2016-08-19,QM6MZ1749764,brought to me (original mix) - jobe,
269579,124,6B,Techno (Peak Time / Driving),Natura Viva,2020-09-07,ITZN61600246,oxium (gallya remix) - paco maroto,
269580,125,9A,Techno (Peak Time / Driving),Flow Vinyl,2014-05-26,US83Z1466246,velour (wehhba remix) - sql,
269581,124.2,,"",,,US7NS1600019,pushin' (the yellowheads remix) - matt sassari,
269582,125,3A,Techno (Peak Time / Driving),Senso Sounds,2014-09-01,DEL021430006,mirage - andré winter & hatzler,
269583,126,7A,Melodic House & Techno,RBC,2026-08-03,DE1QW2654413,dark flower (joris voorn remix) [remastered] - robert babicz,
269584,121,10A,Tech House,Rennbahn Records,2015-12-28,DEH741513316,neverland - gaudier,
269672,100,7A,Nu Disco / Disco,K7 Records,2021-05-14,GBMEF1801148,uman - kokoroko,
269673,124.9,,"",,,QZDMQ2550082,unnecessary visitor (bamia remix) - adebowale and the pioneers,
269674,124,12A,Deep House,4Lux Black,2018-10-26,NLM651800045,meekong - warren raww,
269675,130.1,,"",,,JPB609613603,smooth operator - mareen,
270091,130,5B,Melodic House & Techno,Nova Collective,2025-08-15,NL7RT2500029,mantra - solance,
270092,130,7B,Techno (Peak Time / Driving),Synthetic Affect Records,2024-04-12,DEH742407075,era - martisse,
270093,130,4A,Techno (Peak Time / Driving),Reload Records,2025-08-08,GBKQU2574656,war machine - waleed zd,
270094,131,7B,Techno (Peak Time / Driving),Animarum Recordings,2025-08-22,DEH742523737,"got it (extended mix) - patrick scuro, daniel weirdo",
270096,135,4B,Techno (Peak Time / Driving),Off Recordings,2025-08-15,GBKQU2563872,astral odyssey - paxtech,
270097,137,9B,Techno (Peak Time / Driving),White Face Recordings,2025-12-26,QZZEB2519770,hot hips - marcel dusk,
270098,130,6A,Techno (Peak Time / Driving),Reload Records,2025-08-08,GBKQU2574657,trial of the tribunal - waleed zd,
270099,132,12B,Techno (Peak Time / Driving),INVICTA,2025-08-08,US83Z2543550,fukushima - sabura,
270100,132,8A,Techno (Peak Time / Driving),Synthetic Affect Records,2024-04-12,DEH742407074,exhale - martisse,
270101,132,11B,Techno (Peak Time / Driving),Dark Face Recordings,2025-08-15,GBKQU2547046,"rebel (innervoix remix) - gaga, mateo!",
270102,130,12B,Techno (Peak Time / Driving),Alula Tunes,2025-08-22,US83Z2547636,the phantom - monococ,
270103,130,9B,Techno (Peak Time / Driving),Animarum Recordings,2025-06-06,DEH742514178,"out of control - mindslash, inline",
270104,125,2B,Melodic House & Techno,Animarum Recordings,2025-08-15,DEH742524290,"anything for you (extended mix) - patrick scuro, papitos",
270124,132,1B,Techno (Peak Time / Driving),Subios Records,2025-11-28,US83Z2565611,"fading light (shabiki remix) - vietzen, verschallt",
270147,128,9B,Techno (Peak Time / Driving),Evade,2026-03-12,US83Z2608151,imperium (monococ remix) - va o.n.e.,
270148,130,9B,Techno (Peak Time / Driving),Subios Records,2026-01-09,US83Z2575001,corp - feux,
270149,130,7B,Techno (Peak Time / Driving),Soupherb Records,2026-01-30,US83Z2572666,fly away - eremitage,
270150,132,4B,Techno (Peak Time / Driving),Subios Records,2026-03-06,US83Z2610766,die welt steht still - eremitage,
270151,128,2B,Techno (Peak Time / Driving),Joker Black Label,2025-08-07,US83Z2545579,"die stille schreit - kreisel, monococ",
270152,130,12B,Techno (Peak Time / Driving),Subios Records,2026-03-06,US83Z2610771,stay focus - tolee,
270153,130,5B,Techno (Peak Time / Driving),KOSMOS,2025-09-19,US83Z2552528,codec (roman adam remix) - aender,
271532,140,5B,140 / Deep Dubstep / Grime,Atlantic Records UK,2025-06-17,GBAHS2500558,victory lap - fred again.. skepta plaqueboymax,
271569,145,7A,Trap / Future Bass|Pop,OWSLA/Atlantic,2026-05-01,USAT22602481,smoke - skrillex isoxo cristale teezandos,
271763,121,4A,Dance / Pop,Sony Music Catalog,2021-03-26,ITJ049000013,future brain - den harrow,
271796,127,11A,Techno (Raw / Deep / Hypnotic),Orbe Records,2020-02-21,NLL562008890,unreal - orbe,
271797,127,6B,Techno (Peak Time / Driving),Anemone Recordings,2018-03-01,NLCK41045860,proto karma - eduardo de la calle,
271798,66,12B,Techno (Raw / Deep / Hypnotic),Analog Solutions,2015-12-07,ESA011701030,shift 002 a1 - eduardo de la calle,
271799,133,5A,Techno (Raw / Deep / Hypnotic),Cycles Music,2002-01-25,DER720200009,beside the line - alexander kowalski,
271801,133,2A,Techno (Raw / Deep / Hypnotic),Clone Records,2021-12-31,FI3AC2030010,fi3ac2030010 - aleksi perala,
271846,134.7,,"",,,QMV8X1800012,dead pool (dj attack's digital mess mix) - x-force,
272072,76,6A,Bass / Club,Hessle Audio,2020-11-06,GBUMC2000013,t's tent - laksa,
272081,91.6,,"",,,USSM12500364,high fashion - addison rae,
272334,117,9B,Techno (Raw / Deep / Hypnotic),Tresor Records,2019-12-06,DEF271931508,alphabet city - function,
272336,156,11A,Techno (Raw / Deep / Hypnotic),Non Series,2023-05-12,BEN582200808,suspiria (evigt mörker remix) - luigi tozzi,
272337,133,,"",,,CA5KR2489907,symmetry response - lonefront,
272338,140.9,,"",,,CA5KR2489913,"without a free palestine, the world knows no peace - guilt attendant",
272339,67,7B,Techno (Peak Time / Driving),Trauma Collective,2021-03-19,UKSV32000018,beneath the surface - kwartz,
272340,136,9A,Techno (Raw / Deep / Hypnotic),Nachtstrom Schallplatten,2024-10-21,QMDA62495308,fractal resonance - mist gasp,
272341,138,7A,Techno (Raw / Deep / Hypnotic),Lømsk,2023-03-31,SE6ZQ2200601,tonkonst - alexander johansson & mattias fridell,
272342,138,8A,Techno (Raw / Deep / Hypnotic),Symbolism,2024-06-28,NLMH62400043,rask - alexander johansson & mattias fridell,
272343,106,11A,Techno (Peak Time / Driving),KMYLE RECORDS,2023-03-17,FR9W12301606,rythmatic - kmyle,
272344,68,11A,Techno (Raw / Deep / Hypnotic),NODE Recordings,2022-04-28,NLCK42214255,rise from the abyss - jltz,
272355,134,5A,Techno (Raw / Deep / Hypnotic),Loopaina,2024-03-29,CH6542412318,amane (pyramidal decode remix) - kølpøs,
272881,140,1B,Techno (Peak Time / Driving),BangersOnly,2023-12-01,DEY472379041,watch me clang - dusty dan,
272937,86,11A,Drum & Bass,Critical Music,2021-03-19,GBVPL2100018,"rude af - sam binga, chimpo",
273747,88,6A,Hip-Hop,Motown,2001-06-12,USMO10110501,love me (album version (explicit)) - az,
273748,96,6B,House,Slip N Slide Records,1998-12-18,GBCPZ9816829,great day - charles dockins,
273749,96.9,,"",,,GBANY9400074,conspiracy (album version) - drizabone,
273750,102,7A,Electronica,Crammed,1993-09-01,BE6F59101020,soul magic (freestyle vocal) - ybu,
273751,108,,"",,,NLA200700051,compared to what - candy dulfer,
273752,110.8,,"",,,GBANY9400070,neighbourhood (album version) - drizabone,
273753,114,9A,Pop,EMI,2024-04-19,USUM72220403,realistic - shirley lewis,
273754,116,8A,Pop,CAPITOL CATALOG MKT (C92),2022-02-04,USCA20803565,tell the truth - gavin christopher,
273910,140,4A,Bass / Club,Pineapple Records (UK),2025-10-02,CA5KR2587865,memory leak - sir hiss,
273911,147,8B,Electro (Classic / Detroit / Modern),Fides,2024-11-22,NLCK42418634,loaded - footclan,
274750,132,1B,Minimal / Deep Tech,HIGH CEILINGS,2025-02-28,GBKQU2507906,emotion - toman,
274825,69,8B,Organic House,Cosmovision Records,2020-09-11,GBKQU2092740,sloth - jiony,
274826,92,12A,Organic House,Tchamma Yapu Records,2024-11-29,US83Z2417055,jaguar (arkay koo vision) - zoonido,
274827,92,3B,Organic House,FrequenSeed Music,2021-12-24,US83Z2148749,"numa - ishdub, tata-wati",
274829,95,1A,Downtempo,Serafin Audio Imprint,2025-04-11,DEY472474665,alphymba - nyvs,
274830,95,4A,Downtempo,Urban Cosmonaut Radio,2023-09-15,DEY472377355,bienvenue (yemanjo remix) - vinzoo,
274831,95,7A,Organic House,Tchamma Yapu Records,2021-12-21,US83Z2149555,corazón emplumado - rodrigo gallardo,
274832,95,4A,Downtempo,Resueno,2025-07-03,QZWV32517069,"cura - namirí, la forastería",
274833,95,8B,Downtempo,Camel VIP Records,2025-11-18,US83Z2562829,etnarabic (tamer elderini remix) - salvo migliorini,
274834,119,11B,Downtempo,Art Of Downtempo,2025-12-26,US83Z2571796,prayana - siddeffects,
274835,110,8A,Organic House,Resueno,2024-11-11,QZZ8A2436805,"al contemplar - mose, rodrigo gallardo",
274836,107,6A,Downtempo,Qualista,2025-06-20,US83Z2523596,"nebulae - rønhöff, qualista",
274837,114,4B,Downtempo,Cosmic Awakenings,2026-02-11,US83Z2605958,habanera - catteh,
274838,114,7B,Downtempo,ZUMA DOMA,2026-02-05,US83Z2603873,obsession - zuma dionys,
274839,115,12B,Downtempo,Sol Selectas,2025-06-20,US83Z2531221,nebula bazaar - musical religion,
274840,116,10B,Downtempo,Resueno,2025-11-29,QZZ8B2528955,heartbeat of the sacred valley (j.pool remix) - liquid bloom,
274841,114,10B,Downtempo,Pipe & Pochet,2025-05-02,US83Z2521978,dara - red circle,
274842,112,10B,Organic House,Desert Hut,2023-01-27,US83Z2241675,jungle dance (goldcap remix) - troja,
274843,118,12B,Organic House,Cosmic Awakenings,2025-04-22,US83Z2520472,devotion - rameff,
274845,122,5B,Afro House,Sacro Music,2026-03-20,FR10S2629303,salam - mestiza,
274965,118,1A,Caribbean,CTBC Music Group,2021-05-28,USUYG1068831,strictly roots - morgan heritage,
274974,70,11A,Dubstep,Incurzion Audio,2025-12-26,GB8KE2526540,bulldozer - qwirk,
274975,70,7B,Dubstep,HENCH,2008-04-21,GBQSE0700101,warp 9 - jakes,
274976,71,6A,Dubstep,Punch Drunk Records,2009-09-07,GBRYX0900023,good energy - rsd,
274978,140,8A,140 / Deep Dubstep / Grime,Tempa,2008-01-21,GBQGW0800104,oskillatah - skream,
275003,140,8A,Electronica,Planet Mu,2024-08-16,US78Q0910109,supligen - gemmy,
275004,70,3A,140 / Deep Dubstep / Grime,Kapsize,2024-08-09,UK7BN2426001,elastic band - joker,
275006,70,9B,Dubstep,Full Enjoy Music,2026-02-20,NLCK42601954,fury - sukh knight,
275007,136,12B,Breaks / Breakbeat / UK Bass,Full Fat,2025-02-26,USX9P2441670,closure - rukus,
275008,150.1,,"",,,QZHNA2334126,talk2me - mitch geist,
275009,140,6B,Dubstep,Black Acre Records,2020-06-12,GBTQV0800046,miss maui - von d,
275392,127,4A,Nu Disco / Disco,Legacy Recordings,2022-02-11,USSM11901089,"the more i get, the more i want (dj pierre's music box remix) - teddy pendergrass",
275393,132,10B,Dance / Pop,Sony Music Entertainment,2011-11-25,GBBBM8501285,i'm your man - wham!,
275756,129,7B,Pop,EMI Catalogue,2005-02-21,USCA26600159,aint that a lot of love - homer banks,
275757,133.7,,"",,,QZAKB2534084,psychedelic soul (part 1) - saxie russell,
275758,128,7A,Pop,ABKCO Music & Records,2017-12-15,USA171740434,sunny sunday (stereo) - bunny sigler,
275759,82,6A,Pop,Rhino/Warner Records,2014-12-04,USWB10107425,from the lonely afternoon - flora purim,
275760,136.5,,"",,,USMO17484685,theme of foxy brown / overture of foxy brown (medley) - willie hutch,
275761,133,8B,Nu Disco / Disco,WM UK,2011-08-08,USAT20500004,my love is getting stronger - cliff nobles,
275762,108,7A,R&B,Now Again Records,2025-12-05,USA2P2610364,"last night changed it all (i really had a ball) (12"" version) - esther williams",
275763,124,3A,Nu Disco / Disco,Jalapeno Records,2020-11-27,GBFBC1701656,"if it ain't funky back it up, pt. 1 - soopasoul",
275764,115,8A,R&B,Malibu Public Library,2021-06-11,QM6N22116424,call on me - barbara mercer,
275765,143.2,,"",,,USBAE0903078,astral trip - mystic moods orchestra,
275766,95.1,,"",,,QZNJV2347554,la cumbia serrena - los corralero de colombia,
275767,128.4,,"",,,QMD4D2500001,headed for the streets - herman h. harper ii,
275768,95,11B,Trap / Future Bass,Island Mercury,1996-05-21,USPR38009137,that's what time it is - leon haywood,
275770,111.6,,"",,,USX9P0608631,too careless with my love - dee edwards - various artists,
275772,121,6A,Rock,RCA/Legacy,2019-12-27,USSM11910369,gotta find a way - myrth,
276101,,,"",,,TCAEK1955076,india - lancey foux,
276257,123.7,,"",,,USV351407481,turn it - sweet d,
276258,124,2A,Trap / Future Bass,UNI/MOTOWN,2018-08-31,USUM71112358,you wear it well (m&m dub mix) - debarge,
276259,131,12B,R&B,Warner Strategic Marketing,2016-11-12,USSM12101642,only the strong survive (single version) - billy paul,
276652,143,6A,Techno (Raw / Deep / Hypnotic),EMERALD,2022-09-30,NLCK42215934,club 49 (original mix) - kenji hina,
276653,144,8A,Techno (Peak Time / Driving),Skryptöm records,2022-10-14,FR9W12235818,artificial serenity - kuss,
277162,153,3A,Electronica,Comme dans les films,2024-06-10,NLCK42408487,gotnolove - parfait,
277163,83,6B,Trance (Main Floor),SYNTHX RECORDS,2025-03-28,DEH742505501,distrustia - jawis fallon,
277164,155,7B,Hard Dance / Hardcore / Neo Rave,Galactic Harmony Records,2025-07-18,DEH742521385,echo d'amor - serafin,
277165,160,4B,Trance (Main Floor),Union Trance Mission,2025-06-20,FRDX62506530,system d - dj reiz,
277166,146,1A,Trance (Main Floor),DopamineWIFI,2024-10-25,DGA0L2494080,"atomic pulse - panteros666, dj dings, tim rausch",
277167,145,4B,Hard Dance / Hardcore / Neo Rave,Neotrance,2025-06-20,QM7282551773,imma kickback - aleye,
277168,152,12A,Trance (Main Floor),RAW.,2025-06-27,FRX282566937,dax motion - leo pol,
277170,147,9B,Trance (Main Floor),Rave Alert,2025-04-01,NLCK42504070,the truth - david rust,
277171,79,5A,Trance (Main Floor),RAW.,2025-07-03,FRX282552692,"transmission 2000 - dj sonnenbrand, butschi",
277172,154,7B,Hard Dance / Hardcore / Neo Rave,TELETECH,2025-04-11,DEH742510141,hypno dance - jokesonyou,
277274,143,10A,Techno (Raw / Deep / Hypnotic),Otium Records,2025-04-14,NLCK42503391,highway rituals (klint remix) - dj sun,
277275,71,2A,Techno (Raw / Deep / Hypnotic),Aum Recordings,2025-04-14,NLCK42503882,later (original mix) - seki yuki,
277276,144,3A,Techno (Raw / Deep / Hypnotic),MALöR Records,2023-05-12,NLCK42229759,dangerous games (original mix) - nicolas vogler,
277277,142,7A,Techno (Raw / Deep / Hypnotic),Vibrant Collective,2025-04-11,NLCK42505644,"give (original mix) - fran lf, fenim0re",
277278,140,5A,Techno (Raw / Deep / Hypnotic),Nineteen92 Records,2025-05-01,MXA3V2429297,chidori - kirk paxman,
277279,145,6A,Techno (Raw / Deep / Hypnotic),Mutual Rytm,2024-12-13,DEH742438615,starburst - annē,
277303,145,5A,Techno (Raw / Deep / Hypnotic),Mutual Rytm,2024-12-13,DEH742438611,sweet seventeen - annē,
277304,136,10A,Techno (Peak Time / Driving),Arts,2021-02-22,NLCK41080254,olympus mons - yan cook,
277918,133,9A,Minimal / Deep Tech,Reecords,2026-04-24,GBKQU2642993,ghetto soul (ramin rezaie remix) - reelow,
277919,130,6A,Minimal / Deep Tech,Yotto Records,2026-04-10,GBKQU2629986,what i want (simon erar remix) - aca (yu),
277920,129,6A,Minimal / Deep Tech,THUNDR,2026-05-22,CBEFB2602813,question marks (radio edit) - funk cartel,
277921,128,2B,Minimal / Deep Tech,Lotusland Records,2026-04-24,GXBNP2682278,open your mind (aca remix) - kristof l,
277922,132,10A,Minimal / Deep Tech,UNLISH,2026-05-29,GBKQU2654744,frequencies - alisha,
277923,130,4A,Minimal / Deep Tech,WYLD,2026-06-19,GBKQU2660301,stimulation - ryan resso,
277924,129,10A,Minimal / Deep Tech,WYLD,2026-06-19,GBKQU2660298,turn it up - ryan resso,
277925,130,6B,Minimal / Deep Tech,VIENNA RECORDS,2026-05-08,GBKQU2645478,natural electronic - julian post,
277926,130,5A,Minimal / Deep Tech,WYLD,2026-06-19,GBKQU2660299,the future - ryan resso,
277927,130,10B,Minimal / Deep Tech,WYLD,2026-06-19,GBKQU2660300,fading light - ryan resso,
277928,130,7A,Minimal / Deep Tech,Lotusland Records,2026-05-22,GXBNP2682382,at the jam (original mix) - aca (yu),
277929,130,8A,Minimal / Deep Tech,Pitch Records,2026-04-17,GBKQU2636050,vision - jorge mattos,
277930,133,5B,Minimal / Deep Tech,Eastenderz,2026-05-29,GBKQU2650637,back pressure - mariche,
277931,133,6A,Minimal / Deep Tech,Bamboleo,2026-05-29,GBKQU2653291,ministry of bass - dimmish,
277932,132,7B,Minimal / Deep Tech,Bamboleo,2025-03-28,GBKQU2521687,whats going on - alev tav,
277933,133,10B,Minimal / Deep Tech,Eastenderz,2026-05-29,GBKQU2650638,locked groove - mariche,
277934,132,1A,Minimal / Deep Tech,VIENNA RECORDS,2026-05-08,GBKQU2645479,dbtl - julian post,
277935,132,7A,House,Hush.,2025-12-23,GBLV62524636,hypnotic (radio edit) - dale howard,
277936,130,6B,Minimal / Deep Tech,VIENNA RECORDS,2026-05-08,GBKQU2645480,natural electronic (gigsta remix) - julian post,
277937,128,10A,Minimal / Deep Tech,NOPRESET Records,2025-05-16,QZG2X2418344,carnival sunset - juampi saillen,
277938,128,8A,Minimal / Deep Tech,Zealous Records,2026-03-19,GBKQU2614338,showin' up - ollie nick,
278094,102,5A,Latin Electronic,Club Romantico,2021-10-15,ES71G2138466,sola - sangre nueva,
278101,132,4B,Breaks / Breakbeat / UK Bass,International Chrome,2024-04-25,NLCK42404896,suku's skooter (skit) - miss jay,
278256,146,4A,Techno (Raw / Deep / Hypnotic),Safe Space,2025-04-11,DEEN72500011,standing on one foot - filtrack,
278257,143,12A,Techno (Raw / Deep / Hypnotic),Mitsubasa,2025-06-20,DEAR42554302,sanjuro - obscure shape,
278258,144,10A,Techno (Raw / Deep / Hypnotic),RI7MO,2023-04-27,GBKQU2338599,tráemelo - mental duality,
278259,147,2A,Techno (Raw / Deep / Hypnotic),Planet X Recordings,2024-11-15,NLCK42420419,gergin (original mix) - danny wabbit,
278260,144,6A,Techno (Raw / Deep / Hypnotic),Frenzy Recordings,2025-03-07,NLCK42501066,reborn identity - obscure shape,
278261,146,4B,Techno (Raw / Deep / Hypnotic),Suara,2024-04-12,QM6MZ2429883,navigation - ned bennett,
278262,144,1A,Techno (Raw / Deep / Hypnotic),Monnom Black,2024-12-06,NLCK42420089,functions - lars huismann,
278263,109,7A,Techno (Raw / Deep / Hypnotic),Soma Records,2024-04-05,GBBVL2406661,moon lander - annē,
278264,147,8A,Techno (Raw / Deep / Hypnotic),Bipolar Disorder Records,2024-02-16,NLCK42401056,enter the library - bours?,
278265,142,9B,Techno (Raw / Deep / Hypnotic),Frenzy Recordings,2025-03-07,NLCK42501072,stranger eyes - obscure shape,
278266,145,10A,Techno (Raw / Deep / Hypnotic),LABURNŪM,2025-04-29,GXBNP2504985,connect - aidan rudd,
278267,148,5A,Techno (Raw / Deep / Hypnotic),BCCO,2023-08-05,DEPI82320414,khazad-dûm - bours?,
278268,147,6A,Techno (Raw / Deep / Hypnotic),...is serving,2025-06-06,NLCK42508068,scream - boyca,
278271,141,9B,Techno (Raw / Deep / Hypnotic),Frenzy Recordings,2025-03-07,NLCK42501073,your deadline is over - obscure shape,
278273,144,2A,Techno (Raw / Deep / Hypnotic),Life In Patterns,2025-05-09,DEVV92501303,lost you - slv,
278814,87,4A,Drum & Bass,V Recordings,2025-10-03,GBCEQ2500066,high rollers - numatix,
278990,92.8,,"",,,USHM80648236,champion sound - dubmatix,
278991,90,8A,Electronica,Echo Beach,2025-10-17,DEH262521508,dubnium - dub spencer & trance hill,
278992,164,1B,Caribbean,VP Records,2009-03-16,USVPR0613013,champion sound - colin roach,
278993,132,5B,Drum & Bass,Future,2025-12-26,NL1ZN2503739,see through you - blank canvas,
278994,164,12B,Drum & Bass,Raider Records,2025-04-07,GB8KE2506894,i can't stand - 12bit jungle out there,
278995,88,7A,Drum & Bass,Raider Records,2025-04-07,GB8KE2506897,wu-tang style - msdos,
278996,80,7A,Drum & Bass,Raider Records,2025-04-07,GB8KE2506896,"roots & culture (baktrax remix) - greg even, jah garvey",
278997,88,5B,Drum & Bass,Raider Records,2025-04-07,GB8KE2506890,"wrap up a spliff (serial killaz remix) - jah mason, mad sam, serial killaz",
278998,100,9A,Drum & Bass,Raider Records,2025-04-07,GB8KE2506895,joke ting - guzi,
278999,94,6B,Trap / Future Bass,The Bicycle Music Company,2014-09-23,USA370507632,on fire (remix) - tone-loc,
279653,138,7A,UK Garage / Bassline,Lobster Boy 3,2025-12-05,QMFMG2567418,system b - redlight,
279654,130,8B,Breaks / Breakbeat / UK Bass,Primitive UK,2025-11-21,GB8KE2526676,bad man pull up - dedman,
279655,130,3A,Breaks / Breakbeat / UK Bass,877 Records,2017-05-12,GBV9V1200098,bad hood (original mix) - distro,
279656,136,5B,Breaks / Breakbeat / UK Bass,Pineapple Records (UK),2025-03-28,CA5KR2515234,dabber - zerofg,
279657,110,2A,Drum & Bass,Pure Jungle,2025-12-26,GB8KE2531181,musical murda - bladerunner,
279912,128,2B,House,Pop Tomorrow,2024-09-12,QM7282473712,zigzag (luke alessi remix) - kino todo,
280097,,,"",,,UKRNU2100707,flute and the hobo - madmadmad,
280098,97,,"",,,UK8262501454,personal assistant - dania,
280099,105,3A,Breaks / Breakbeat / UK Bass,Live At Robert Johnson,2017-09-15,DEU671701915,multipass - orson wells,
280100,96.5,,"",,,USCRW0360901,dreamspeed 1 - anton fier,
280506,124,8A,Melodic House & Techno,Rumors,2022-03-18,CH7532200001,pyramid of the moon - guy gerber,
280756,127,8B,Minimal / Deep Tech,Hidden Dimension,2026-01-07,US83Z2572584,red asahi - ollie ballyn,
280757,128,4A,Minimal / Deep Tech,Solina,2025-06-13,CA5KR2533581,g2v-019 - alexey mogutin,
280758,129,7A,Minimal / Deep Tech,Rockets Audio (Berlin),2023-09-01,QZMHK2307339,beautiful mind - matheiu,
280759,127,12A,Minimal / Deep Tech,Tervisio,2024-07-19,GBKQU2462365,shine - max jacobson,
280760,128,12A,Minimal / Deep Tech,Let's Be Franc.,2025-06-06,CA5KR2534627,drift logic (original mix) - paul franc,
280761,126,11A,Minimal / Deep Tech,Evaporate 蒸發,2024-02-24,GBKQU2417173,let the bullets fly 讓子彈飛 (fedo remix) - koliseum,
281146,89,,"",,,USLR59900477,for heavens sake - wu-tang clan,
281147,98,9B,Hip-Hop,Cleopatra Records,2025-05-02,QM6XS2412369,hip hop drunkies (rerecorded) - tha alkaholiks,
281148,97,10A,Trap / Future Bass,RCA Records Label,1995-11-03,USRC19502806,"redman & method man - freestyle - redman, method man",
281149,85,10A,Hip-Hop,Epic/Razor Sharp Records,1999-07-13,USSM19602722,motherless child - ghostface killah,
281151,85,1A,Trap / Future Bass,Modulor,2012-05-08,USRC19807953,strange fruit - pete rock,
281152,129,4B,Hip-Hop,Greenstreets Entertainment,2002-04-30,USHKR0941015,so high (g-13) - rza,
281153,95,9A,Trap / Future Bass,Def Jam Recordings,2006-06-06,USUM70600028,"be easy (album version (edited)) - ghostface killah, trife da god",
281154,122,10A,Trap / Future Bass,Universal Music Enterprises,2017-09-01,USGF19581306,liquid swords - gza,
282821,127,4B,House,Myth of NYX,2026-03-20,GBKQU2621674,shined on me - essel,
282853,132,11A,Bass House,Night Bass Records,2025-06-27,CA5KR2536312,"you & me - ac slater, qlank, col3man",
283064,105,3A,Techno (Raw / Deep / Hypnotic),Molecular Recordings,2025-10-10,DEH742529298,hollow matter - heliosphere,
283292,133,8A,Techno (Peak Time / Driving),Emphatic Records,2023-05-12,NLCK42229980,gerada (original) - bartig move,
283293,135,12A,Techno (Raw / Deep / Hypnotic),Children Of Tomorrow,2022-03-18,DEKB72067737,inercia (original mix) - bartig move,
283294,136,2B,Techno (Raw / Deep / Hypnotic),Children Of Tomorrow,2022-03-18,DEKB72067739,decadencia (original mix) - bartig move,
283295,134,5A,Techno (Raw / Deep / Hypnotic),Postdynamic,2025-05-16,DECH62001618,phase space (mist gasp remix) - robert hoff,
283296,99,3A,Techno (Raw / Deep / Hypnotic),Timeless O'Clock,2024-11-14,NLCK42418557,quimera - bartig move,
283297,138,8A,Techno (Raw / Deep / Hypnotic),Mord,2023-01-06,NLCK42221847,melting shoes - mist gasp,
283298,136,7A,Techno (Raw / Deep / Hypnotic),Darkroom Bureau,2022-11-04,GBKQU2292877,pandelium - vara de garganta,
283299,136,11A,Techno (Raw / Deep / Hypnotic),Mord,2024-05-10,NLCK42405129,the season - mist gasp,
283300,134,11A,Techno (Peak Time / Driving),Emphatic Records,2023-05-12,NLCK42229983,nautica (original) - bartig move,
283301,133,12A,Techno (Raw / Deep / Hypnotic),Airsound Records,2024-03-15,DEH742405178,desgracia - bartig move,
283302,133,12A,Techno (Raw / Deep / Hypnotic),Airsound Records,2024-03-15,DEH742405184,diversia - bartig move,
283419,98,7B,Electro (Classic / Detroit / Modern),We Are The Brave,2023-09-15,DEG932303255,polished chrome (electro mix) - christian smith,
283421,136,3A,Techno (Raw / Deep / Hypnotic),Tronic,2024-12-06,GBLV62412108,dark passenger (original mix) - lorenzo fasano,
283422,139,6A,Techno (Raw / Deep / Hypnotic),Mord,2024-08-30,NLCK42414421,wujhca - viels,
283423,66,7B,Techno (Raw / Deep / Hypnotic),Tono Limited,2024-11-29,CA5KR2501304,yosi 01.1 (original mix) - yositoko,
283424,138,9B,Techno (Raw / Deep / Hypnotic),Illegal Alien Records,2022-12-30,QMSL32200154,20 minute challenge - temudo,
283425,136,11A,Techno (Raw / Deep / Hypnotic),TMM Records,2024-06-05,DEZN82366254,autostatic (original mix) - vegim,
283426,136,6B,Techno (Raw / Deep / Hypnotic),Solitär,2025-03-07,NLCK42503373,assimilation (oxygeno remix) - lakej,
283427,140,11A,Techno (Raw / Deep / Hypnotic),Paralelo,2024-04-26,GBKQU2436070,access - pfirter,
283428,140,11A,Techno (Raw / Deep / Hypnotic),SMUTA,2025-06-02,NLCK42508460,master forces - p.a.ǝ.z,
283429,142,7A,Techno (Raw / Deep / Hypnotic),Soma Records,2024-11-08,GBBVL2406762,like to your story - lidvall,
283430,140,9A,Techno (Raw / Deep / Hypnotic),CROWD (DE),2023-06-22,NLL562301567,"hop on (fjaak remix) - sterac, fjaak",
283710,83,7B,Nu Disco / Disco,Horisontal Mambo,2022-09-30,DECY52200892,via faro - giorgio lopez,
283711,82,7A,Nu Disco / Disco,Epic/Legacy,2014-10-03,USSM10104368,sparkle city - shuggie otis,
283712,83,7B,Afro House,Emotional Rescue,2023-11-14,QMFMF2358870,"hard working - betty, the code red",
283713,86,7A,Pop,RCA Records Label,2023-01-04,CH1439800018,"specchi riflessi - adriano celentano, mina, minacelentano",
283714,84.9,,"",,,FR6Z72300299,magnifirec - stanislas tohon,
283715,106.1,,"",,,ITI029200007,fight da faida (original version) - frankie hi-nrg mc,
283716,102,,"",,,ITL672000104,andromeda (original 45 version) - andromeda,
283717,95,5A,Nu Disco / Disco,Periodica Records,2025-05-12,ITA642500052,sunset breaker - mystic jungle,
284721,124,8A,Minimal / Deep Tech,BNN RECORDS,2022-02-14,GBKQU2208027,"nothing control (dj entwan remix) - david balmont, edu saiz",
284722,124,8B,Tech House,Cacao Records,2020-02-21,GBKQU2005796,wintergarten cocaine cowboys (daniel jaeger remix) - raphael hofman,
284723,125,11A,Tech House,LOW CEILING,2021-08-06,GBKQU2176010,"sleep - no hopes, pushkarev",
284817,85,10A,Indie Dance,Fauna Reve,2022-12-09,QZWDD2276032,"taipanic bite - a-tweed, oltrefuturo",
284818,87,12A,Bass / Club,Nervous Horizon,2022-12-02,UKA9G1700090,survivorship bias - henzo,
284819,125,8B,Trance (Main Floor),Electric Shapes,2021-08-20,DEH742212823,far east flight (black seed karakorum remix) - far east flight,
284820,132,12A,Latin,WM Spain,2026-01-26,QMBZ91906600,trafikantes - la zowi,
284821,82,11B,Techno (Peak Time / Driving),Pocketmoth,2021-11-11,DECY52102157,as time passes (nora drum remix) - iti,
284822,130,7B,Bass / Club,"Left, Right & Centre",2022-03-04,GBKQU2210031,dry martini - pluralist,
284823,71,1A,Breaks / Breakbeat / UK Bass,Lavibe,2023-04-13,FRDX62302140,computa riddim - gяeg,
284824,124,7B,Tech House,Saved Records,2018-10-12,GBJAJ1801542,better days - themba,
284825,84,3A,Drum & Bass,Breaka Recordings,2022-02-18,GBKQU2202678,admit ignorance - breaka,
284826,108,8A,140 / Deep Dubstep / Grime,Twenty Twenty London Recordings,2020-12-11,UKCTU2003401,husk - ivy lab,
284827,144,7A,Techno (Peak Time / Driving),Inveterate,2022-08-05,NLCK42217230,v.o.i.d. (tapefeed remix) - sha ru,
285032,151,,"",,,DEMM42301238,don't say a word - kander,
285040,154,11A,Hard Techno,Drox Trax,2023-06-09,GBWUL2336860,one night (original mix) - ruthless,
285163,138,12A,Techno (Raw / Deep / Hypnotic),Rhythm Without Reason,2024-04-05,GX8XQ2200006,kinbaku groove - dying in beauty,
285164,142,4A,Techno (Raw / Deep / Hypnotic),Arketip Discs,2022-04-08,NLCK42210821,"dorian moods (original) - fergus sweetland, casual treatment",
285167,143,10B,Techno (Raw / Deep / Hypnotic),Overlast Records,2022-12-09,NLFC82200038,glov (remastered 2021) - speedy j,
285508,122,5A,House,Copenhagen Underground Posse,2018-09-21,FR96X1805321,lets play - b from e,
285655,120.1,,"",,,USME31201880,locked in closets - solange,
285902,140,4A,140 / Deep Dubstep / Grime,1Forty,2022-08-22,GX72H2200007,osami - sketchi,
285908,150,9B,Dubstep,OWSLA/Atlantic,2025-04-01,USAT22501808,"korabu (feat varg2™, whitearmor, eurohead, jamesjamesjames) - skrillex",
286136,126,9A,Breaks / Breakbeat / UK Bass,Anchor Point,2016-03-23,UK8XM1600026,daniel gets it wrong - bonzai,
286137,130,8A,Electronica,Knightwerk,2019-02-15,USA2P1911009,drip drop (wristboi remix) - cherie lily,
286138,130,,"",,,FRX201983773,india - rude kid,
286139,127,2A,Hip-Hop,Sugar Trap,2018-06-15,USAT21802214,bitch i'm nasty - rico nasty,
286140,135,7A,Techno (Peak Time / Driving),Nervous Horizon,2015-11-14,UKACT1550889,yeah - tsvi,
286141,139.9,,"",,,AUVWE2301191,bring wet cunt - zheani,
286143,161,7A,Hip-Hop,Elektra (NEK),2022-07-01,USAT22107451,masquerade - siouxxie sixxsta,
286258,122,7A,House,NDATL Muzik,2024-11-01,QZK6J2352810,rain fall down - kayenne live,
286260,124,8A,Deep House,Vibe Me To The Moon,2025-09-12,GBKQU2582985,"don't go stay - logo alloy, zam t",
286261,123,7A,House,Honeycomb Music,2025-08-01,USUAS2500007,starlight (honeycomb radio mix) - josh milan,
286262,126.1,,"",,,DEK602504050,calling you (original mix) - luciano esse,
286263,124,8A,Deep House,Makin' Moves,2025-09-05,GBQ491200778,"love what you do to me (bang the drum instrumental mix) - sean ali, andre espeut",
286265,123,9A,Deep House,House Keys Records,2024-06-07,GBC4W2200009,a groove's testament (klevakeys main mix) - klevakeys,
286393,117,7A,R&B,Raedio PS/ Def Jam,2025-11-14,USUG12501870,smh - jae stephens,
286394,120,7A,Pop,Kemosabe Records/RCA Records,2025-08-21,USRC12500972,jealous type - doja cat,
286395,120,7A,Rock,Columbia (Sony),2021-06-04,USQX92101880,it won't get ya - q,
286396,121,8A,Hip-Hop,Empire/Atlantic,2017-12-02,USUYG1114367,outta sight / dark lavender (interlude) - shelley fka dram,
286398,122,10B,Rock,Columbia (Sony),2023-01-27,USQX92200119,luv (i know i want this for real) - q,
286399,128.9,,"",,,GBWWP1904866,guide - steve lacy,
286400,130,,"",,,GBUM71304460,flatline - sugababes,
286402,115,3B,Dance / Pop,A&M,2018-07-18,USAM10110363,miss you much - janet jackson,
286403,116,11A,R&B,Island Def Jam,2018-12-14,USPR39402458,word up! (extended version) - cameo,
286404,117,7A,Dance / Pop,A&M,2018-07-18,USUM70732209,the pleasure principle (edit) - janet jackson,
286405,86,3B,Dance / Pop,A&M,2007-04-24,USWWW0129522,let's wait awhile - janet jackson,
286406,104,11A,Dance / Pop,A&M,2018-07-18,USAM19500847,nasty - janet jackson,
286422,129,6A,Tech House,SPINNIN' DEEP,2025-03-14,NLZ542500076,say my name (extended mix) - joshwa,
286423,126,3A,Tech House,Material Trax,2022-04-29,GRMT12201064,"someone - gagh, ariel sacone",
286495,161,6B,House,Young,2026-07-23,UK7MC2400204,heavens sent - john glacier,
286497,142,8B,House,4AD,2026-07-23,GBAFL2400026,to trust you - becky and the birds,
286498,118,10B,Ambient / Experimental,Smugglers Way,2025-07-18,GBCEL2400899,give-upping - disiniblud,
286499,146,5B,Pop,Atlantic Records,2025-06-20,USAT22503155,river stream (feat cecile believe) - sam austins,
286500,136.1,,"",,,QM7282578469,"hold you - jasper tygner, art school girlfriend",
286501,156,3B,House,Warp Records,2024-03-27,GBBPW2300123,an embroidery - clarissa connelly,
286516,140.2,,"",,,CBEFB2500887,like gwen stefani - finessekid,
286602,127,5A,Electronica,Pique,2021-06-11,USYBL2101241,frostbite (remix) (asmara meets tapiwa on planet kizomba) - ahya simone,
286603,94.4,,"",,,GBVUT1050711,take this ring - toni braxton,
286605,,,"",,,QMDA72595168,gulabi rangiye - raman bains,
286606,97.9,,"",,,USA2P1191612,barb wire riddim (instrumental) - suku,
286608,75,6A,Caribbean,Teshaunna Music Production,2025-03-19,QZGLS2576062,whine fi mi gyal - vybz kartel,
286611,110,8A,R&B,OVO Sound,2022-12-30,USWB11401776,all i do - majid jordan,
287060,122,2A,Bass / Club,Black Major x Ice Drop,2025-09-12,,"gqtech - dj lag, ape drums",
287308,138,1A,UK Garage / Bassline,ATW Records,2025-08-15,,doin' it - silva bumpa,
287325,97,5A,Latin,Carlos Cortez,2026-03-20,USA2P2614425,no hay lío - carlos corté$,
287326,102,11B,Dance / Pop,Tempvs Music,2026-02-27,FR2X42600427,kadereandooooo - pepo mix,
287327,97.8,,"",,,US6R22524452,splendor (любовь втроём) - rojuu,
287328,99.9,,"",,,QT5M62648441,chakaton (somos los bellakos) - dj mega us,
287329,90,1A,Latin,Universal Music Latino/ Grabaciones Los Poderosos,2026-03-20,QT7ZW2600005,trankaito - feid,
287330,100,4B,Latin Electronic,DSMG,2026-03-25,QM6MZ2646795,digdis - king doudou,
287331,103,,"",,,QZ5AB2619062,faltosear - 8.am,
287333,130,,"",,,USY282502682,"clarividencia - syztema, rosa pistola",
287334,82.4,,"",,,QZNRS2509055,miel ฅ^>⩊<^ ฅ - ed lalo,
287339,128,10A,Melodic House & Techno,Last Night On Earth,2011-08-22,GB94U1100001,cut me down - sasha,
287341,123,9A,Melodic House & Techno,Greco-Roman,2022-05-06,GBRTB1100088,gabriel - joe goddard,
287343,126,10B,Techno (Peak Time / Driving),Border Community,2006-10-30,,lump - holden,
287344,125,7A,Electronica,Brainfeeder,2018-07-27,US25X1800614,wear me down - ross from friends,
287345,134,12B,UK Garage / Bassline,Mad Decent,2024-03-22,USZ4V2400077,lltb (glimji remix) - jam city,
287346,130,4B,R&B,Nice Life,2026-05-05,USLD91750489,gravity - tinashe,
287347,136,4A,Dance / Pop,Future Classic,2024-09-20,AUFF02400162,just concentrate - cameo blush,
287348,125,8B,Breaks / Breakbeat / UK Bass,Houndstooth,2018-11-30,GBEXH1800037,subtitles - throwing snow,
287349,140,5B,House,7CULT,2025-06-27,US3DF2582431,little spoon - miinds,
287350,99,10A,Techno (Peak Time / Driving),Night Slugs,2012-07-11,GBQLP1200137,reminder (l-vis 1990 cc mix) - bok bok,
287351,139,12B,Breaks / Breakbeat / UK Bass,Method 808,2024-06-06,QZTLA2456656,don't risk it - megra,
287352,145,5B,Trap / Future Bass,Mad Decent,2025-05-30,USZ4V2500221,cycles - dj_dave,
287353,151,10A,Bass / Club,-NUXXE-,2023-02-03,UKQNV2100351,kepko - sega bodega,
287354,127,8B,Dance / Pop,BOXSET,2026-02-13,US6R22530251,distant shade - just lil,
287355,110,6B,Dance / Pop,BOXSET,2026-02-13,QMFMF2511784,think about u - just lil,
287356,123,4B,Dance / Pop,BOXSET,2025-03-13,QM4TX2561360,rose on a stone - just lil,
287357,90,2A,Electronica,Incienso,2023-05-05,USYBL2300015,"late at night - beta librae, james k",
287358,131,1A,Indie Dance,Echocentric Records,2023-08-11,FIEC12300015,better - skinny wizard,
287359,133,10B,Dance / Pop,Method 808,2024-10-18,QZS7J2469264,"ice cream dream boy (k-lone creamix) - shanti celeste, k-lone",
287361,130,10A,Dance / Pop,Columbia (Sony),2025-05-09,GBARL2501119,"blessings (airwolf paradise remix) - calvin harris, clementine douglas",
287362,127,4A,Tech House,SPINNIN' DEEP,2025-02-14,NLZ542500030,mirror machine (feat aurelia ray) (extended mix) - ferreck dawn,
287768,126,7A,Jackin House,Mattei & Omich Music,2026-06-12,GBKQU2610100,piano line 94' - re-tide,
288102,124,7A,Deep House,Landed Records,2012-11-26,GB7EJ1200930,ignition - dwayne jensen,
288103,120,10A,House,OM Records,2002-02-02,USOM80938810,rude groove (original mix 4 the headz) - marques wyatt,
288937,125,9B,Progressive House,Transpecta,2018-06-18,UKACT1826896,ganesa (original mix) - tali muss,
289587,107,6A,Electronica,Aula Magna Records,2014-11-20,USLZJ1691318,file search - seph,
289588,95,7A,Electronica,Exit Records,2012-03-19,GBSZM1100077,becomes - dan habarnam,
289589,106,5A,Electronica,Futurepast,2020-11-06,GX5DT2100025,uninhabitable zones - david morley & davy vandegaer,
289590,145,12B,Electronica,Crossfade Sounds,2025-03-10,US83Z2505561,preflexus - rheinkalk,
289591,121,8B,Techno (Raw / Deep / Hypnotic),Oslated,2025-05-16,CA5KR2090402,underground sea (original mix) - stigr,
289592,64,10B,Techno (Peak Time / Driving),Shadow Story,2015-07-23,UK9G81400033,the end of eternity - dronelock & ontal,
289593,97,7B,Techno (Peak Time / Driving),Diffuse Reality Records,2021-08-30,GBKQU2174894,the violence of separation - shaded explorer,
289594,132,11B,Techno (Peak Time / Driving),YGAM,2020-10-13,NLCK41073826,lumbricina - catartsis,
289595,125,10B,Electronica,Posh Isolation,2018-03-02,GBHLW1800502,m4p - yen towers,
289596,124,9A,Rock,Palace Creek,2026-06-06,USA2P2543412,pixelated kisses - joji,
289794,137.4,,"",,,ITL981000007,la canzone del riformatorio - baustelle,
289795,163.2,,"",,,GBUM72200263,don't let me down (rooftop performance / take 2) - the beatles,
289796,135.9,,"",,,GBUM71505912,the ballad of john and yoko (remastered 2015) - the beatles,
289797,69,12B,Rock,Rhino Atlantic,2013-11-11,USAT21300924,how many more times (remaster) - led zeppelin,
289799,68,9B,Rock,Columbia (Sony),1989-04-18,USSM10408493,"move over (live at mcmahon stadium, calgary, canada - july 1970) - janis joplin",
289800,163,,"",,,FRZ196100180,"24000 baisers (live, février 1961) - johnny hallyday",
289801,,,"",,,ITB008000607,cara - lucio dalla,
289802,146.7,,"",,,ITL981000001,le vacanze dell'ottantatre - baustelle,
289803,121,9B,Pop,Universal Music Italia srL.,2018-11-30,ITUM71800958,milano e vincenzo (remastered 2018) - alberto fortis,
289804,130,9B,Pop,Universal Music Italia srL.,2018-11-30,ITUM71800962,nuda e senza seno (remastered 2018) - alberto fortis,
289805,150,7B,Pop,WM Italy,2018-12-07,ITM000103079,re - loredana bertè,
289806,109,2A,Dance / Pop,Capitol Records,2004-05-17,USCA20702762,i'm not perfect (but i'm perfect for you) (remastered) - grace jones,
289809,91.4,,"",,,BRWMB9701994,senhora liberdade - zezé motta,
289810,89,9B,Rock,Columbia (Sony),1989-04-18,USSM10021716,"kozmic blues (live at cne stadium, toronto, canada - june 1970) - janis joplin",
289812,100,8A,Rock,Alberts,2026-02-06,AUAP07500053,friends - john paul young,
289813,86,9B,Rock,Otr Live,2025-04-30,FR6V80408302,l'uomo di ieri - paola turci,
289814,164,8B,Rock,Columbia (Sony),1989-04-18,USSM10024842,"half moon (live at cne stadium, toronto, canada - june 1970) - janis joplin",
289815,94,11B,Pop,Universal Music Italia srL.,2018-11-30,ITUM71800961,la sedia di lillà (remastered 2018) - alberto fortis,
289816,87,12B,Rock,Atlantic Records,2014-05-30,USAT21300927,the lemon song (remaster) - led zeppelin,
289817,100,12A,Pop,"Universal Music, a division of Universal International Music BV",2001-03-19,ITB007600636,margherita - riccardo cocciante,
290950,144,2B,Techno (Raw / Deep / Hypnotic),Monnom Black,2024-10-04,NLCK42415975,orwellian times - dax j,
291190,84,5A,Electronica,Flux Collective,2026-02-06,NLCK42602063,deep reflection - trillosta,
292823,104,3B,Breaks / Breakbeat / UK Bass,Erbium Records,2025-12-01,CA5KR2604163,sea urchin - frankie elyse,
292824,134,8A,Electro (Classic / Detroit / Modern),Astrophonica,2021-01-22,GB3WZ2000603,wavefile_dayjob - client_03,
292825,139.9,,"",,,QZNRS2531225,140 km/h - azogial,
292826,140,9B,Bass / Club,Future Classic,2023-06-23,AUFF02300378,"never let them know your next move - nikki nair, breaka",
292828,148,11A,Bass / Club,Bpitch Control,2022-05-06,DEAE62200039,noski - nocow,
292829,80.2,,"",,,QT6Y22544217,fusion - reallyraw,
293484,112,2A,Organic House,kontrapost,2023-04-18,US83Z2311389,voy a volver (landikhan's slow trance remix) - antaares,
294836,123,9A,Tech House,Snatch! Records,2017-12-01,GB9UU1700117,ease the pain (original mix) - flashmob,
295468,128,11B,Techno (Peak Time / Driving),Tronic,2019-02-04,GBKQU1904475,mask yourself - laat,
295488,120,2A,Progressive House,Stellar Fountain,2017-10-09,US83Z1788510,leave (cosmonaut remix) - underground ticket,
295489,123,7A,Melodic House & Techno,Stil Vor Talent,2018-06-22,DEUD91844855,chasing the sun - jiggler,
295490,123,7B,Tech House,Flamingo Recordings,2018-07-21,NLBV21800012,lodi (extended mix) - funkerman,
295491,122.1,,"",,,NLE801300211,pondifonk (rene amesz mix) - funkerman,
295492,121.9,4A,Progressive House,Stellar Black,2015-04-21,US83Z1523435,souldance - underground ticket,
295493,123,2B,Tech House,Kittball,2016-01-12,DECL81500238,another day (heartless dub) - demarzo,
295494,124.9,1B,Tech House,Stereo Productions Catalog,2018-06-29,ES7841823601,killer track - flashmob,
295495,126,3A,Tech House,Formatik,2021-01-01,DEMI32000291,fullhouse (2021 remaster) - format:b,
295496,125.1,5B,Progressive House,Bonzai Progressive,2016-11-28,BEY921490269,forsaken (instrumental mix) - stan kolev,
295498,124.9,5B,Tech House,CYFI,2017-12-08,NLE801700473,"pick you up - funkerman, marco lys",
295499,124,7A,Melodic House & Techno,Stil Vor Talent,2010-05-24,DEKN60900224,just a groove (original version) - niko schwind,
295500,123,1A,Techno (Peak Time / Driving),KD Music,2015-08-03,DEPU61506002,"get up (ruben mandolini remix) - kaiserdisco, cesar martinez",
295501,124,5A,Techno (Peak Time / Driving),Drumcode,2015-11-09,GBUR61500116,sq 80 - kaiserdisco,
295502,125,8A,Tech House,Natura Viva,2013-05-27,DEAA21200277,get yaa! - jay lumen,
295503,126.1,9B,Techno (Peak Time / Driving),Footwork,2021-05-28,NLR341570032,black stabs (roberto capuano remix) - jay lumen,
295504,126,3A,House,Tuamotu,2013-12-23,US3GD1401137,"i need ya (original mix) - friscia & lamboy, mike ivy",
295505,124.2,3A,House,BEAT Music Fund,2015-10-23,GBCEN1501480,chunky (dj s.k.t remix) - format:b,
295506,123.7,10A,Tech House,Stereo Productions Catalog,2018-06-29,ES7841823602,take your car - flashmob,
295507,123,5A,Tech House,Flashmob Records,2018-01-19,ITKG01700106,drop the bass (original mix) - flashmob,
295508,126,6A,Techno (Peak Time / Driving),Whole Story Records,2022-07-26,US8DZ1200935,lucky number (original mix) - da fresh,
295509,123,7B,Tech House,Sincopat,2014-07-14,QM6MZ1743898,holster (original mix) - demarzo,
295510,125,1A,House,Hoehenregler Records,2009-12-07,DECY50953133,negro (dj sneak remix) - basti grub,
295511,124,9B,Tech House,Solid Grooves Records,2015-12-28,GBLV61509941,restoration (original mix) - michael bibi,
295512,124,,"",,,DEF010800724,wenn ich an die kosten denke - basti grub,
295513,125,3B,Tech House,Kraftek,2015-01-26,US7NS1500004,whip (mladen tomic remix) - anna,
295519,122,9A,Progressive House,Sound Avenue,2019-01-14,US83Z2011950,ahora (eran aviner & hermanez remix) - matias vila,
295664,138,7B,Psy-Trance,Smash The House,2019-05-17,BEG851900060,"untz untz - dimitri vegas & like mike, vini vici, liquid soul",
295671,155,10B,Hard Dance / Hardcore / Neo Rave,EXTATIC Records,2024-11-01,NLQ8D2400879,"the creator - the rocketman, shvdz",
295672,158,12B,Hard Dance / Hardcore / Neo Rave,Tendenza Italy,2025-01-24,CA5KR2509799,kick in session (original mix) - ventur,
295673,154.9,,"",,,QZFP52400405,detonate - thiso,
295675,154,11A,Hard Techno,Techno Germany Records,2025-04-25,DEH742512041,mainstage music - david strasser,
295769,119,7A,Progressive House,PHW Elements,2019-04-03,US83Z1907622,contradiction (dimuth k remix) - milos ilic,
295807,120,5A,Progressive House,Nube Music Records,2018-11-19,US83Z1827788,the king (original mix) - valeria petz,
295808,118,5A,Progressive House,LuPS Records,2019-06-05,US83Z1912287,fetish (east cafe remix) - rikk earth,
295809,120,6A,Progressive House,Spring Tube Limited,2019-09-16,UKACT1980032,abstracto (bablak remix) - pacco & rudy b,
295810,123,6A,Progressive House,UV,2020-01-31,UKRMQ1900917,yantra (extended mix) - fuenka,
295811,122,8A,Progressive House,aboriginal,2019-05-01,UKACT1960630,dark bursts (original mix) - digital mess,
295812,119,7A,Progressive House,Mango Alley,2019-04-08,US83Z1908524,under the radar (controlwerk remix) - sonic union & bastards of funk,
295813,121,8A,Progressive House,Or Two Strangers,2019-04-15,US83Z1908772,te (berni turletti remix) - golan zocher,
295814,118,7A,Progressive House,Chapter 24 Records,2019-05-10,US83Z1909836,valhalla rising (nick warren & nicolas rada edition) - anton dhouran,
295815,123,10B,Melodic House & Techno,Strange Town Recordings,2019-04-22,US83Z1908206,the element (nick muir remix) - golan zocher,
295816,121,10B,Deep House,microCastle,2016-03-18,USA2P1620354,eternal sunrise - brian cid,
295818,123,8B,House,Exploited Club,2017-07-10,DEGL61700038,peripha - martin waslewski,
295819,123,12B,Deep House,Plano B Records,2017-06-09,USLZJ1773579,kriya - art in motion,
295820,121,8A,Deep House,Where The Heart Is,2019-04-26,US83Z1908470,days like this - erdi irmak,
295831,116,6A,Techno (Peak Time / Driving),Ahrpe Records,2019-03-29,NLCK41053734,"coucher de soleil - ovandra, amandra, ovend",
295832,124,10B,Melodic House & Techno,Afterlife Records,2017-10-27,DEEC31750062,impressum - fideles,
295833,122,9A,Deep House,Dream Culture,2019-02-20,US83Z1903261,skogafoss (bigasti remix) - dowden,
295834,124,8A,Melodic House & Techno,DUNKELHEIT,2019-05-01,GBKQU1936181,"kcinna (oliver winters remix) - guzy, bigasti",
295835,126,3A,Techno (Peak Time / Driving),Substeal Records,2019-02-25,UKACT1940583,first time (original mix) - nohak,
295836,127,11B,Techno (Peak Time / Driving),InDeep'n'Dance Records,2018-10-31,US83Z1825274,rising light - alex mine,
295837,130,8A,Techno (Peak Time / Driving),Funk'n Deep Records,2019-04-08,UKACT1911297,the final mission (spencer dunning remix) - matias stradini,
295838,130,2A,Techno (Peak Time / Driving),Legend,2019-04-05,GBKQU1922693,floor damage - shddr,
295839,128,8A,Techno (Peak Time / Driving),Respekt Recordings,2019-02-08,GBKQU1901200,can't stop (brennen grey remix) - stiv hey,
295841,128,7B,Techno (Peak Time / Driving),Oscuro Music,2019-02-18,GBKQU1908386,no law (zakari&blange remix) - gary burrows,
295842,126,8A,Techno (Peak Time / Driving),Legend,2019-03-22,GBKQU1910358,phoenix - cosmic boys,
295843,129,8B,Techno (Peak Time / Driving),Funk'n Deep Black,2018-12-21,UKACT1891527,chant rush (beico & mt93 remix) - spektre,
295844,127,11B,Techno (Peak Time / Driving),Funk'n Deep Black,2019-04-15,UKACT1911137,poseidon (original mix) - nicolas taboada,
295845,127,7B,Techno (Peak Time / Driving),Metaphase,2019-02-18,NLCK41054060,dimensionless (original mix) - steam shape,
295846,128,6A,Techno (Peak Time / Driving),Phobiq,2018-10-12,ITZW51800078,"icon - alex mine, d-deck",
296181,122,8B,Afro House,Visile Records,2019-04-22,US83Z1909281,castello - romano maglia,
296182,122,10A,Afro House,PlusCtrl,2019-07-29,GBKQU1964968,malaria (original mix) - caravaca,
296183,123,12A,Afro House,BeatFreak Limited,2019-12-13,ES98I1901564,aahh jay (original mix) - darknezz,
296184,121,5A,Afro House,RH2,2023-03-22,DEW871909666,madiba (original mix) - urban pfeifer,
296185,120,9A,Afro House,Stellar Fountain,2019-04-22,US83Z1909398,one for the road (daniel van der zwaag remix) - juan sapia,
296186,120,10B,Afro House,Chrom Recordings,2022-04-08,DEH741903227,"aname - pedro mercado, na te",
296187,122,7A,Afro House,Afrocracia Records,2019-12-01,GBLV61910767,"nyundo (original mix) - afro pupo, saxogroup",
296188,120,7A,Minimal / Deep Tech,Musingat Underground,2019-01-04,ITK8O1801032,astriaka (tritemyo remix) - alonso di uomo,
296189,120,7A,Dance / Pop,Musingat Underground,2019-07-19,ITK8O1801034,orange drink (osmyo remix) - david james bianchi,
296190,122,11B,Afro House,Sweet Music,2019-04-29,UKACT1980048,amandla - ayman awad,
296191,123,8B,Afro House,Lauter. ,2019-12-23,DEY471983646,the dust of time - matti (tr),
296192,124,3A,Afro House,Rebellion,2019-08-23,GB7NR1966804,"tomorrow - memoryman (aka uovo), rogue d",
296193,122,7B,Afro House,Obenmusik,2020-03-13,GBLV61910277,grin (andeffect remix) - zico house junkie,
296194,123,12B,Afro House,Sunclock,2019-09-19,ITF3A1900045,february (original mix) - enoo napa,
296608,108,8A,Electronica,AZZUR,2023-07-14,US83Z2325601,"smile (dub mix) - stevie r, parisinos",
296609,100,8A,Downtempo,NuNorthern Soul,2023-06-30,GBES51200525,sioux you - north of the island,
296610,105,8A,Indie Dance,Espacio CIELO,2020-10-08,US83Z2030769,to the rythm - jg outsider,
296611,125,8A,Electronica,Epicure Records,2024-06-03,TCAHK2382996,"future memories (apollon telefax remix) - kay-chi, keymon",
296613,119,8B,Indie Dance,Bordello A Parigi,2022-12-26,NLUL62200063,cosmic tribune - elfenberg,
296614,108,8B,Indie Dance,Controlla,2023-09-07,GBKQU2383256,when you say (enjanzea2 remix) - samuel lupian,
296615,108,11A,Downtempo,"downtempo, baby!",2026-07-31,US83Z2646699,acid queen (the oddness remix) - kapchiz,
296616,108,6A,Indie Dance,Gomma Dance Tracks,2011-08-04,DEBY40600933,nebula - mustang,
296618,123,10B,Indie Dance,Levant Disco,2023-10-19,US83Z2339055,semâ - mai,
296620,109,7B,Indie Dance,Heimlich Musik,2023-09-01,ATDY82300018,cosmic cowboy - hovr,
296704,162,11A,Hard Techno,Drox Trax,2023-06-09,GBWUL2336845,stay sober (original mix) - vrodak,
296706,145,9A,Hard Techno,Scourge,2023-09-05,QM42K2340700,beyond the night - terminal trax,
296707,147,12B,Hard Techno,Scourge,2023-09-05,QZMHK2372070,explicit instructions - treibstoff,
296708,158,4B,Hard Techno,Scourge,2023-09-05,QM42K2350808,volcano - dostroic,
296709,155,1A,Hard Techno,Drox Trax,2023-05-05,QZ5FN2373279,system (war den remix) - ikkhi,
296711,150.6,,"",,,QZS652322484,reactor 800 - morsure,
296712,154.9,,"",,,QZMHK2381422,bad habits - brain impact,
296713,158,1A,Hard Techno,Dripping Traxx,2023-07-12,QZTV32313315,play me harder 006 - eduvek,
296715,155.5,,"",,,QZMHP2370317,la pena es mas grande - aldes,
296716,155,11A,Hard Techno,Tekgen Records,2023-05-05,CA5KR2342754,miss u (pvr remix) - nahuel gasulla,
296717,150,2A,Techno (Peak Time / Driving),Vision Recordings,2023-06-09,UKU932390074,"dominate (clouds remix) - icicle, clouds",
296718,148.8,,"",,,QZS672235131,heavy entrance - sdtx,
296719,160,4B,Hard Techno,Perc Trax,2023-03-31,GBUNP2309601,ravesight - clouds,
296819,142,9B,Techno (Raw / Deep / Hypnotic),MODÜL.,2026-05-29,NLCK42606688,augmented desire - jamie,
296822,148,1A,Techno (Raw / Deep / Hypnotic),Planet X Recordings,2024-07-31,NLCK42412819,evil empire - exos,
296954,,,Pop,Darla Records,2013-05-13,GBAAA0500418,"a stream with bright fish (2005 digital remaster) - harold budd, brian eno",
297040,75,3A,Electro (Classic / Detroit / Modern),Mechatronica Music,2026-01-23,NLCK42521134,wisely moving away - maelstrom,
297779,120,8A,Organic House,RADI MIRA I LUBVI,2026-01-30,GBLV62527928,youth summer echoes - vasily dvortsov,
297780,123,8A,Organic House,Thunderlab Collective,2025-12-19,DEY032503023,scarlet sails - m.o.s.,
297781,122,8A,Melodic House & Techno,REBA,2025-06-20,DETB32401654,the loop - remcord,
297782,120,1B,Deep House,Proton Music,2012-07-17,US83Z1205513,7700m (paronator remix) - ishome,
297783,122,4A,Organic House,Anjunabeats,2025-03-12,GBEWA2500911,love on a real train (tangerine dream extended cover) - proff,
297785,132,2B,Progressive House,Yoshitoshi Recordings,2001-04-20,GBKQU1800522,the baguio track (bedrock remix) - luzon,
297788,121,3B,Tech House,Bedrock Records,2011-04-25,GBEPM1000304,my thought of you - guy j,
297789,127,5A,Minimal / Deep Tech,Berg Audio,2025-10-03,DEH742525065,lure of the space goddess - daniel stefanik,
297792,123,5B,Progressive House,Lost & Found,2020-02-24,DEY031901551,elemental - volen sentir,
297793,122,9B,Organic House,Forestrip Music,2023-10-19,GBKQU2394495,let me in (volen sentir secret technique) - south bloom,
297794,122,7B,Organic House,Thunderlab Collective,2024-09-20,DEY032402791,"the rumble (edit) - proff, volen sentir",
297795,123,1B,Organic House,Anjunachill,2026-03-09,GBEWA2600781,memory #3 (extended club mix) - proff,
298343,127,6A,House,Crypto Ravers,2026-03-13,DEY472670886,don't you know - costa uk,
298427,122,2B,Melodic House & Techno,Eleatics Records,2025-08-08,GBKQU2568695,dik - kollektiv turmstrasse,
298708,100,8A,Latin,Vitória Regia Discos Ltda,2025-04-01,BRVRD0900027,que legal - tim maia,
298709,134.9,,"",,,BRMCA7000091,cristina nº 2 - tim maia,
298710,89.7,,"",,,BRMCA7300222,balanço - tim maia,
298711,110,9A,Dance / Pop,Vitória Regia Discos Ltda,2025-04-01,BRVRD7500001,contacto com o mundo racional - tim maia,
298712,100,11A,Electronica,Luaka Bop,2012-01-01,USLB10710011,where is my other half - tim maia,
299357,130,12A,House,Subtractive Recordings,2026-02-20,GBSCL2665005,need some love (extended mix) - johan s,
299422,125,7A,Dance / Pop,3Beat,2019-08-16,GBSXS1900109,"let me show you (acay edit) - anton powers, k-klass",
299424,126,11B,House,Hot Stuff,2026-04-03,UK4LG0000522,feeling good (radio edit) - fuzzy hair,
299438,128,7B,Tech House,Total Freedom +,2026-03-06,ITE782590050,in void - daniele aloisi,
299439,130,8A,Tech House,Issues,2026-02-13,GBKQU2613629,jazz n5 - re.swing,
299440,129,8A,Tech House,La Pera Records,2026-02-20,DEH742600561,tango time - duza,
299443,128,4A,Tech House,Organic Pieces,2026-02-20,BXIED2500180,jack'in - trallez,
299503,132,6B,Bass House,Insomniac Records,2025-12-05,NL8RL2570172,fee fi fo fum (feat kam-bu) - walker & royce,
299902,115,5B,House,Safe Trip,2019-07-12,NLM791800694,sutekh's mirage - max abysmal,
299903,119,4A,Techno (Peak Time / Driving),Minus,1998-11-02,CAM269850018,"psyk - plastikman, richie hawtin",
299904,120,1B,Techno (Peak Time / Driving),The Ferry Archive,2007-04-23,DEEC60700025,uma (louderbach remix) - dapayk solo,
299905,120,2A,Mainstage,Lektroluv,2015-02-09,BEN581400686,bar refaeli - jägerverb,
299906,121,6A,Deep House,Nu Groove Records,2024-02-23,GBCPZ2322671,"house music transcends - steve bug, cle",
299908,125,3A,Indie Dance,Duro,2024-01-19,QZZEB2332635,parigi vienna - visionnaire,
299909,126,4B,Techno (Raw / Deep / Hypnotic),Chiwax,2024-10-25,DEK602404050,over the edge (original mix) - dj rush,
299910,127,3A,Deep House,Wet Paper Records,2025-09-11,USLD91782518,girl i want you - paperwater,
299911,130,5A,Deep House,Sublease Music,2026-02-27,DEL022680008,blaze - danny b,
300395,124,2A,Organic House,Monday Social Music,2022-09-16,US83Z2226253,"lovely day - freddy be, dilby & floorplay (la)",
300396,124,9B,Organic House,Do Not Sit On The Furniture Recordings,2023-07-28,GBKQU2366751,tempo addict - gadi mitrani,
300397,126,7A,Melodic House & Techno,Suprematic,2020-12-17,US83Z2036442,propaganda - indespa,
300398,124,10B,Melodic House & Techno,Suprematic,2021-07-08,US83Z2116848,"call of the jungle - miamar, maxim zatonski",
300399,94,4B,Progressive House,OKO Recordings,2024-07-19,GBKQU2467288,radyal - betoko,
300400,125,7A,Tech House,Make The Girls Dance Records,2024-02-02,CH7812401324,baako - narasimha,
300401,121,1B,Indie Dance,Universal Music S.A.,2021-03-12,BEV202000010,"losing you (whitesquare remix) - goose, whitesquare",
300526,126,9B,Tech House,Solid Grooves Records,2025-06-27,,verano en ny - toman,
300619,127,8B,Minimal / Deep Tech,ROSSI.HOME//GRXWN.,2025-05-16,UKACT2331124,dolce for niente - mad.again,
300621,135,10A,UK Garage / Bassline,Hardline Sounds,2025-11-27,GBLV62516881,ghetto - macarite,
300622,128,,"",,,GBLV62406305,step up - kepler,
300648,123,5A,Melodic House & Techno,Innervisions,2023-08-18,DEEC31810476,around (instrumental) - nandu,
300649,123,,"",,,GBLTF2500135,genie - frankey & sandrino,
300650,127,8B,Melodic House & Techno,Motech Records,2025-09-12,USFTV1001260,shotë - dj 3000,
300651,124,8A,Progressive House,Didschn,2024-06-21,DEXN82477516,karma karma - nico morano,
300757,131,,"",,,NL8RL2601476,love on me - azzecca,
300840,155.9,,"",,,UKFGV2100211,blob on the lawn - lucrecia dalt,
300841,126,1B,Tech House,Warbeats Records,2024-11-08,US83Z2415171,"get down low (hoost remix extended) - flexb, hartley",
300842,128,,"",,,US83Z2415170,"get down low (extended mix) - flexb, hartley",
300843,128,12B,Techno (Peak Time / Driving),Digital Structures,2024-05-10,US83Z2478624,weather patterns (greenwolve remix) - tom baker,
300844,126,12B,Techno (Peak Time / Driving),Digiment Records,2014-11-18,USLZJ1439683,pendulum - gabriel moraes,
301363,122,8B,Tech House,Snatch! Records,2015-07-20,GB9UU1500045,"the guru (original mix) - pele, shawnecy",
302327,130,7B,Progressive House,Slipdisc Recordings,2026-07-31,DEH742618969,aerosol - dive crew,
302329,134,,"",,,ZZA0Z2600993,give your love - newtone,
302589,126,4A,Deep House,Diynamic,2024-01-26,DEDH72300187,feel so - mona yim,
302590,139.9,,"",,,UKCL82000030,hydro (original mix) - jack sparrow,
303222,87,8B,Drum & Bass,Breakbeat Kaos,2018-10-26,GBCEQ1210340,all that jazz (vocal mix) - dj fresh,
303268,109.9,,"",,,US66W1900443,trasnocho entre semana - cheo,
303269,113.8,,"",,,USYHH0900002,la habana buena - palo!,
303270,115.8,,"",,,USCGJ1701553,nao force - joutro mundo,
303271,123,6B,Electronica,Fania,2012-03-01,USDBB0610597,mi gente (louie vega eol remix) - héctor lavoe,
303272,120,5A,House,Agogo Records,2014-11-24,DEEQ71405504,n.y.j. (da lata house mix) - da lata,
303273,128,6A,Afro House,Club Bad,2026-06-26,GXKS82600006,na praia - rrett,
303274,126,1B,Afro House,Club Bad,2026-06-26,GXKS82600005,joga - rrett,
303509,111.5,,"",,,USCSG0608911,quisiera saber - carlos y los inocentes,
303510,104.9,,"",,,USPR38102178,destination motherland - roy ayers,
303511,117.7,,"",,,FR3M17200060,african battle - manu dibango,
303512,123.9,,"",,,DEVU52583068,plain english groove (vocal version) - just plain english band,
303513,117.2,,"",,,US1SR2123383,soon i will be done (with the troubles of this world) - the northern aires of new york,
303514,131,7A,Afro House,RetroAfric,2006-10-01,GBBPX0610139,shake hands - geraldo pino & the heartbeats,
303515,117.8,,"",,,US25T0891344,"sophisticated disco - o'donel levy, aleta green, jimmy maelen, george young",
303736,98.9,,"",,,DEOB62601094,california sunshine acid with jade byrne - mpu101,
303737,153.2,,"",,,USEE10180943,straight off da head - brand nubian,
303738,125,2A,Trap / Future Bass,Bigtyme,1995-08-01,USCGH0614738,headin fo my trunk (screwed) - dj screw,
303739,88,12A,Trap / Future Bass,Bigtyme,2019-09-06,USCGJ0663298,headin' for my trunk - psk-13,
303740,100,9B,Nu Disco / Disco,Ninja Tune,2026-07-29,GBCFB2600180,k-bar - ciarán,
303741,87,,"",,,USUG12601121,front yard - nate smith,
303742,151.2,,"",,,USCGH2263204,you've got that loving feeling - the soul fantastics,
303743,115.7,,"",,,US1SR1918256,god helps those who help themselves - the gospelaires,
303744,100,10B,Breaks / Breakbeat / UK Bass,Faux Poly,2026-07-31,DEG932602500,itmn (edit) - joia,
303745,76,,"",,,QM6N22311638,no games - hitech,
304122,122,1B,Progressive House,Clinique Sampler,2017-09-11,US83Z1649155,trauma (donatello remix) - medway,
304139,121,1B,Progressive House,Soundteller Records,2016-09-26,US83Z1665649,unbalanced (original mix) - nicolas rada,
304140,123,10A,Progressive House,Perspectives Digital,2021-01-29,US83Z1648369,thousand winds (original mix) - darin epsilon,
304141,121,8B,Progressive House,Balkan Connection South America,2017-02-06,US83Z1767578,last indos (original mix) - robert r. hardy,
304142,120,11A,Progressive House,JEE Productions (Armada),2017-01-30,NLF711700186,"fiction (kris davis extended remix) - jerome isma-ae, alastor",
304143,122,7A,Progressive House,Siona Records,2020-09-25,US83Z1775193,bombay - miss monique,
304145,123,,"",,,NLD681602157,army of lights - solid stone remix - nifra featuring seri,
304146,123,2A,Progressive House,Iboga Records,2016-10-17,DKZVA1661173,ambrosia - matan caspi,
304148,123.9,,"",,,US83Z1524389,dawn - mike koglin,
304149,123,9B,Progressive House,Global Groove Collective,2023-12-08,BEY921616809,panevritmia - stan kolev,
304151,123,1B,Progressive House,Vivrant,2016-12-23,GBLV61636929,atlanten - jeremy olander,
304415,120,9A,Organic House,GLITTER COWBOY,2025-06-06,US83Z2529712,sometime in spring - tâches,
304416,120,7A,Organic House,Hoomidaas,2023-07-21,US83Z2328598,galateya - dave shtorn,
304417,121,8A,Organic House,Personal Belongings,2025-10-23,DGA052567647,blue horizon - rfaraz,
304418,120,8A,Organic House,Cafe De Anatolia,2023-02-24,US83Z2304058,"artefacts - ucha, cafe de anatolia",
304419,122,7A,Organic House,Sol Selectas,2025-04-25,US83Z2516965,"gypsy trail (extended mix) - hamza rahimtula, rajasthan folkstars",
304420,121,12B,Deep House,Midnight Riders,2025-10-17,US83Z2556039,abstract language - robbie akbal,
304421,125,8A,Deep House,Nightcolours,2025-05-09,UK8QM1401000,basement (yoram remix) - id id,
304551,128,5A,Melodic House & Techno,[PIAS] ÉLECTRONIQUE,2026-01-23,GBENL2504583,god in you - tinlicker,
304692,142,3A,Trance (Main Floor),Armada Music,2024-09-06,NLF712407065,love me higher (tjade extended remix) - trance wax,
304695,137,10B,House,High Fashion Music,1998-04-10,NLB869800052,madhouse (dj jean mix) - dj jean,
304696,142,9B,House,CONTR4ST,2025-09-19,GBKQU2592699,be free (upper90 remix) - close proximity,
304698,142.9,,"",,,GBLV62509697,"can you hear me - 909 racing team, mike momburg, domenik deckert",
304699,140.1,,"",,,UKW3Z2501279,dance (u got da chance) - fritz schnackenpfefferhausen,
304729,130,4A,Minimal / Deep Tech,Freeworld Recordss,2024-08-30,GBKQU2472338,elemental - antss,
304730,130,1A,House,Whippin,2024-08-09,GXC7T2400019,"until sunrise - zamoras, flac0",
305584,123,12B,Indie Dance,SCI+TEC,2025-05-16,USYLM2500010,aim - blaktone,
305585,124,9B,Deep House,Let's Play House,2017-06-30,QMJYS1700430,6 am mimosa - dj boring,
305586,124,9A,Techno (Peak Time / Driving),Poker Flat Recordings,2014-06-30,,a night like this (richie hawtin's a dub like that remix) - steve bug,
306048,123,8B,Progressive House,RPO Records,2020-06-21,US83Z2043923,dark substitution (rpo part 1) - rick pier o'neil,
306049,124,7B,Melodic House & Techno,IbogaTech,2022-07-01,UKR6V2281759,deposition - umloud,
306050,123,7B,Progressive House,Pino Music,2023-06-27,USS1Z2101222,dao (original mix) - santiablo,
306051,122,7B,Melodic House & Techno,Martinbeatz Club,2023-01-27,FRDPG2300170,fullness is near - martinbeatz,
306052,124,4A,Melodic House & Techno,IbogaTech,2022-07-01,UKR6V2281758,dampfer - umloud,
306053,124,7B,Melodic House & Techno,DAYS like NIGHTS,2022-12-23,NLF712208855,sparks (extended mix) - pointcloud,
306054,124,7B,Progressive House,Vesta Records,2022-12-21,US83Z2229688,the devil you know - tristan dior,
306056,124,7B,Progressive House,RPO Records,2022-11-11,US83Z2234512,arcadia (rpo remix) - messier,
306057,122,8B,Progressive House,Strange Town Recordings,2022-09-23,US83Z2228192,entropia (jerome isma-ae remix) - cream (pl),
306059,123,10B,Progressive House,Forescape Digital,2023-01-13,UKACT2270720,heka (extended mix) - rick pier o'neil,
306061,124,12B,Melodic House & Techno,Astral Records,2023-02-03,US83Z2302119,inside the mind - q.u.a.k.e,
306062,125,12B,Melodic House & Techno,Siona Records,2023-02-24,US83Z2304527,"critical - manu cerasa, q.u.a.k.e",
306063,123,1B,Melodic House & Techno,IbogaTech,2023-04-07,UKR6V2380080,skyline - umloud,
306065,123,11B,Progressive House,Proton Music,2022-11-25,US83Z2237705,anki - rick pier o'neil,
306066,125,4B,Techno (Peak Time / Driving),Colore,2019-04-05,DEU670700104,beautiful life (gui boratto remix) - gui boratto,
306513,124,4A,Trance (Main Floor),[PIAS] ÉLECTRONIQUE,2026-02-27,GBENL2604696,glow - tinlicker,
306516,124,10A,Melodic House & Techno,Get Physical Music,2023-02-24,DEBE72500813,"take care (revisited - mixed) - helsloot, get physical radio",
306517,125,7A,Melodic House & Techno,Cercle Records,2026-02-19,QM4TW2672286,melancholia - tinlicker,
306518,125,7A,Melodic House & Techno,[PIAS] ÉLECTRONIQUE,2024-02-16,GBENL2303802,blowfish - tinlicker,
306519,115,2A,Melodic House & Techno,[PIAS] ÉLECTRONIQUE,2026-02-27,GBENL2604692,mothership - tinlicker,
306520,124,11A,Melodic House & Techno,[PIAS] ÉLECTRONIQUE,2026-02-27,GBENL2604695,spirit of time - tinlicker,
306529,138,1A,Electro (Classic / Detroit / Modern),Turbo Recordings,2025-11-28,DEG932504357,"full circle - sniper mode, gregor tresher",
306531,132,1B,Indie Dance,Boysnoize Records,2018-03-16,DEDU21800007,digitvl - boys noize,
306532,131,5B,Electro (Classic / Detroit / Modern),Synaptic Cliffs,2026-01-16,DETB32402430,frontera extraterrestre (hardfloor remix) - pdqb,
306534,142,10A,Techno (Peak Time / Driving),Diffuse Reality Records,2022-03-28,GBKQU2214702,rokin.dc20 - dirk wiertz,
306535,138,3A,Electro (Classic / Detroit / Modern),New Flesh Records,2025-11-29,DGA072532132,zero point machine - umwelt,
306548,123,1B,Organic House,Anjunachill,2026-03-09,GBEWA2600900,memory #3 (edit) - proff,
306843,160,5A,Hard Techno,Kniteforce Records,1994-10-09,GBKQU1312754,high on life - dj force & the evolution,
306844,,,"",,,DEAR42548750,u can't change me - alk-m-e,
306845,160,2A,Hard Techno,Kniteforce Records,1994-11-24,GBKQU1312762,perfect dreams (dj vibes & wishdokta remix) - dj force & the evolution,
306846,160,7A,Hard Techno,Kniteforce Records,2017-01-18,GBKQU1734786,"cant you see (remastered) - jimmy j, cru-l-t",
306847,122,6A,R&B,Rhino/Elektra,2008-08-25,USEA28700062,in the rain - keith sweat,
306848,140,3A,140 / Deep Dubstep / Grime,Locus Sound,2026-02-06,GBKQU2602520,shubz - pharma,
306849,140,2B,140 / Deep Dubstep / Grime,Tempa,2026-02-20,,x effect - carré,
306850,140.1,,"",,,GX3Q92038893,fok it - oddkut,
306851,132,,"",,,QZNMW2390337,militant - ivo,
306852,140,9B,140 / Deep Dubstep / Grime,Infernal Sounds,2020-07-31,GBKQU2070043,wicked skank (original mix) - de-tü,
306916,126,6A,House,Armada Subjekt,2025-09-19,GBJAJ1800179,waddup (extended mix) - anotr,
306918,130,5A,Tech House,303Lovers,2024-10-18,UKR6V2410733,i am (extended mix) - lucci minati,
306919,128,8B,Tech House,Catch & Release,2021-09-24,CA5KR2199809,pattak - adapter,
306920,126,6A,Tech House,Insomniac Records,2021-11-12,CA5KR0010802,"you give me a feeling - vintage culture, james hype",
308179,122,6A,Melodic House & Techno,Crosstown Rebels,2026-02-27,GB7NR2634502,4me (extended) - jamiie,
308180,127,3A,Dance / Pop,Universal Music Division Capitol Music France,2009-04-13,USCRK0880052,move move (club mix) - robbie rivera,
308181,130,8A,House,LXKS,2025-02-07,BX6IQ2500008,rabeta - lxks,
308903,68,5A,Ambient / Experimental,3XL,2026-07-31,USYBL2601439,i guess - nueen,
308904,67.5,,"",,,QM6N22561903,airbag - jetty,
308905,90,1A,Ambient / Experimental,3XL,2026-07-31,USYBL2601431,turbocap is sure to disintegrate - nueen,
308906,141,5B,Trap / Future Bass,Salamalec,2022-09-29,QMDA72493715,lublu - масло черного тмина,
308907,94,12A,Electronica,Lo Recordings,1998-02-09,GBDRC9800711,cnimmus - slicker,
308908,103,12A,Electronica,Constructive Music,2026-07-24,GBHLW2606075,nū (dj ojo remix) - cxbxt,
308909,83,11A,Electronica,Bokeh Versions,2016-05-23,UKFKB1600017,still night - voodoo tapes,
308910,120,3A,House,1080p,2016-06-24,CAE5H1600042,gown - perfume advert,
308911,119,9A,Electronica,NAFF,2024-11-07,CBAUX2422401,noomi - pondlicker,
308912,127,9A,Tech House,Vakant,2009-07-27,DEFB40900135,innervoice (isolée remix) - onur özer,
308913,132,6B,Breaks / Breakbeat / UK Bass,Future Times,2024-04-12,USYBL2400866,dolo 26 - dolo percussion,
308950,123.7,,"",,,SE6A92677985,caribbean rhythm - pj,
308951,122,12A,Hip-Hop,Ziahfyah,2024-07-14,TLVEM2430992,"yu yu haskusho #zessbounce - ziahfyah, djliltaj",
308953,,,"",,,QMBZ92299644,bittersweet goodbyes - joyce wrice,
308954,120,6A,Hip-Hop,RADIO Z,2026-06-19,QT8JC2677144,niche - radio z,
308955,113,5A,Caribbean,Plain Paper Records,2026-07-03,QMBZ92621806,hands up - saionthebeat,
308956,121,11A,Hip-Hop,Epic,2016-08-19,USSM11606972,too much sauce - dj esco,
308957,71,7A,R&B,TrapSoul/RCA Records,2024-04-05,USRC12400562,ciao! - bryson tiller,
309133,111.9,,"",,,PLI366537930,cette couleur m'a va - wrong!,
309134,110,12B,Indie Dance,Ya Hala Ya Hala Records,2021-05-21,DEY472172991,europa (amarcord remix) - moo moonster,
309135,116.3,,"",,,FR9W12036549,le chat de schrödinger - état limite,
309136,118,12B,Indie Dance,Opilec Music,2020-12-20,ITBK71100882,frau (andrei orlov remix) - i-robots,
309137,118,,"",,,FR6F32000140,sous garantie (en duo avec etienne daho) [the populists italo remix] - malik djoudi,
309138,120.1,,"",,,QZK6H2029947,enfer (feat celine) (old coroner remix) - nightcrawler,
309139,121,8A,Indie Dance,Acrylic On Canvas,2020-11-06,UKU5T2000009,lustfire (mufti remix) - kat koan,
309141,122.3,,"",,,QZARB1838205,playboy party - cyril brière,
309142,123,8A,Nu Disco / Disco,Bordello A Parigi,2020-06-29,NLUL62000031,that time i dated - vyvyan,
309143,165,6B,Electronica,INTERVISION,2024-11-11,NLCK42420346,dead body music - fred terror,
309144,127.3,,"",,,FRX452268476,heartbeat - risk risk,
309145,128.2,,"",,,TCAJS2501860,je veux danser sans contrôle - itallika,
309283,124,10B,Melodic House & Techno,Watergate Records,2018-09-17,DEPX41700225,hope - matthias meyer & ryan davis,
309898,136,5B,UK Garage / Bassline,INSTINCT (UK),2025-03-28,GBKQU2529679,megatone saxon (manchester massive) - mattik,
309899,139,5B,Dance / Pop,Future Classic,2024-11-01,AUFF02400192,4 me - cameo blush,
310088,,,"",,,DEQ121113689,day - anthony rother,
310089,,,"",,,GBKPL1258930,"earth, air, water, fire, singing - oliver grimball",
310090,84.5,,"",,,US39N1691207,fantasy - kari faux,
310091,104,11B,R&B,Ike White,2020-06-19,QMRSZ2001162,love and affection - ike white,
310094,96,,"",,,ARPTB1700011,meia vuelta - perotá chingó,
310381,93.2,,"",,,GBE281200201,singularity (original mix) - numbernin6,
310382,120,11A,Electronica,Rinse,2018-07-31,GBQGW1500057,reticent shadow - nomine,
310383,134,1A,Breaks / Breakbeat / UK Bass,83,2026-01-15,GBLV62530216,kot - guau,
310384,70,5B,Breaks / Breakbeat / UK Bass,Chaos Clan,2016-12-02,USYBL1601119,brooklyn pumps - star eyes,
310385,128,8B,Breaks / Breakbeat / UK Bass,Inquiry Records,2019-07-30,US3GD3528332,heacy lohic (brandroid remix) - kromagon,
310386,140,9A,Bass / Club,Paradoxe Club,2025-09-12,FR9W12540863,grinder - tripes,
310387,136,4A,Dance / Pop,BABANI,2024-12-20,DEPI82455710,lélou (vitu valera remix) - babani soundsystem & menwar,
310570,123,5A,Rock,Sony Music UK,2019-02-01,GBARL1700427,fall from grace - prefab sprout,
310571,135,11A,Rock,A&M,1987-04-20,USAM18790005,night vision - suzanne vega,
310572,,,"",,,DEG932506442,missa brevis - sanctus - cello octet amsterdam,
310573,129.7,,"",,,SEYOK2523190,meditation: kalpas of post humanitous tranquility - veins of death,
310574,150,3B,Pop,Rhino,2007-04-23,GBAHS9500492,p.s. - vangelis,
310575,,,"",,,GBBPW9900177,tower of our tuning - broadcast,
310576,,,"",,,USMRC0700004,mandan heartbreak song 1 - keith bear,
310577,,,"",,,SEAMA6220080,utskärgård - sveriges radios symfoniorkester,
310578,90,7A,Pop,WM Sweden,2006-05-01,SEPQA9708060,eufrosyna part ii - nicolai dunger,
310579,106,11B,Rock,Don Giovanni Records,2017-12-01,USA2B1703001,akina - keith secola,
310580,102,2B,House,Warp Records,2023-10-12,DK9J52000102,bargain - clarissa connelly,
310582,90,11A,House,YEAR0001,2024-08-08,SE5AJ2202279,pillow fight - toxe,
310583,92,7B,R&B,Rhino/Warner Records,2008-11-03,USWB10103461,i like your eyes - ry cooder,
310584,166.2,,"",,,QMDA72552059,oregon - anastasia coope,
310585,151.8,,"",,,ES71G2147657,conima - asociación juvenil puno sicuris 27 de junio,
310586,,,"",,,US58L2493405,deer blood - eiko ishibashi,
310587,138,9B,Pop,WM Sweden,2012-12-03,SEPQA1202221,he's like a swallow - stina nordenstam,
310956,134,7A,Techno (Peak Time / Driving),Factory 93 Records,2023-11-03,NL8RL2328493,shout - anna reusch,
310957,134,9B,Techno (Peak Time / Driving),KOSMOS,2025-11-14,US83Z2561739,spellcaster (aio remix) - diego straube,
310958,126,2A,Tech House,Mainground Music,2012-06-28,DEOI52000020,under pressure (original mix) - belocca & a*s*y*s,
310959,137,4B,Techno (Peak Time / Driving),Streemed Records,2025-10-10,GXF972538429,your pulse (my drug) - bacman,
310960,128,1B,Techno (Peak Time / Driving),Factory 93 Records,2023-03-10,NLRD52302361,emergency loop - enamour,
310961,135,8B,Techno (Peak Time / Driving),Black Line Recordings,2021-01-31,UKR6V2170500,bland mind (original mix) - delan ectrix,
310962,130,5A,Techno (Peak Time / Driving),Set About Music,2020-12-25,US83Z1920386,traffic - metodi,
310964,130,9B,Techno (Peak Time / Driving),Set About Music,2022-03-04,UKU932131876,wasted - luca gio,
310965,130,10A,Techno (Peak Time / Driving),Set About Music,2020-06-19,UKACT2010721,induction - gallya,
310966,133,9B,Techno (Peak Time / Driving),Set About Music,2022-03-11,UKU932131917,arousal - optimuss,
310967,128,8A,Techno (Peak Time / Driving),Set About Music,2021-01-29,UKR6V2075893,consilium - zafer atabey,
310968,130,7A,Techno (Peak Time / Driving),Drumcode,2022-02-04,GBUR62000360,yard - veerus,
310969,132,9B,Techno (Peak Time / Driving),Respekt Recordings,2022-09-23,GBKQU2273715,don't stop now - shay de castro,
310970,136,7A,Techno (Peak Time / Driving),Set About Music,2025-11-28,DEY472580699,go insane - shay de castro,
311230,138,8A,Psy-Trance,Iboga Records,2020-10-26,DKZVA2000332,in & out (liquid soul remix) - vini vici & emok & off limits,
311234,140,6B,Psy-Trance,Shamanic Tales,2023-12-07,USA2P1611451,valley of stevie - astrix feat ace ventura,
311587,82.7,,"",,,GBLLT2511671,ambient dilli - minaxi,
311588,84,10A,African,Narada,2005-09-13,USNA10520780,sharavanna - susheela raman,
311589,85.5,,"",,,GBCPA9501126,"intoxicated - nusrat fateh ali khan, michael brook",
311590,120,4A,Dance / Pop,FADER Label,2026-07-09,US4HB2600107,durga doesn't approve (maral remix) - lapgan,
311591,,,"",,,USCGH2679424,nrg (feat rounak maiti) - dolorblind,
311592,86.9,,"",,,USDY41808281,what you are - tāl,
311593,79.9,,"",,,INA4Z2200056,prathna - gunda,
311594,,,"",,,INH101607052,akhian ch too vasda - surinder kaur,
312531,128,2A,House,Dobar House,2025-12-11,GBLV62522302,house for all - unknown disco,5450
312532,126,8A,Funky House,PornoStar Records,2025-07-04,HUA480902356,piano life (original mix) - cheesecake boys,5448
312533,124,8A,House,dis-funktional recordings,2016-05-16,GBSCL1663001,be good (original mix) - rhythm masters vs. bobby blanco,5447
313030,89,11A,Rock,BMG Rights Management (US) LLC,2026-02-06,QMRSZ2501800,impetuous - puscifer,5074
313031,99.5,,"",,,US89R1113620,kalas - butti 49,5076
313032,102,8A,Hard Techno,InFine,2026-01-06,FRT092500076,slow yamaha - nathan fake,5077
313033,108,12A,Pop,LABEL & LA Z,2026-02-27,FR9W12551559,je ne serai jamais. - zélie,5075
313034,115.1,,"",,,USLZJ2316647,"time shift - skyfog, loudar",5071
313035,119,7A,Deep House,HW&W Recordings,2022-11-14,CAK472004004,drugs!!! - tek.lun,5070
313037,121,11B,Indie Dance,Controlla,2025-06-11,GBKQU2550234,"desinteres - mexican diablo, canseco",5067
313038,122,5A,Melodic House & Techno,Mind of a Genius,2018-07-20,USYBL1801219,my life (blond:ish remix) - zhu,5066
313039,126,9A,Progressive House,Record Union,2020-06-15,SEYOK2029203,midnight purple iii - fritjof,5068
313040,129.9,,"",,,GXBNP2554797,norður ljós - lucasjoshua,5065
313041,136,3A,Mainstage,Polydor Records,2023-08-25,GBUM72307390,diamonds on my mind - eli brown,5063
313042,115,8A,Electronica,Intercept,2025-09-12,DEG932503107,rift drift - tom jarmey,5072
313044,141,7A,Tech House,Derwin.FM,2025-07-04,UK9AV2502124,untitled1000 - gold panda,5062
313264,123,9B,Indie Dance,Exx Underground,2024-01-05,GBLV62322813,"alambra - alain fanegas, tomy wahl",4889
313265,123,10B,Organic House,SkyTop,2026-08-03,US83Z2478184,fly again (extended mix) - max wexem,4880
313266,123,10B,Indie Dance,Bunny Tiger,2024-07-26,DEEE72401843,the message - we came,4883
313267,123,10B,Indie Dance,Mobilee Records,2024-11-15,DGA0L2464748,retina - dee montero,4879
313268,124,4A,Melodic House & Techno,SHÈN Recordings,2023-11-24,US38Y2308789,footloose (extended mix) - simon doty,4882
313269,124,4A,Indie Dance,Headonism,2024-09-06,US83Z2498301,made in blr (extended mix) - para noir,4884
313295,135,2B,Techno (Peak Time / Driving),EI8HT,2023-04-14,GBJX32373010,sensation - marck d,4862
313297,140,1B,Techno (Raw / Deep / Hypnotic),EXISTENTIA ,2021-09-23,NLCK41091749,"cheeky, baby cheeky - flug",4860
313298,142,7A,Techno (Raw / Deep / Hypnotic),Suara,2024-05-31,QM6N22488502,test - m.i.t.a.,4859
313299,138,9A,Techno (Raw / Deep / Hypnotic),Planet Rhythm,2025-01-03,NLCK42421174,let's go - marck d,4861
313300,138,5B,Techno (Raw / Deep / Hypnotic),Suara,2025-06-27,QMBZ92519627,"swaggy - dj swisherman, m.i.t.a.",3264
313302,140,4A,Techno (Raw / Deep / Hypnotic),Frenzy Recordings,2025-06-13,NLCK42507984,say no go - gene richards jr,3263
313303,138,1B,Techno (Raw / Deep / Hypnotic),Suara,2025-07-04,QMBZ92568693,fogo - confidential recipe,2763
313304,133,12A,Techno (Peak Time / Driving),EI8HT,2022-05-13,GBJX32273011,pump - andres campo,4858
313305,130,6A,Techno (Peak Time / Driving),Kneaded Pains,2022-08-26,GBJX32266847,chainsmokers - efan feekar,4857
313306,133,8A,Techno (Peak Time / Driving),EI8HT,2020-11-06,GBJX31973030,moan - eats everything,4856
313307,136,10A,Techno (Raw / Deep / Hypnotic),Tronic,2022-05-13,GBKQU2239395,blow fire - agent orange dj,4853
313309,135,8A,Techno (Peak Time / Driving),Urban Kickz Recordings,2021-10-13,GBLV62104606,h music - fhase 87,4854
313310,137,7A,Techno (Raw / Deep / Hypnotic),Tronic,2020-10-30,GBLV62006977,"body control (truncate remix) - dj rush, eric sneo",4851
313311,132,9A,Techno (Raw / Deep / Hypnotic),UNCAGE,2021-07-30,GBJX32198053,jack dat (feat raphael dincsoy) - ackermann,3455
313312,104,6A,Techno (Raw / Deep / Hypnotic),RSPX,2021-06-11,GBLTF2100071,ar01 (jacking mix) - flug,4852
313313,100,12A,Techno (Raw / Deep / Hypnotic),FJAAK,2021-03-05,DEWX41800053,flash - fjaak,4855
313314,128,9A,Techno (Peak Time / Driving),Carti Records,2024-11-22,DEH742435827,"marshmellow (martin books remix) - torsten kanzler, dominik vaillant",4850
313315,132,7B,House,High Fashion Music,1990-02-11,NLP431800124,house of god (azzido da bass remix) - dhs,4848
314638,128,9A,Indie Dance,Turbo Recordings,2026-04-10,DEG932600213,culpa da cachaça - beltran,3821
314668,125,1A,Indie Dance,Ganuz,2025-06-20,IL1042504508,"lose your soul - omri smadar, jenia tarsol",3792
314951,126,8B,Afro House,Push On Music,2024-11-01,CH7412400022,spiller from rio (extended mix) - terry lex,3567
314952,124,9A,House,BEAT Music Fund,2021-02-05,GBKQU2100307,miami vibes (extended mix) - the rivera project,3568
314970,130,2B,Minimal / Deep Tech,Fuse London,2026-02-27,FR10S2625830,bp on the master - boss priester,3552
315537,128,5A,Minimal / Deep Tech,Factory 93 Records,2024-07-05,NL8RL2426497,do it timmy - luuk van dijk,3095
315538,128,2A,House,Trax Records,2025-01-31,QMFMF2458828,holy clap - fickry,3098
315539,125,6A,Afro House,Cha Cha Groove Records,2025-02-28,USLZJ2544346,ritmo cubano (extended mix) - all fred,3097
315540,132,9A,Minimal / Deep Tech,Deeperfect,2024-02-23,ITA061302637,usuu (original mix) - mene,3099
315541,126,4A,Mainstage,Future House Music,2024-02-23,GBKQU2410777,"reaction - rudelies, sonam",3092
315542,128,9A,Bass House,Hysteria,2024-03-15,NLXV51300924,drip n drop (extended mix) - fraxy,3093
315543,128,4A,Bass House,Future House Music,2024-03-01,GBKQU2413058,"closer - siik, kdh",3091
315544,130,6A,Melodic House & Techno,NRG Records,2024-02-09,CA5KR2418116,1985 (ekonovah remix) - alrt,3089
315608,130,8A,UK Garage / Bassline,VIENNA RECORDS,2026-02-27,GBKQU2617913,strangeness - fm from b,3038
315753,132,7B,Minimal / Deep Tech,You&Me Records,2026-03-13,GBKQU2622045,sixth sense - jacob matthews,2919
316208,128.6,,"",,,DEEC33500230,reminding - anyma,2563
316857,87,2A,Drum & Bass,Jungle Cakes,2025-06-13,GB8KE1852251,"you got the dub (bladerunner vocal remix) - jinx in dub, bladerunner",2056
316858,88,,"",,,DEQ920200283,linkup - phoneheads feat mc k. ross,2033
316859,87,8A,Drum & Bass,Beta Recordings,2014-06-23,GBLHX1408021,salsa! (remix v2) - john b,2036
316860,113,10A,Drum & Bass,Bassmucke,2021-09-03,UKR6V2177149,on your mind - giana brotherz,2035
316861,88,10A,Drum & Bass,Jungle Cakes,2016-09-12,GBFG91700052,"no diggity (original mix) - kursiva, mooncat",2058
316862,90,4A,Drum & Bass,Bassmucke,2021-09-03,UKR6V2177150,sci-fi jazz - giana brotherz,2035
316863,164,12B,Pop,Sony Special Products,2022-05-08,BRAPF0200028,o calhambeque (road hog) [xrs remix / radio edit] - roberto carlos,2034
316865,87,5A,Drum & Bass,Beta Recordings,2010-02-22,GBLHX1021001,time is ticking away - camo & krooked,2030
316866,89.9,,"",,,IEFVX1100017,oh no (jinx in dub) - dirty dubsters,2032
316900,123,11B,Melodic House & Techno,Innervisions,2025-06-27,DEEC31810628,trippy yeah - jimi jules,1997
316901,123,11B,Melodic House & Techno,ICONYC,2025-08-08,UKACT2520483,pressure (denis horvat remix) - sam shure,1999
316902,123,10A,Melodic House & Techno,Superfriends Records,2024-12-13,DENC32200249,the only one - andhim,2000
316905,125,9B,Melodic House & Techno,Cercle Records,2025-11-04,DETO32500431,"your river (extended version) - monolink, sam shure",1993
316906,124,3B,Tech House,Nervous Records,2025-06-20,USNRS2544159,snare tall - mila journée,1998
316907,125,2B,Melodic House & Techno,Borders Of Light,2024-12-27,DEEC33501759,pink flow - toto chiavetta,1994
316908,120,1A,Melodic House & Techno,Keinemusik,2025-05-30,DEEC33501996,"crazy for it - rampa, adam port, &me, boys noize, vinson, keinemusik",1992
316909,120,12B,Melodic House & Techno,Exit Strategy,2025-06-06,DEEC31810625,hey! - aera,1891
316910,125,5A,Dance / Pop,Rose Avenue/Reprise,2025-05-02,USRE12500088,the life (emanuel satie remix) - rüfüs du sol,1989
317294,93,11A,Psy-Trance,Spin Twist Records,2012-01-03,DEKC41201055,face lift (continuous live mix) - neelix,1716
317295,102,6B,Psy-Trance,Sourcecode Transmissions,2013-12-23,GBBYB1401718,strictly virtual (symbolic remix) - sonic species,1670
317296,131,7B,Dance / Pop,MILLENNIAL TRAXXX,2023-06-30,DKZVA2200082,"one with the universe (side a) - bliss, ritmo",1672
317297,140,7B,Psy-Trance,Iboga Records,2022-04-25,DKZVA2200061,deep breath (ticon remix) - ace ventura & vertical mode,1673
317298,140,7B,Psy-Trance,TesseracTstudio,2019-05-30,GBLV61813756,cosmic order - zyce & waio,1674
317300,67,6B,Psy-Trance,604 Recordings,2024-06-21,UKR6V2374022,contradiction - quantum,1669
317303,140,10B,Psy-Trance,Iboga Records,2022-07-29,DKZVA2200101,zion - timelock,1671
317304,104,10B,Psy-Trance,Iono Music,2024-02-09,DELK12400006,luna - mindbenderz,1666
317305,97,9B,Psy-Trance,Treasure Records,2022-01-21,DELK12100130,yoldasin - hinap,1665
317306,97,6A,Psy-Trance,Iono Music,2021-12-31,DELK12100158,fractal dimension - neutro,1667
317307,158,1B,Psy-Trance,Iono Music,2023-02-20,DELK12300041,invisible vibrations - invisible reality & deep vibration,1661
317308,138,2B,Psy-Trance,Sourcecode Transmissions,2016-09-26,GBBYB1702939,sonic masala (lifeforms remix) - zentura,1663
317309,142,1A,Psy-Trance,Shamanic Tales,2020-07-24,UKR6V2011599,omnia - alpha portal,1664
317310,140,9B,Psy-Trance,Digital Om,2017-03-06,BEY921517576,ilbechin - stryker & starlab,1668
317314,164,4B,Psy-Trance,Iono Music,2024-12-06,DELK12400175,pure - numayma & hyriderz,1662
317315,152,4B,Psy-Trance,Iboga Records,2024-01-15,DKZVA2400005,return to consciousness - freq & emok,1660
317316,,,"",,,DKZVA1560773,it's here - vini vici & major7,1657
317317,139,11B,Psy-Trance,Alchemy Records,2012-04-20,USQY51267678,techno systems - sonic species,1658
317318,93,6B,Psy-Trance,TesseracTstudio,2023-07-10,GBKQU2355200,"astral - avalon, flegma",1656
317319,140,4A,Psy-Trance,Mutant Disco Records,2025-01-27,GXBNP2500346,nova - ace ventura,1655
317320,145,6B,Psy-Trance,Inner Lotus Records,2013-03-03,US83Z1334982,anahata - remote access,1659
317321,140,4A,Psy-Trance,Iboga Records,2024-06-03,DKZVA2400123,the greys - alien art,1654
317322,107,8B,Psy-Trance,Digital Om,2017-01-09,GBBYB1702856,mamma afrika - dj bim & drukverdeler,1652
317323,71,8B,Psy-Trance,Digital Om,2017-01-09,GBBYB1702873,into the vortex - dj bim & drukverdeler,1653
317324,108,7B,Psy-Trance,Iboga Records,2023-09-25,DKZVA2300258,flames - antinomy,1651
317325,72,6B,Psy-Trance,Shamanic Tales,2023-04-17,UKR6V2381091,play of lero lero (spectra sonics remix) - majide,1650
317326,144,7B,Psy-Trance,Nano Records,2023-12-01,GBLV62309271,"r.a.v.e. - earthspace, klipsun",1648
317327,138,7B,Psy-Trance,Iboga Records,2018-01-22,DKZVA1560821,science fiction - liquid soul & zyce,1646
317328,140,11B,Psy-Trance,Iboga Records,2023-04-14,DKZVA2300061,owl dance - ritmo,1647
317329,139,7B,Psy-Trance,Iboga Records,2018-12-03,DKZVA1862029,chicken shaker (gaudium remix) - ticon,1645
317330,68,2B,Psy-Trance,MAGIC MOMENTS RECORDS,2023-08-25,BKRAP2300001,"phoenix - phaxe, querox",1649
317331,138,6A,Psy-Trance,Iboga Records,2016-08-02,DKZVA1661045,sweet things (morten granau & metronome remix) - liquid soul,1644
317332,69,8A,Psy-Trance,Spin Twist Records,2023-05-19,DEKC42300031,"long story short (hauul remix) - phaxe, morten granau",1642
317336,124,11A,Deep House,Kalahari Oyster Cult,2020-11-05,NL1MT2000081,cycles of life - raymond castoldi,1637
317338,127,2A,Deep House,Ostgut Ton,2011-04-04,DELG71000299,take me (original mix) - dinky,1639
317339,127,10A,Indie Dance,Ostgut Ton,2014-08-11,DELG71400626,breacher - tuff city kids,1634
317340,127,8B,Deep House,Z Records,2014-01-27,GBPKF0600291,change (akabu dub) - sessomatto,1635
317341,126,2A,Tech House,Solid Grooves Raw,2022-04-15,GBKQU2232579,"back baby - gruuvelement's, lucas moss",1633
317343,124,2B,Tech House,NO ART (Armada Music),2017-06-05,NLF711704422,help - anotr,1632
317344,129,5A,Deep House,Permanent Vacation,2023-08-18,DECY62300135,not just physical - baldo,1631
317345,128,9A,Deep House,HOOVE,2024-08-23,DEH742216941,missing channel - kolter,1630
317346,126,6A,Tech House,Hot Creations,2021-05-14,GBK6Y2117201,"portal - james solace, jansons",1629
317347,126,1A,Tech House,Saved Records,2022-07-29,GBJAJ2200979,future fortune - josh butler,1636
318052,129,2A,Tech House,SK LAB,2026-05-08,ITI952600093,no phone - terry iarusci,1099
318483,116,3B,Ambient / Experimental,Music From Memory,2016-07-14,NLD7H1600028,caravan revisited - workdub,764
318990,,,"",,,NLZ8C2200229,"sudany - sofie birch, antonina nowacka",355
318991,119,10A,Electronica,12th Isle,2021-03-05,GBQLP2100051,panther walk - tarotplane,350
318992,210,12A,Ambient / Experimental,Music From Memory,2017-09-08,NLD7H1700064,swallow's tempest - gigi masin,353
318993,129,3A,Electronica,Faitiche,2003-11-01,DELA21100138,"vibes_pulse - triosk, jan jelinek",351
319357,83,4A,House,Posh Isolation,2017-05-09,GBHLW1702080,"both of us, pt. i - vanessa amara",61
319359,126,7A,Hip-Hop,Universal Music Division Capitol Music France,2021-07-08,FRPET1500020,bonjour - vald,56
319360,89.8,,"",,,USZXT1016153,i need drugs - necro,60
319361,172.3,,"",,,TCABE1206811,steak for chicken - the moldy peaches,55
319362,157,12B,Ambient / Experimental,Vlek,2026-04-24,BEBD42600235,fluxstrata - late bush,58
319363,84.1,,"",,,GBAAA9820464,burger queen - placebo,54
319364,93,5B,House,Rough Trade UK,2026-07-23,GBCVZ2200081,angst - jockstrap,57
319365,,,"",,,FR2FD2600023,and the love is born in me for a stone - lutèce lockness,51
319366,85,11A,Hip-Hop,Metalface Records,1999-10-19,US2S71104016,dead bent - mf doom,50
319476,133,1B,Techno (Raw / Deep / Hypnotic),Oslated,2020-08-03,CA5KR2091592,death (original mix) - asllan,14144
319477,140,9B,Techno (Raw / Deep / Hypnotic),Grab The Groove,2026-05-22,DEH742610593,you are - hedström & pflug,14141
319478,140,12A,Techno (Raw / Deep / Hypnotic),Evilgroove Records,2026-05-29,QZWB42300187,empty shades - joshua calleja,14138
319479,137,8B,Techno (Raw / Deep / Hypnotic),Mord,2022-09-16,NLCK42218131,consciencia - confluencia,14146
319480,138,1A,Techno (Peak Time / Driving),Humanoid Gods,2026-04-24,DEH742609086,mod sign path (klausgreen remix) - valentin zad,14137
319481,71,8A,Techno (Raw / Deep / Hypnotic),Reverse,2024-12-20,NLCK42420859,hidden signals - jc laurent,14139
319482,67,2B,Techno (Raw / Deep / Hypnotic),Newrhythmic Records,2022-08-18,NLCK42217770,strike position - brälle,14140
319483,70,8A,Techno (Raw / Deep / Hypnotic),TECHNO Records,2026-04-02,DETB32402815,villify - seddig,14134
319484,138,12B,Techno (Raw / Deep / Hypnotic),CRISIS OF MAN,2025-09-30,NLCK42514590,thoughtcrime - nnamael,14132
319485,141,7B,Techno (Raw / Deep / Hypnotic),Cooked,2023-08-07,NLCK42230465,reason - yan cook,14131
319486,137,5A,Techno (Raw / Deep / Hypnotic),TMM Records,2024-07-24,DEZN82367578,no days off (repaint) - anders (br),14135
319487,155,12B,Hard Techno,Larisa Trax,2022-08-17,QZS652530679,jan stahl - kyk,14136
319488,145,4A,Techno (Raw / Deep / Hypnotic),T4F Records,2025-10-16,QZZ8A2538470,sigh - fran lezaun,14133
319489,150,11B,Techno (Peak Time / Driving),Vision Ekstase,2025-03-28,NLCK42505002,tarsky - rove ranger,14130
319490,140,8A,Techno (Raw / Deep / Hypnotic),AVNIart,2025-02-07,GBKQU2446652,echo alvarado - yotam avni,14128
319491,143,8A,Techno (Raw / Deep / Hypnotic),Mutual Rytm,2022-06-24,DEH742213750,"before sunset - shdw, obscure shape",14129
319492,144,9B,Electronica,Spielwerk,2025-12-12,NLCK42520271,loopy loops - diana franco,1046
319493,90,10A,Techno (Raw / Deep / Hypnotic),DifferentSound,2023-10-25,NLCK42238011,manticore - highlimiter,14126
319494,73,10A,Techno (Raw / Deep / Hypnotic),TECHNO Records,2025-07-24,DETB32401772,mantis - fran lf,14125
319496,147,7A,Electronica,Planet X Recordings,2026-01-30,NLCK42601599,warning acid (exos remix) - frank murder,14127
319674,125,7A,Nu Disco / Disco,Nervous Records,2025-02-07,USNRS2543961,let me be your fantasy (dimitri from paris short extended mix) - anané,13983
319675,162,8B,Electronica,Lafessé Records,2025-05-20,FR0ML2200530,"starlight (20th anniversary / disco edit) - the supermen lovers, mani hoffman",13981
319679,126,9A,Nu Disco / Disco,Discoweey,2026-05-21,GBKQU2633654,you can't be me - hotmood,13980
319792,121,5B,House,Digital Delight,2017-08-17,FRX961732109,jerked - diego moreno,13889
319793,134,7A,Bass House,Flippen Bits,2025-01-30,NLZ8C2500021,tennis (tsepo remix) - monty dj,13888
320886,124,5A,Deep House,Cadenza,2015-08-10,CH4481500032,aniwama - lino pugliese,13040
320887,122,,"",,,GRLP11530711,"the drums the fills (eddie m remix) - freespirit, pins & dakar carvalho",13039
320889,122,7A,Tech House,My Little Dog,2015-12-01,DEH741506117,at first glance (angelo ferreri remix) - andy bach,13033
320890,123,11A,Tech House,Trapez Ltd,2015-06-22,DEBW21500098,laze (original mix) - ashwin khosa,13034
320891,,,"",,,CHB241401355,gig time (sebastian hotel's grand funk mix) - lucas fisher,13035
320892,121,1B,Tech House,Sincopat,2015-07-20,QM6MZ1746463,get to the chopper (original mix) - third son,13036
320894,124,9A,Tech House,Natura Viva In The Mix,2022-01-21,DEHK31500510,some mo (martin landsky remix) - onno,13032
320895,122,2B,Tech House,Spielgold,2015-09-01,DEH741508764,the story of house - funkwerkstatt & stephan zovsky,13075
320896,124,2A,Tech House,This Ain't Bristol,2015-05-15,FRX201529496,zesty nachos (original mix) - landis lapace,13078
320943,126,11B,Progressive House,Siona Records,2022-04-22,US83Z2210355,forever (q.u.a.k.e. remix) - andrewboy,12990
320944,132,,"",,,HKG732629319,taky taky (remix) - eugenio taicuz,12992
320945,122,8B,Melodic House & Techno,Sueslide,2022-05-27,DEH742210313,"in between - stephan zovsky, fivep",13001
320947,124,6A,Melodic House & Techno,Oddity Records,2022-02-25,UKACT2230267,superia - coeus,12989
320949,124,11A,Melodic House & Techno,Purified Records,2022-04-22,CH3132216539,mission control (extended mix) - david lindmer,12987
320950,126,,"",,,DEU672400218,limitless - fivep feat scarlett,12991
320951,126,6B,Progressive House,3000 Grad Records,2022-04-08,DEU672200176,spuermaschine (green lake project remix) - kernel existence & green lake project feat pauly,12999
320952,125,8A,Techno (Peak Time / Driving),Afterlife Records,2020-12-11,DEXO22025150,a magic world - kas:st,12988
320953,125,11B,Melodic House & Techno,Oddity Records,2022-07-22,UKACT2231573,natch - fat cosmoe,12986
320954,123,8A,Progressive House,MIR MUSIC,2020-04-13,GBWUL2042273,astral (d-formation & yaide remix) - hannes wiehager,12985
320955,122,2A,Melodic House & Techno,Rose Avenue/Reprise,2021-07-29,USRE12100567,alive (solomun remix) - rüfüs du sol,12984
320956,121,9A,Melodic House & Techno,Afterlife Records,2022-04-01,DEEC33500534,land of heroes - woo york,12983
320957,122,9A,Melodic House & Techno,Rose Avenue,2021-07-16,QMBZ92196655,"claire - anyma, janus rasmussen",1831
321754,125,,"",,,DEH742425004,"carinito - aka aka, stev dive, roy stroebel",27502
322061,130,8A,Bass House,WHATS POPPIN,2025-06-13,DEH742516090,better than you - matonik,27273
322071,128,3A,Tech House,Baikonur Recordings,2025-05-16,GBKQU2539254,sax play - sergiodnine,27265
322072,125,12A,Bass House,SPINNIN' RECORDS,2023-07-14,NLZ542300895,"whistle (extended mix) - byor, shift k3y",27277
322073,126,11A,Tech House,Armada Music,2023-06-09,NLF712304469,lost in the music (extended mix) - ship wrek,27263
322246,127.7,,"",,,QZSYP2584864,"the motion - ashton adams, randy perez",27135
322247,130,9B,Tech House,Palmlands Records,2025-12-05,DEH742533683,"what u gonna do - raffi habel, dread mc",27137
322248,128,9B,Tech House,LOW CEILING,2025-09-19,GBKQU2590230,"throw em - ryan nichols, footwurk",27134
322629,120,11B,Tech House,Selador,2015-07-27,GBSCL1534040,how i feel (petar dundov remix) - third son,26859
322930,140,2A,Techno (Raw / Deep / Hypnotic),Adroit,2025-02-28,NLCK42502430,le reste (alberto tolo remix) - glia,26640
322931,140.1,,"",,,QZS632518577,changa y mezcal - danza macabra,26633
322932,106,6B,Techno (Raw / Deep / Hypnotic),Utopia Society,2024-01-15,GBLV62312896,rooibos (not a headliner remix) - ill communication,26632
322986,150.1,,"",,,GBG8Q2300063,commandments - conrad pack,26584
322987,132,6A,Electronica,SUB TL,2020-04-30,NLCK41065371,imperialist weapons - müzmin,26588
322988,132,10A,Techno (Raw / Deep / Hypnotic),Planet Rhythm,2021-05-31,NLCK42217720,dystopian future - deas,26583
322990,141,2A,Techno (Raw / Deep / Hypnotic),Aum Recordings,2024-08-14,NLCK42410491,vertigo - mchvlsm,26580
322991,142,4A,Techno (Raw / Deep / Hypnotic),Soma Records,2025-02-21,GBBVL2506795,opisthokonta - franco rossi,21950
322992,145,9A,Techno (Peak Time / Driving),Dôme,2024-01-31,FRDX62311810,warm us - opäk,26581
322993,143.1,,"",,,NLCK42501890,soulful synaptic (original mix) - kabay,21956
322994,134,11B,Techno (Peak Time / Driving),Newrhythmic Records,2020-06-17,NLCK41068532,funeral translúcido - finalversion3,26577
322995,68,5A,Techno (Raw / Deep / Hypnotic),Arts,2024-11-08,NLCK42419087,june - vntm,26576
322996,128,4A,Techno (Raw / Deep / Hypnotic),Faut Section,2024-04-05,NLCK42401725,scientific side - space program,26575
322997,147,3A,Techno (Raw / Deep / Hypnotic),EarToGround Records,2024-10-29,NLCK42418280,blue rum - rove ranger,26578
322998,138,11A,Techno (Raw / Deep / Hypnotic),Gannein Recordings,2025-11-21,FRPZ92411190,liminal space - gannein,26574
322999,127,11B,Techno (Raw / Deep / Hypnotic),Bedrock Records,2024-10-18,GBLV62400762,"river will turn (vox version) - patrick siech, sebastian mullaert",7375
323000,136,5A,Techno (Raw / Deep / Hypnotic),Delsin Records,2022-06-03,NLM792200026,blazing star - voiski,26573
323088,122,6A,Breaks / Breakbeat / UK Bass,Posterboy,2016-03-04,UKDBC1500005,made frames (theo kottis remix) - mia dora,26501
323089,122,7B,Techno (Peak Time / Driving),Pour La Vie,2015-07-07,DEH742050429,mind games (marc depulse remix) - compact grey,26503
323090,123,8A,Tech House,Voltaire Music,2017-07-07,DEBE71600012,stay (dub) - leonardo gonnelli feat forrest,26499
323091,117.9,,"",,,GBKQU1601094,"elision - jonas saalbach, teenage mutants",26502
323092,121,12B,Tech House,Sincopat,2016-02-29,QM6MZ1747377,fate (original mix) - third son,26498
323093,123,1B,Techno (Peak Time / Driving),Suara,2015-08-10,ES84B1510174,rise of emotions - los paranos,26496
323094,,,"",,,USW691400028,"stars (inxec remix) - aidan lavelle, robbie akbal",26495
324132,120,4A,Organic House,Bar 25 Music,2023-06-23,GBKQU2355342,breathe (nhii remix) - groove shack,25732
324134,122,9A,Afro House,MoBlack Records,2023-07-07,ITFGO2300070,condessa - touzani,25730
324135,115,9A,Organic House,House Music With Love,2023-04-14,SE4MF2300548,una hormiga (kermesse remix) - seba campos,25727
324136,126,10A,Melodic House & Techno,Get Physical Music,2023-04-14,DEBE72300531,take care (maz remix) - helsloot,25731
324138,119,8A,Tech House,Biotop,2015-09-07,DECY51516132,"balsam für die sohle (acid pauli rework) - gabriel creole, patrick zigon",25729
324139,120,8A,Tech House,Crosstown Rebels,2012-11-12,DEU670800785,ikarus (original mix) - dop,25723
324140,112,1A,Downtempo,The Magic Movement,2023-03-10,QMFME2255765,melting - kermesse,25728
324141,115,8A,Electronica,Kanto Records,2023-05-04,US83Z2314014,rajo - christopher schwarzwalder,25726
324142,114,4B,Downtempo,Underyourskin Records,2023-01-27,,"locomotiva (just emma remix) - dr parnassus, just emma",25724
324143,110,12B,Latin Electronic,Cosmovision Records,2020-05-08,GBKQU2043653,tarsier - thommie g,25725
324145,120,1B,Organic House,VillaHangar,2023-03-24,UKBJZ2300015,"bayati shiraz (playa mix) - rockin moroccin, davide ruberto",25722
324146,123,6A,Organic House,Get Physical Music,2023-07-14,DEBE72300674,say goodbye - gab rhome,25721
324663,86,7A,Dance / Pop,Night Time Stories (Catalogue),2024-09-02,GB5EM1601544,view2 - sasha,25338
324664,83,7A,Organic House,Alt Orient,2020-10-23,US83Z2037207,"bulut - santi & tuğçe, tugce kurtis",25347
324665,105,9A,Organic House,The Magic Movement,2021-09-10,QMFME2105368,senhor carangeju - xique-xique,12913
324667,100,5B,Electronica,Amselcom,2019-06-14,DEY471980817,macabeo - okuma,25336
324669,102,5B,Organic House,Amselcom,2021-07-02,NLRD52018134,"tokidoki - dj amiga, lui mafuta",25337
324670,100,7A,Indie Dance,URSL,2021-06-25,DEY472173026,mick jagger - der freundliche sultan,25335
324671,105,6A,Electronica,Heimlich Musik,2019-08-16,ATDY81900057,spargelspaghetti - acud,25334
324673,105,8A,Electronica,Serafin Audio Imprint,2025-04-11,DEY472080187,neukölln liegt am meer - acud,25331
324674,112,8A,Deep House,Variety Music,2012-01-23,DEDL81002809,god's gift - ante perry & kolombo,25346
324831,81,4A,Trance (Raw / Deep / Hypnotic),Curiosity Pill,2026-05-12,NLCK42606929,non è vero - nonova,25212
324832,165,,"",,,NLCK42514230,rog - archypness,25214
324833,,,"",,,CH6542530666,"primal resources - mu'taism, kobayashi maru",25217
324834,85,5A,Trance (Main Floor),Fegefeuer Collective,2026-06-05,GX5FC2600107,shape - morpha,25209
324835,155,11B,Psy-Trance,Fegefeuer Collective,2025-07-04,GX5FC2500108,kalika - ayim,25208
324837,,,"",,,QM8DG2532928,dripwood - autogenesis x ayim,25210
324951,130,2A,R&B,iM Electronica,2026-05-15,FR9W12606409,co energy - asna,25127
324952,133,1A,Latin Electronic,Disetti,2026-07-13,QZN882633770,el salchipapeo - aleteo boom,25125
324953,105,6B,Bass / Club,Soundway Records,2025-07-11,GBUQH2400191,cow horn riddim - g6 productions,25126
324954,75,,"",,,TCAHU2422351,"wouf - blicassty, trg",25128
324955,80,,"",,,USHM92595734,2p2p - koizek,25130
324956,86,7B,Brazilian Funk,Rua B Records,2025-12-01,BK55Q2500020,lindo com dinheiro - mc lckaiique,25121
