set_id,catalog_id,deezer_id,artist,title
24,4355,1507789102,Fred again..,Hannah (the sun)
24,4426,1470880972,Fred again..,Billie (loving arms)
24,4450,1548255512,Fred again..,Tate (how i feel)
24,4490,1299712232,Fred again..,Sabrina (i am a party)
24,4496,1299712162,Fred again..,Yasminah (see your face again)
24,4651,1548255482,"Fred again.., I Am Roze",Roze (forgive)
24,4713,1548255562,Fred again..,Tanya (maybe life)
24,4715,1548255502,Fred again..,Kahan (last year)
24,4726,1548255462,Fred again..,February 2nd 2021
24,4727,1548255472,Fred again..,Catrin (the city)
24,4729,1541985962,Fred again..,Faisal (envelops me)
24,4730,10733587,Burial,Near Dark
2230,36511,3862264181,D1,Hollow
2230,36862,374223661,Batu,Marius
2230,36863,3880815501,marino2,Wildest Word
2230,36864,1082441042,Bakongo,Oww
2230,36865,3397444201,Joe Milli,Expressions
2230,36866,1216926042,Forest Drive West,New Day
2230,36867,2132048577,Drumheller,Barracuda
2230,36868,3882817191,TSVI,Dance Tripping
2230,36869,3501409831,Yaleesa Hall,Cleanse
2230,36870,3894481651,Mees Mattern,Analog Fever (Khun Remix)
2230,36871,3537027991,Skee Mask,Siebkopf
2230,36873,3837137791,Polygonia,Intrinsic Values
2230,36874,3767118992,Heritage,Flicker (Original Mix)
2230,36875,3033670391,Sohn Jamal,Redundancy Circles (NirBorna Remix)
2230,36876,3372989081,Farron,Fort Miley (Original Mix)
2230,36877,4030220081,Brianna Paon,Torrential Phase
2230,36878,3260109631,Blank Patrick,Canine Growing Backwards
2230,36879,3424490621,"Command D, Zara",Gravity Reset
2230,36880,3262955141,Korzi,Cracked Plates
2230,36881,1210036562,Enayet,Bhir
2230,36882,2129361697,Sam Goku,Mangrove Railways
2243,11512,1918400927,DJ Le Roi,I Get Deep (feat. Roland Clark) (Late Nite Tuff Guy Remix - Emanuel Satie Rework)
2243,30773,3703715532,Lil' Mo' Yin Yang,"Reach (Little ""More"" Mix)"
2243,34263,442996452,Silvano Del Gado,From Jamaica to Brasil
2243,36986,381228791,Stefano Ranieri,Less Talk
2243,36994,4047942511,Kenny Dope,Turn You Up (Kenny Dope & Todd Terry O'Gutta Dub)
2243,37010,4047944271,DJ Gomi,Piano Groove (Main Mix)
2243,37027,1152682992,Louie Vega,V.R. Tribute (Louie Vega Extended Sci Fi Dub)
2243,37028,381228751,Leftwing & Kody,Sound Boy (Original Mix)
2243,37029,4047945641,Kenny Dope,All I'm Askin' (Demuir Playboy Edit)
2243,37030,110818960,Seven Davis Jr.,Sunday Morning (Kaytronik Ruff Kut Mix)
2243,37031,3704864422,River Ocean feat. India,Love And Happiness
2243,37032,2396169275,"Todd Terry, House of Gypsies",Sume Sigh Say (Maw Edit)
2245,1248,3155869741,Blaze,My Beat
2245,37043,3967784131,Dames Brown,Take Me As I Am (Moodymann Extended Remix)
2245,37044,10937360,Sessomatto,I Need Somebody (Original Mix)
2245,37045,3877078591,Angel Moraes,I Like It (I Like How You're Lov'in Me) (feat. Octavia Lambertis) [The Moraes Mix] (The Moraes Mix)
2245,37046,3992938211,St. David,Message Of Love
2245,37048,3413027341,Alex M (Italy),All Night (Original Mix)
2245,37049,3793870892,Ultra Naté,Desire (Kerri Chandler Underground Mix)
2245,37051,3508137561,Boris Dlugosch,Keep Pushin' (Path of Dub Mix)
2377,40052,106668064,Monique Feat. Les Tridents,Stalactite
2377,40053,467975062,The Duke Of Burlington,L.s.d. (Librae solidi denari)
2377,40054,2692724072,"Gianfranco Reverberi, South African Combo",Orgiastic Ritual
2377,40056,546519112,Alberto Baldan Bembo,Trop's
2377,40057,4574363,Piero Umiliani,Chaser
2377,40058,3221209641,Franco Micalizzi,Manile
2377,40060,363728081,Patricia Burns,Paddock
2377,40061,3624373042,Reiko Itsuki,Fly Me On The Wings Of Love
2377,40062,2958049441,Gerhard Heinz,Isle Of Lesbos
2403,40308,2926440371,"Lucio Agustin, Mati Astroza",Wasted Of Time
2403,40309,3728730372,Andy Somoza,Rhythm and Sound (Extended Mix)
2403,40310,2878700002,Nic David,Your Power
2403,40311,2926440361,"Lucio Agustin, Mati Astroza",Time Traveler
2403,40312,3174278621,Louden,Touché
2403,40313,3592858242,Mariche,I Like That
2403,40314,2814848582,Mati Astroza,Want Me (Original Mix)
2403,40315,3241815911,Mati Astroza,Fixation
2403,40316,3149219961,Mati Astroza,Put It On You
2555,38044,778452,Deftones,My Own Summer (Shove It)
2555,38045,3777565,Sharon Woolf,Sweet Like Chocolate (Radio Mix)
2555,38046,98316896,Bloc Party,Blue Light
2555,38047,3134159,Spice Girls,Never Give Up On The Good Times
2555,38048,1425944642,BIA,WHOLE LOTTA MONEY
2555,38050,549279042,Roy Ayers Ubiquity,Everybody Loves The Sunshine
2555,38051,4288426,Paramore,The Only Exception
2555,38052,357502961,Mount Kimbie,Marilyn
2555,38054,3293348151,1fro,Amnesia
2555,38055,3493048621,Beaabea,onandonandon
2555,38056,3486127011,Yasmin Regisford,Dance It Out
2555,38057,2815856602,Deetron presents Soulmate,Drone
2555,38058,3554374451,"BombayMami, NAINA",Fire in Delhi (NAINA Remix)
2574,205,3722040362,Namasenda,Love Island
2574,38281,3675004202,Cece Natalie,muah
2574,38282,3067589901,ear,Nerves
2574,38283,2979829511,Two Shell,Everybody Worldwide
2574,38284,3444573011,Ninajirachi,Fuck My Computer
2574,38285,2813202352,ta1ls,Fatigue
2574,38286,2207846117,Jam City,LLTB
2574,38287,3435010161,DJ_Dave,Hard Refresh
2574,38288,2246600287,maniken05,i want U 2
2574,38289,3729248702,Isla Den,keepOn
2574,38290,3722040412,Namasenda,Miami Crest
2574,38291,129287518,"Edward Maya, Vika Jigulina",Stereo Love (Massivedrum DJ Fernando Remix)
2574,38292,3461965121,dj g2g & Vrod Beatz,Bota na Cara
2574,38293,1180728352,Finn Keane,Laplander
2574,38294,3196610721,Bassvictim,Forever salty
2574,38295,1906241357,"Mura Masa, Isabella Lovestory",tonto
2595,38314,3296406641,Natura Morta,Blood Is Life
2595,38315,1520092432,Blank Gloss,Anticlimbers
2595,38316,3350640501,MA.MOYO,Libation
2595,38317,1924418777,IKSRE,"Woodlands (Summer, 10.28am) - Crystal Bowl Meditation"
2595,38318,2773585581,Damsel Elysium,Echoes of Lalia
2595,38319,3968836161,Holland Andrews,Open Water
2595,38320,1120527672,Elori Saxl,Memory of Blue
2595,38321,2295834335,Alev Lenz,Fishermen (Sell Your Dreams) (Nyokabi Kariuki Rework)
2595,38472,1675712917,Sofie Birch,Hallu
2609,37929,3495844481,Wim Waldo,Clear Sky
2609,38659,3553066131,Will You,Tellisford Loop
2609,38660,2378007755,Terry Francis,Hannah's House
2609,38661,3776147352,Owain K,Axial Shifts (Original Mix)
2609,38662,1470606972,Chaos In the CBD,Liquid Experience
2609,38663,3284216831,eb_flow,Illusion
2609,38665,484953572,Cab Drivers,Playroom
2609,38666,4091299361,Morsal,Never Too Late
2609,38667,2378007775,Terry Francis,As You Cry
2609,38668,3535801791,Inland Knights,Rack Me Up
2609,38669,3926245301,Spandrel,Missed Memo
2609,38670,3926245321,Spandrel,Negocios
2628,37589,3762616222,Justyn Nell,Embodiment
2628,38866,3785063172,Gisura,Hivemind (Original)
2628,38867,3942755771,eaien,Lost In Space
2628,38868,3343223311,Frank Funke,Merry Meltdown
2628,38869,3364365251,Philippe Petit,Session 3
2628,38871,3772937702,Alinep,Arangkada
2628,38872,3681534602,Vkn.modular,Anomaly In the System
2628,38875,3878388131,Konstantin Scharf,Floating with You
2628,38876,3785063192,Telicho,Talk to Me (Original)
2628,38877,3762616262,Justyn Nell,Aspect Ratio
2744,6045,101541782,Photek,Consciousness
2744,42142,2836203372,U2,Mofo (Mother's Mix)
2744,42143,2225958927,Brass Wolf,Two
2744,42144,511684552,Roni Size,The Calling (Goldie Remix)
2744,42145,2282405397,E-Z Rollers,Tough at the Top (Timecode Remix VIP)
2744,42147,2278157787,Goldie,Angel (Peshay Back From Narm Mix)
2744,42148,4209144772,Hidden Agenda,No Man's Land
2744,42151,2133889567,"Roni Size, Reprazent",Brown Paper Bag (feat. Dynamite MC) (2017 Remix)
2744,42152,3418926251,"Roni Size, Reprazent",Brown Paper Bag (Roni Size Extended Mix)
2774,35190,109080918,DJ HMC,6 A.M.
2774,35897,1803178077,MATRiXXMAN,Protocol
2774,42024,1523184202,Xhin,Blade Moth
2774,42239,14565702,Mike Dehnert,Pneumatic
2774,42330,1981288717,Samuel L Session,Broken Containment
2774,42422,1762220627,Fjaak,Gewerbe 15
2774,42423,1650257072,bjarki,I Wanna Go Bang
2774,42424,3199575751,Roman Lindau,King Disco (Original Mix)
2774,42425,112135820,Andrei Morant,Negative Geometry (Owen Sands Remix)
2774,42427,125050374,The Prodigy,Roadblox (Paula Temple Instrumental Remix) (Paula Temple Instrumental Remix)
2774,42428,2106409577,"Johannes Heil, Len Faki",Happy 808
2817,38973,3635444602,Culoe De Song,Guardian Tongue (David Mayer Remix)
2817,41725,3676413242,"Oliver Koletzki, andhim",Der Mückenschwarm (andhim 20yrs SVT Remix)
2817,42850,3794711952,Re.You,Save You
2817,42851,3964193881,Martim Rola,On Business (Extended Mix)
2817,42852,3967241831,&lez,Terror
2817,42853,3417222591,EVINN,Silent Momentum
2817,42854,3605065232,Monkey Safari,Wudu Wudu
2817,42855,686960012,Sebjak,Different Worlds
2817,42856,3650067082,"Jane Ryse, Melane",Congo (Monkey Safari Radio Remix)
2817,42857,3776414092,Themba,All Gone
2871,1294,3660001,BeBe Winans,"Thank You (12"" Mix)"
2871,43326,1241457362,Disco Lust,French Connection (Original Mix)
2871,43327,3068785271,Cerrone,My Desire
2871,43328,613546052,Roy Ayers,Good Good Music
2871,43329,1495268722,Freeez,Stay
2871,43330,3112506,Heaven 17,Penthouse And Pavement (Remastered 2006)
2871,43331,1649272792,Burnis Moleme,Where Is the Answer
2871,43332,391727102,Undisputed Truth,You + Me = Love
2871,43333,64608119,Jamiroquai,Emergency on Planet Earth (London Rican Mix)
2871,43334,1576015372,Bill Laurance,Time to Run
2871,43335,81046394,Fila Brazillia,Rankine (Live at Bounce) (Bonus Track)
2871,43336,926428022,A Mountain Of One,People Without Love
2912,43926,730510232,Daniel Maunick,Only U
2912,43927,1472493002,E. Live,Feeling Nervous
2912,43930,679050672,Pezzner,Autosave My Love
2912,43931,135523590,Ron Trent,Boogie Down
2912,43932,1747803517,Tour-Maubourg,Square Sounds
2912,43933,679329912,Kapote,Fuck Music (Session Victim Remix)
2912,43935,3535958441,Laurence Guy,W.L.Y.B
2912,43936,571837142,Fudge,So Tight (Original Mix)
2912,43937,397148952,BRS,Bouncing
2912,43938,142395149,Chez Damier,Sometimes I Feel Like
2912,43939,1089062402,Rick Wade,Authentideep
2912,43940,2374005215,Paul Johnson,I Wonder Why
2912,43942,567537822,Chez Damier,I Never Knew Love (MK Extended Club Mix)
2939,36081,1969871237,Not A Headliner,Grateful Dead
2939,44181,367825691,Marco Shuttle,Thebe
2939,44182,3592522302,Psyk,Fall from Grace
2939,44184,1492020592,Kwartz,Red Flame
2939,44185,2892933101,Pfirter,Yearn (Original Mix)
2939,44186,1020676722,Fergus Sweetland,The Virus Desire
2939,44187,703241412,Peter Van Hoesen,Kelly Criterion
2939,44188,2245746767,Kwartz,Haram
2939,44189,2893016461,Casual Treatment,Fatality (Original Mix)
2939,44190,2125787437,Kevin Ferhati,Basilika
2939,44191,2150970197,Catartsis,Le silence ne suffit pas
2939,44192,3542128161,Nørbak,Lobo
2939,44193,2616298312,Kølpøs,Geiseres On Mars
2939,44194,561256112,Yung Acid,Pale Rose (Original Mix)
2939,44195,1252655672,Pablo Diskko,And Then
2939,44196,2981197761,DjRUM,"Frekm, Pt. 2"
2958,35798,63275396,The Durutti Column,Grace
2958,42070,2206277127,Mappa Mundi,Sexafari
2958,44452,3413808151,Savage,"Don’t Cry Tonight (12"" Version)"
2958,44453,3413803451,Savage,Don't Cry Tonight (Instrumental Version)
2958,44454,3354861601,Alien D,Allusion
2958,44455,1391840652,Nice Girl,The Coming
2958,44456,2206907547,Apiento,Things You Do For Love (Machine Version)
2958,44457,4157674302,Saâda Bonaire,So Many Dreams (Amek Live Dub)
2958,44458,3255476831,Holy Ghost Inc,Walk On Air (Sun & Moon Mix)
2958,44460,2952790371,The X Factor,Peraza (Kalipercus Rmx)
2958,44461,3786803642,E-Culture,Tribal Confusion (Inhalation Mix)
2958,44464,962193512,Priori,SCN 3
2958,44465,12034756,Plastic Surge,Burbuja
2958,44466,1058215232,Mariah Carey,Honey (Morales Dub)
2958,44467,2584345272,E.B.E.,Listen
2958,44468,1507828792,Parris,Movements
3038,13778,3935535111,Amour Propre,Blurred Signal
3038,45501,1833200157,Ray T.J.,Cross Your Side (SNYL Remix)
3038,45502,2841921822,"Gregor Tresher, Sven Väth, Pavel Petro",Flashback (Pavel Petrov Remix)
3038,45503,3839956711,Darlyn Vlys,Quantum
3038,45504,3836363901,Return Of The Jaded,Satisfy (RIKO & GUGGA Remix)
3038,45505,1901452997,BOHO & Mr. Bizz,Fixing
3038,45506,512871222,Daniel Jaeger,Trysome
3038,45507,2662186612,Hannes Bieger,Black Hole
3038,45508,3325790291,DONT BLINK,WITHIN THE SCREEN (Extended Mix)
3038,45509,2969190241,"Jon.K, Kuman (RU)",Zeta
3038,45510,3680259412,DONT BLINK,STROBE LIGHT
3038,45511,3316166231,Victor Flash,Let You Down (Extended Mix)
3038,45512,4019021071,Luca Luper,For A Million
3067,45885,1514641562,Luciano Supervielle,Nuevo Comienzo
3067,45886,135250002,Marker Starling,For Real
3067,45887,3949703411,clako,Беги От Меня
3067,45888,3807596902,Nine Vicious,4Real
3067,45889,145078876,Altocamet,Velada Bristol Casino
3067,45890,3574984531,Verde Prato,Solita
3067,45891,2773010351,PERIKAS,Laberinto
3067,45892,1206429702,Mario Lavezzi,In alto mare
3067,45893,1048590332,"Gustavo Cerati, Daniel Melero",Cozumel
3067,45895,3571530761,Juana Molina,caravanas
3067,45896,3951735581,pablopablo,Eso Que Tú Llamas Amor
3067,45897,3277637811,Emil Saiz,Grounding Phase
3067,45898,518970932,Pino D'Angiò,Lezione d'amore
3067,45899,2640524482,Fernando Toussaint,María
3067,45900,3443799311,Silvana Estrada,Dime
3067,45901,2348632755,Natanael Cano,Mas Altas Que Bajadas
3067,45902,2343546315,Peso Pluma,Rosa Pastel
3067,45903,3612967432,Maria Arnal,AMA
3067,45904,3258420811,Carlos Cutaia,Sensación Melancólica
3067,45905,706133772,Laura Groves,Pale Shadows
3067,45907,3567647281,Milo J,Recordé
3067,278094,3257798281,Sangre Nueva,Sola
3149,4144,3508344151,Mac Declos,Sexiness
3149,11324,2344805215,Hedo Hydr8,Blood Dancer (Amor Satyr Remix)
3149,13585,703750012,Donato Dozzy featuring Anna Caragnano,Parola (Rework)
3149,47043,4000928971,Prieste5s,Lucid Dance
3149,47044,3950731581,ARTISOMA,Myndra
3149,47045,2995055571,Kami-O,Blutak
3149,47046,3135769481,Zygos,"Dull, Tired & Spiritless"
3149,47047,3251395081,"Esthetic, Reac-Zo",Outrun
3149,47048,3936528211,DJ Sprinter,Rumble Break
3149,47049,3387323001,DJ LOUI FROM JUPITER4,secuencia inicial
3149,47050,3251395101,"Esthetic, Reac-Zo",Solitude
3149,47051,3918192651,don yaya,SPIN THE BEAT BACK
3149,47052,3624907042,ARTISOMA,Texture Flow
3149,47053,2575938882,Morning High,The Host VIP
3149,47054,4007005751,Isaiah,I'm Fucked
3149,47055,2835218582,Jan Loup,Haffi
3149,47057,3853731051,IVE,○○
3149,47058,109790564,Polar Inertia,Vertical Ice
3149,47059,4045373951,Leese,Fräcture
3149,47060,3906262201,Deft,N4U
3149,47062,2516293511,"Hyroglifics, Deft",Two For Two
3149,47063,3811891812,Schacke,Booty Bumps
3149,47064,3806686002,Siu Mata,Endless Motion
3149,47065,3717275042,MUADEEP,IRA╠âTA
3149,47066,3536144881,Acid Lab,Mind Encode
3149,47067,2835218562,Jan Loup,Ardifaon
3149,47068,3948732371,Sully,Model Collapse (Basic Rhythm Remix) (Basic Rhythm Remix)
3149,47070,1634349302,"Loxy, Overlook",The Harbinger
3149,47071,3436116541,HardWired,Beltram
3149,47072,3688810452,Primal Tribes,Beneath The Grim Dream
3149,47073,3077121861,Aikanã,Breathe
3149,47074,3677309882,Fetus,Half Half (Amor Satyr Remix)
3149,47075,2712149451,Smogo,Psy Lords
3149,47076,2766538011,Jan Loup,Shanti (Maquis Son Sistèm Remix)
3149,47077,3755628382,Lefty,Phase One
3149,47078,3171824101,Parasite,Shadow Prophecy (Original Version)
3149,47080,2537315721,Sam KDC,Indra's Net
3149,47081,3205340241,The Faraday,Bunker (D-Struct Remix)
3149,47082,3641664492,Displaced Paranormals,Chaos Reigns.
3149,47083,3688810472,Primal Tribes,Kanashibari
3149,47084,3688810482,Primal Tribes,Void Figures (Elizar Mel Remix)
3149,47085,3075080621,Elizar Mel,Submission (Original)
3170,4144,3508344151,Mac Declos,Sexiness
3170,47400,3863079001,Gannein,Hex
3170,47402,3219504981,Mislaw,Sen
3170,47404,2440435325,Concussion,200 Hz
3170,47405,2953774921,Khas,Kompres
3170,47407,3867905831,Derode,Rectangular
3170,47408,3418124841,Iraklip,Sense
3170,47409,3537720811,ÆKO,Akra
3170,47410,3552148531,Red Rooms,Tesseract
3170,47411,3614789982,Connor Wall,Memory Erased
3170,47412,3197675981,Mython,Satiety
3170,47414,3524546961,Hyden,Swarm
3170,47415,3391641311,BLANKA (ES),In the Shadows
3170,47416,3564546421,CVNSUMED,Fashion Victim
3170,47417,3392963321,Hamatsuki,unbound
3170,47418,3297046991,"Mython, Idu Berg",Kairos
3170,47419,3248043561,Absolet,Blue Rose Case
3170,47420,3651682622,Iraklip,Ekitai
3170,47421,3182554271,"Veiga, BCCO",Nyctophobia
3170,47422,3354446811,Khas,Nova Prospekt
3170,47423,2822061132,Symbolism,Distance
3170,47424,3186321631,Modēm,Kanto
3170,47425,3835194301,GCOD,Incentive Systems
3170,47426,2527328811,Symbolism,Turiya
3170,47427,3867905811,Derode,Paradox
3170,47428,3415951881,Karenz,Trezzo Tynk
3170,47429,3033858231,Tom.Healey,Maluk (Modēm Remix)
3170,47430,1480806022,RONY Group,Shams
3170,47432,3352107671,"CVNSUMED, VARIA",Kurinkatto
3170,47433,3590231521,"Sicion, KYSH Records",In Their Name
3170,47434,3298299581,KUSS & Sicion,Dissolve to Evolve
3170,47435,2912819641,Modēm,Detection (Original Mix)
3170,47436,3540582411,K-H1,Sladko
3170,47437,3451700651,Bob Semp,The Calm Query (Original Mix)
3170,47439,2989268591,Childo,Pan Room
3170,47440,3662850402,Gannein,Excursion
3170,47441,3863079031,Gannein,Panenka
3170,47442,3863079041,Gannein,Moonlight
3181,47567,1450325242,The Sprout House Band,Spanish Flowers
3181,47568,71853013,Hope Sandoval and the Warm Inventions,On the Low
3181,47569,4013525661,Gyeongsu,FOOLER
3181,47570,548649742,Water From Your Eyes,Out of Town
3181,47571,2490511601,Tirzah,Slow Jam
3181,47572,3580154571,TRISTÁN!,Tutta La Notte (feat. Calcutta)
3181,47573,2175439087,Kate Bush,Why Should I Love You? (2018 Remaster)
3181,47574,657816252,Emitt Rhodes,With My Face On The Floor
3181,47575,624917422,Siouxsie And The Banshees,Kiss Them For Me
3181,47576,3934847381,A Good Year,Back of a car
3181,47577,3734691622,Joanna,If You Don't Want Me To (Andras Remix)
3181,47578,3173165541,Hongkong Syndikat,Love
3181,47579,3521467301,Joanna,Gardeners' World
3181,47580,537787052,Kikagaku Moyo,Dripping Sun
3181,47581,4013525671,Gyeongsu,FORETOLD
3181,47582,2982937451,Cameron Winter,Nausicaä (Love Will Be Revealed)
3181,47583,3704317152,Otto Benson,Raisin
3181,47584,2423469495,China Crisis,Red Sails
3181,47585,3817066262,Pollyfromthedirt,Dont shoot now
3181,47586,29379591,Broadcast,Ominous Cloud
3336,41725,3676413242,"Oliver Koletzki, andhim",Der Mückenschwarm (andhim 20yrs SVT Remix)
3336,42834,3594033682,Arodes,Feel It (Extended Mix)
3336,49469,3081924521,"Eynka, Fractures",Everything In Its Right Place
3336,49470,3407400651,"Osfur, UVITA, The Scripture",No Way Out
3336,49471,2817159312,Tal Fussman,If I Can
3336,49472,3556745951,Andrea Oliva,Loud Enough
3336,49474,3588622251,"CamelPhat, Josh Gigante",The One (Extended Mix)
3336,49475,3623309902,Kryder,Time (Extended Mix)
3336,49476,3507606691,&LEZ,Paradise
3436,6787,8075587,Frankie Knuckles,The Whistle Song
3436,50749,2190320757,Lone Saxon,Raised By The Island (Orchid Mix)
3436,50750,780057922,Pender Street Steppers,Falling
3436,50751,3962573321,Milord,To The Music
3436,50752,2581369312,Distance,Sunrise
3436,50753,1015680972,M.C.J.,Sexitivity (feat. SIMA) [Deep Remix] (Deep Remix)
3436,50754,1107973872,Balearic Skip,Mighty
3436,50755,5094167,Deee-Lite,E.S.P.
3436,50756,1758924017,Janet Jackson,The Pleasure Principle
3441,4675,2358937145,"Kwengface, Joy Orbison, Overmono",Freedom 2
3441,50812,1141757432,Frosty,Snowballs
3441,50813,3257181141,Glokk40Spaz,Nun 4 No Schmuck
3441,50814,2842765522,Len,FEELNuNN
3441,50815,3399233801,EsDeeKid,Prague
3441,50816,3793882512,sosocamo,rich rapport
3441,50817,3396559891,sosocamo,chronic
3441,50818,3793882522,sosocamo,miss you too
3441,50819,3793882392,sosocamo,perfect
3441,50820,3793882442,sosocamo,what about us
3441,50821,3934369861,Rico Ace,Dope Boyz
3441,50822,4009063221,BNYX®,what’s happenin?
3441,50823,4017356731,Meekz,Can’t Stop Won’t Stop II
3441,50824,3761079362,Zeddy East,Pretty Privilege
3441,50825,3793882462,sosocamo,let it pour
3441,50826,3793882542,sosocamo,keep steady (bonus)
3471,51178,2044722567,"Borges, dege, Pedrin, Pior Versão de Mim, Mc Max, Vt no beat",Proibidão 2022
3471,51179,3939053691,Digga,PAYG
3471,51180,3355473471,Emitê Único,Eu Meto Bronca
3471,51181,3976785301,TR Gobrazy,DEM MAN
3471,51182,3770219652,DJ BANNED,Breaking Bad
3471,51183,3988939841,Skrilla,Soul Snatchin
3471,51184,3939837371,Mig,Fleury Mérogis
3471,51185,3689236702,JUL,"Cassage de nuques, pt. 5"
3471,51186,4039180851,Morad,Peor
3471,51187,3964862911,Mous-K,Fast Track Freestyle
3471,51188,3961386831,LAGRISE,Intro Bavard
3471,51189,3675068522,2 Mètres,KHALISSI
3471,51190,3974245111,Sheu,Solvable
3820,9090,539098442,The Gap Band,"Outstanding (Original 12"" Mix)"
3820,20454,467762832,Chemise,She Can't Love You
3820,51977,69799306,Stacey Q,Too Hot For Love
3820,54063,365520791,Peter Visti,Besezeppe
3820,54064,541622022,Kool & the Gang,Too Hot
3820,54065,3125092,Loose Ends,Slow Down
3820,54066,2557490192,Inner Circle,Bad Boys (Theme from Cops)
3820,54067,3306266,Pino Daniele,Basta 'Na Jurnata E Sole
3820,54069,61143340,Marie Claire D'Ubaldo,The Rhythm Is Magic
3820,54071,87097869,ProSound Karaoke Band,Temperature (Instrumental)
3820,54072,14750366,Bibi Flash,Histoire d'1 soir (Bye bye les galères) (Bye bye les galères)
3820,54074,2454854795,Chappell Roan,HOT TO GO!
3820,54075,60762831,Grant Miller,Colder Than Ice
3820,54076,1824160897,Izzy Perri,Toxic
3820,54077,860083,Daniele Silvestri,Salirò
3820,54078,63201396,Sir J,L'ultimo della sera (Verlanzi Edit) (Verlanzi Edit)
3849,54435,3530970921,Deadbeat | The Mole,Farfisa hoser hymnal
3849,54437,25217001,Zomby,Tears in the Rain
3849,54438,3208575911,Noda & Wolfers,Broken Dream Tape Saturation
3849,54440,1539919422,Deadbeat,The Old Doom and Gloom
3849,54441,3728729472,Another Channel,Jah Will Be There
3849,54442,79314647,Yagya,Sleepygirl 2
3849,54443,79314655,Yagya,Sleepygirl 6
3849,54445,3582999351,In Glass,Glow
3849,54446,62319501,loscil,The Making of Grief Point
3849,54447,3277637281,Coil,The Wraiths And Strays Of Paris
3849,54449,4080774511,Quantic,Introduction
3901,55026,3725897562,VanoX,Dominate Me
3901,55028,3725897582,VanoX,Submarine Schranz
3901,55031,3725897572,VanoX,People in the Back
3901,55045,3718963852,DJ Troll,The Madness
3901,55050,3759117242,Sandro Mure,Feel Alive
3901,55060,3581178011,Legiøn (ES),Ego Crusher
3901,55061,3781426322,Djgothqueen,Feel It
3901,55062,3759117262,Sandro Mure,Glitch
3901,55063,3827708891,RVLT,SCHRACID
3901,55064,3812640742,SNTØ,Schranz Revolution
3901,55065,3812640732,SNTØ,The Rise Of The Underground
3901,55066,3831594891,Dstm,Hellrave Machina
3901,55067,3812640752,SNTØ,Mxthxrfxckxr
3901,55068,3718963842,DJ Troll,Never Stop
3901,55069,3781426332,Djgothqueen,Pump It
3901,55070,3756040912,Dstm,Steel Pulse Ritual
3901,55071,3666374732,LEGIØN (ES),Schranz Xpresso
3901,55072,3354134401,KUKO,DIE TONIGHT
3918,55167,4014627441,MATT P,Brutal Order
3918,55195,18194561,Instigator And Nemesys,Cannabals
3918,55196,3906860761,ORTIZ KAREV,Tough Kid 160 (ZELESTE ROKATECHNO Remix)
3918,55197,381560341,Golpe,Faktor S
3918,55198,3902045931,Vesho,We Are One (Zeleste Rokatechno Remix)
3918,55199,3633274032,"ROTURA XXL, ZELESTE ROKATECHNO",LA RAVE
3918,55200,3845093001,ZELESTE ROKATECHNO,Druck
3918,55201,4043936431,ORTIZ KAREV,TOUGH KID 160 (SPECIAL FUCK YOU MIX)
3918,55202,3981519051,Weichentechnikk,Old Essence (Original Mix)
3918,55203,38208261,DJ Hammond & Leo Laker,Travelling Without Moving
3918,55204,2822571592,ORTIZ KAREV,I Am...
4045,46122,1549620382,Farah Maria,Amame y No Pienses Mas
4045,56710,686144422,La Lupe,Es Mi Casa
4045,56711,3539235291,Super Combo de Pointe-Noire,Serrana
4045,56712,551194732,Conjunto Rumbavana,Pa' Na' Má Besarte (Remasterizado)
4045,56713,3918888911,Charlie Chimi,Columbia
4045,56714,1393041832,Los Hispanos,Los Ocho de Colombia
4045,56715,3931900531,El Sabor De Nacho,Que Se Sepa
4045,56716,3849289761,Claudette Soares,Shirley Sexy
4045,56717,655209632,Os Tincoãs,Atabaque Chora
4045,56720,1042632292,Guadalupe,Paraíso
4045,56721,438849192,Elizabeth,Quero Ver de Perto
4045,56722,439775102,Quarteto Em Cy,Favela / Arquitetura De Pobre / O Ronco Da Cuíca (Ao Vivo)
4045,56723,4703579,Gal Costa,Flor De Maracujá
4045,56724,3285530231,Peki Momés,Yıldız (Estrelar)
4045,56725,743813012,Hamlet Minassian,Al Elnim
4045,56727,2446337845,Shakti,Pi Pi (Turbotito & Ragz Rework)
4045,56728,504503512,The Tropics,Sondi Mi Ti Mie
4045,56729,12695624,Patience Dabany,We Mamobi
4045,56730,84624429,Jorge Ben Jor,Solitário Surfista
4128,57527,2142070787,Decisive Pink,Voice Message
4128,57528,10114389,Jeanette,"Oye papá, oye mamá"
4128,57530,1720965707,Telephone Exchange,Qué Irresponsable
4128,57531,1169794932,Los Nastys,Mi Perro
4128,57532,3058764171,Polilla Pocket,El Paisaje
4128,57533,452747162,Los 1995,Platos Rotos
4128,57534,103607818,Helen,Right Outside
4128,57535,33675651,Fuxa,Some Things Last A Long Time
4128,57536,540519602,Rodriguez,Street Boy
4178,58117,3785265942,Moby,THAT'S WHEN I REACH FOR MY REVOLVER
4178,58118,3783318012,Suicide,Frankie Teardrop (2019 Remaster)
4178,58119,17150502,Suicidal Tendencies,Suicide's an Alternative / You'll Be Sorry
4178,58120,16389596,Christian Death,Romeo's Distress
4178,58122,5589570,Kirk Brandon,Do You Believe In The Westworld ?
4178,58123,105428502,The Fall,New Big Prinz
4178,58124,9919156,Atari Teenage Riot,Digital Hardcore
4178,58126,549308412,Public Image Limited,Albatross (Monitor Mix / Alternate Mix)
4200,58376,3307844231,Quelza,Belly Jolie Movements
4200,58377,3529906651,LPV,Glitzyloopa
4200,58378,3820572851,Frank Biazzi,The Beat
4200,58379,3295811441,JXXXO,VALPO
4200,58380,2557675932,D.a.v.e. the Drummer,Dirty Synth Rave (Uncertain Remix)
4200,58381,3431128241,Andrew Bon Bosher,FAV-BA1
4200,58382,2744010531,The Miller,Duplications (2002) (The Sixth Sense Remix)
4200,58383,3432725031,Djamzer,Pump That Kong
4200,58385,1105308542,Mad Tribe,Spaced_Out_(Original_Mix)
4200,58386,3529906671,LPV,Marinai Digitali
4200,58387,1105308572,Mad Tribe,Trippers_(Original_Mix)
4200,58388,3248347421,Umwelt,Bodyhost
4200,58389,776045832,K-Series,Punk's (K6)
4200,58390,91304964,JP & Jukesy,Nowhere To Hide (Ilogik & Paul Janes Remix)
4200,58391,2429167335,Cave,Speleon (2023 Remaster)
4252,1033,3514936091,Silicone Soul,"Right On, Right On (Extended Mix)"
4252,10781,3875292811,David Penn,"All Gas, No Brakes"
4252,26105,3990998251,Definite Grooves,Shoulda Known Better (Sgt Slick Remix) (Sgt Slick Remix)
4252,35928,4014414351,Roog,All of My Days
4252,59162,3906892111,Zetaphunk,Another Star (Back To Disco Reboot) (Original mix)
4252,59163,3960780411,Night Tales,Reason
4252,59164,3785457992,Melsen,What I Feel
4252,59165,3975800781,TWENTY SIX,Besame Lento
4252,59166,3887437691,Ron Carroll,Way Back (Nari Remix)
4252,59167,3911424071,Block & Crown,Still in Love
4252,59168,4013556361,Crooked Colours,Come Thru (Moontalk Remix)
4254,1,3864635061,Franky Rizardo,Shinjuku
4254,647,3931736101,Adam Port,Be The One
4254,653,3990965871,ANOTR,Like It
4254,710,3968395921,Notre Dame,No Rules
4254,53441,3837698751,Pretty Pink,Your Eyes (Extended Mix)
4254,55281,3861823371,ARTBAT,Break The Loop
4254,59178,3948754371,Panama,Flow Free (Surf Mesa Remix)
4254,59179,3951018871,Jackie Hollander,High On You
4254,59180,3992356581,Claptone,Wanderlust (Club Mix)
4254,59181,3832495851,EDX,Innerglow
4254,59182,826808962,"Lost Frequencies, Vince Freeman",Sun Is Shining (Extended Mix)
4254,59183,3839995551,Tommy Farrow,Blessings (Joy) (Extended Mix)
4254,59184,3948376261,Devault,Can't Wait No More
4310,44281,3290756971,GiGi FM,Amadamushies
4310,53788,3614076372,Martinou,Ready To Let Go
4310,59836,3675377382,Fook Yue,Everything Changes
4310,59837,2756697201,HAL,Wittow
4310,59838,3078004221,Jon Hester,Ritual
4310,59840,110311080,Modern Heads,Beginning (Donato Dozzy Remix)
4310,59841,3563629601,Jurango,Black Torches
4310,59843,894016532,Objekt,One Stitch Follows Another
4310,59844,577912922,The 7th Plain,Astra Naut-E
4310,59845,962193522,Priori,SCN 4
4310,59847,3664820292,Kai Galactic,Solace
4310,59848,3584866501,Wata Igarashi,Echoes Beyond
4310,59849,2204526497,Iori,Reverse Run (Efdemin Remix)
4310,59850,871776182,Artefakt,Delphic
4310,59852,1272835882,Gal Tsadok-Hai,Squeeky Pete (Original mix)
4310,59855,1665670202,"Jozef K, Tin Man",Perfect Symmetrical Acid (Evigt Mörker Remix)
4310,59856,2349717665,Danilenko,Nerve Cells (Original mix)
4310,59857,3110937241,Moy Santana,Ariake
4310,59858,130469638,Microworld,Smile
4476,1090,11713403,The Astec Mystic,Jaguar
4476,40949,1963761887,Kingdom Come,Groovy Baby
4476,66780,3361484,Loose Ends,Hangin' On A String (Frankie Knuckles Remix)
4476,66781,493140442,Michael Wycoff,"Diamond Real (12"" Remix)"
4476,66783,72057421,Vivien Vee,Destiny
4476,66784,716159502,Rose Royce,Best Love
4476,66785,90985121,Archie Bell & The Drells,Glad You Could Make It
4476,66786,2733560421,Nancy Martin,Can't Believe (Instrumental)
4476,66788,6166612,Jesse Saunders,Funk - U - Up (Vocal)
4476,66790,137955671,Jovonn,Nite Roads
4476,66791,123129984,Dave Angel,Dimension of Drums
4476,66792,11352571,Tim Baker,Forgotten Frequency
4476,66793,63495176,LISA,Sex Dance
4476,66794,1650664062,bjarki,T4It 3
4476,66797,2980583861,Susumu Yokota,Kinoko (2024 Remaster)
4476,66798,3208576351,Fabio Monesi,Moonriver - Vocal Mix
4476,66800,4222395,"Jon Hassell, Brian Eno",Rising Thermal 14° 16' N; 32° 28' E
4476,66801,2817183712,Theo Parrish,Children of the Drum (1997 Predecessor Mix)
4476,66802,14394574,Dream 2 Science,My Love Turns To Liquid 2011 (Original 1990 Mix)
4516,66324,16659220,Minimono,My Sun (Original Mix)
4516,66325,16659224,Minimono,Runaway (Original Mix)
4516,66326,1754275267,Rainer Trueby & Rainer Trby,Welcome to Our World
4516,66327,14426637,El Kid,Kachinja
4516,66328,69738604,Coldform,Self Deception (Lump Remix)
4516,66329,16686436,The Florian Muller Project,Jam With It (The Oliverwho Factory Vocal Remix)
4516,66330,16686250,Anonym,I'm A Dancer (Original Mix)
4516,66331,3704879402,Phlash,1471
4516,66333,2208604857,Rebolledo,Steady Gear Rod Maschine
4529,56521,3919238851,Robosonic,Kabale & Liebe (O/Y Revision)
4529,61818,1553320382,Oliver Koletzki,La Veleta (Kunterweiß Remix)
4529,61819,727614742,Wide Awake,Zero Points
4529,61820,2197560307,NU,Man O To (Be Svendsen Remix)
4529,61821,3606045522,Thea & Schtu,Köln
4529,61822,1680883897,Überhaupt & Außerdem,Mostly Ghostly (Pulli & Chomba Remix)
4529,61823,365215001,Monolink,Burning Sun (Just Emma's Just Take Me Back Mix)
4529,61824,3297762251,Christopher Schwarzwälder,Noki
4529,61825,1008288562,Temple Tears,Reda
4529,61826,120025178,Unders,Syria (Original)
4529,61828,126318485,Joachim Pastor,Joda (Worakls Remix) (Worakls Remix)
4529,61830,1241454832,"T-Puse, Noble Spirits",Udumbara (Socko Remix)
4529,61831,1783850317,Oberst & Buchner,Moving a Mountain
4653,62957,3113217091,Soft Keys,Bubbles (Olive T's Extra Soap Remix)
4653,62958,680100762,Luigi Tozzi,Wastelands
4653,62960,2806599582,"Stefano Cosi, Omar",That's On Point (An Abacus Story) (An Abacus Story)
4653,62962,2807215502,Michele Chiavarini,Vibe We Share
4653,62963,2286560407,TREV,Late Flip
4653,62965,2798881022,Quiet Village,Reunion (Extended)
4653,62966,2953389241,Palavas,One Night Is Not Enough (Jimpster Remix) (Jimpster Remix)
4653,62967,2610507412,Right To Life,Give It Up (Micky More & Andy Tee Edit) (Micky More & Andy Tee Edit)
4653,62968,2388780675,Felipe Gordon,Treat You Gently
4670,39870,4574369,Piero Umiliani,Stream
4670,40057,4574363,Piero Umiliani,Chaser
4670,63191,1408780112,Michael McDonald,Sweet Freedom
4670,63192,117200212,Quincy Jones,"Main Title: Mama Aifambeni (Premiere Episode) (From ""Roots"" Soundtrack)"
4670,63194,10871689,D'Angelo,I Found My Smile Again (Radio Edit)
4670,63195,565630762,Sampha,Treasure
4670,63196,1734174937,Joe Simon,Theme from Cleopatra Jones
4670,63198,2359523785,Osibisa,La Ila I La La
4670,63199,2655894162,"Gulshan Jhankar Studio,Mahendra Kapoor,Asha Bhosle",Agar Mujhe Na Mile Tum - Jhankar Beats
4673,57354,3490807441,Mowdee,Yoka
4673,63249,1238510492,Yasmine Hamdan,Hal
4673,63250,3504595141,Maryam Saleh,Nouh Al Hamam
4673,63251,1208498592,Piers Faccini,Dunya
4673,63252,2803077222,"Bedouin Burger, Zeid Hamdan, Lynn Adib",Taht El Wared
4673,63253,3504595171,Medusa,Neheb N3ch Hayati
4673,63254,3504595161,Maryam Saleh,Watan El Akk (Blackjoy Remix)
4673,63255,3376713091,Burna Boy,TaTaTa
4673,63256,2057222967,Little Simz,Gorilla
4673,63257,1456536572,Taxi Kebab,"Ttabla (Musique de Fëte, Vol. 2) (Musique de Fëte, Vol. 2)"
4673,63258,3274917961,LAÏ,FARÄGH
4673,63259,3321734231,Yeza,Road Runner
4673,63260,2000687937,Yeza,Tek Chat
4673,63261,694685862,Burna Boy,Anybody
4673,63262,3465332341,"melvitto, AYOMIPO",For Days
4673,63263,2355272305,de.ville,Water
4673,63264,3012938031,Leon Thomas,VIBES DON'T LIE
4673,63265,1859413847,Yussef Dayes,Raisins Under the Sun (Desert Version) (Live at Joshua Tree)
4673,63266,2700463442,Robinson Khoury,QĀNĀ (feat. Lynn Adib)
4673,63267,98316794,Soapkills,Tango
4673,63268,1935215717,Fazer,"Glow, Glow"
4737,63765,2754125191,Lakos-Vamp,Thrust
4737,65331,3873970881,Millia,Spinwheel Glide
4737,78192,950948602,OL,Sideline
4737,78193,496157292,O$VMV$M,Never Had
4737,78194,70978739,Scorn,Six Hours One Week
4737,78195,950948542,OL,Block24
4737,78196,101608973,Doug Wimbish,Bedwood
4737,78197,3825592891,Thievery Corporation,Claridad
4737,78199,2557454442,Dave Kelly,Stink Riddim (Instrumental)
4737,78200,582477642,Madd Spider,Hot Water Riddim (Instrumental)
4737,78201,1735843177,"D. Tiffany, Roza Terenzi",Spiritual Delusion
4737,78202,3713180812,Axel Boman,Bhuka Dub
4737,78203,3909500491,DJ Olive,Dancing On Hot Sand (Low Tide Mix)
4884,65325,3933975691,Yana Pavlova,strong-willed (rain version)
4884,65326,3663669962,Jonnnah,We Are Not I
4884,65327,3933056331,Grady Steele,V
4884,65328,3804757692,Paperclip Minimiser,II B4
4884,65329,3348522621,Externalism,Externalism 01
4884,65330,3878015391,Appleblim,Warmth
4884,65331,3873970881,Millia,Spinwheel Glide
4884,65333,2972319071,Tristan Arp,invisible cities
4901,53884,3125255491,Fela Kuti,Open & Close
4901,65487,3283885041,Mavo,Fuga
4901,65488,3947110621,Deobi,All Over You (Remix)
4901,65489,3909445011,Kcee,Idi Bad
4901,65491,4101272761,Modola,Kupe
4901,65492,3988677391,Olamide,Rock Me Gentle
4901,65493,3952091491,Yung6ix,Compress
4901,65494,3916927101,Orezi,W's
4901,65495,3972760501,Ice Prince,Basu Kidi
4901,65496,3953490431,Oladips,Anxiety
4901,65497,3935279651,Dre Ice,Echi
4901,65498,3930425581,Tekno,Bamboo
4901,65499,3964509961,Illbliss,Worthy I
4901,65500,3972313701,Shoday,Come Kulosa
4963,64911,3540552501,"Saqib, Oldnews",Beat Go Bang
4963,66105,3700353042,Saqib,Chiller
4963,66106,3536885601,Notre Dame,Haunted Nights
4963,66107,2794014852,"not without friends, Jordan Brando, Luke Alessi, William Kiss",Drumstramental
4963,66108,3459633091,Saqib,Exercise
4963,66109,3700361252,Kokoro,Limits
4963,66110,3300378301,Miguel Bastida,Good Time (Original Mix)
4963,66111,3713046502,DJ Tennis,I Wanna Know
4963,66112,2532941141,Moontalk,A.D.S.R
4963,66113,3001753271,Solarce Brothers,Green Juice
4963,66114,3780190512,Shehaq,Laparwa (Saqib Remix)
4963,66115,3194851171,Michael Cassette,Knight Rider (Extended Mix)
4963,66116,2862245412,"OMRI., Maori",Levitate
4963,66117,3395652461,"Asha Bhosle,R.D. Burman",Piya Tu - Remix
4963,66118,2593087462,Deki Alem,Only Wit U
5001,67550,3360821,Mazzy Star,You Dare
5001,67551,2572032622,Explicit,Beserk
5001,67552,834218472,M.O.P.,Victim
5001,67553,3244175211,Mozz,Gods
5001,67554,2182069767,Mozz,J'aime la Terreur
5001,67555,2368789425,Persecute,Humanity Extinction
5001,67556,2415758215,Mozz,Just Do It
5001,67557,2572032652,Kaos,Necromancer
5001,67558,2547050552,Mozz,God Save the Queen
5058,41725,3676413242,"Oliver Koletzki, andhim",Der Mückenschwarm (andhim 20yrs SVT Remix)
5058,49708,2513342021,Come Closer,Wrong World
5058,68054,3772942752,Kadosh,Other Side
5058,68055,1173248062,Timujin,Yamar (Fake Mood Remix)
5058,68056,3828100631,AFFKT,Mapa
5058,68057,436807482,Kellerkind,Cosmic Dance (Felipe Puertes Remix)
5058,68058,586354632,D-Nox & K.A.L.I.L.,The Seed (Original Mix)
5058,68060,3811039822,Paul Lose,Joker (Extended Mix)
5058,68061,2083710937,Stephan Zovsky,Baja (Remastered)
5058,68063,2387254365,Bedouin,Tijuana (Vintage Culture Extended Remix)
5058,68064,3240057341,Animal Trainer,3001 (Extended Mix)
5058,68065,3303777101,Xinobi,Where Paradise Is (Extended Mix) (Extended Mix)
5058,68066,3002994331,UNDERHER & Marc Luciano,You See
5058,68067,2558151432,Haen,The Insignificance of It All (Chook Remix)
5058,68068,1810247767,Sharam Jey,Ni8t Riderz
5058,68069,2550950742,Serhan Guney,Agnes
5058,68070,3691891982,Chris Child,The Tiger Hunt (Extended Mix)
5058,68071,2080039417,"El Mundo, Zazou",Through Your System
5080,68152,2040891597,N-Vitral,Klapt Door Je Botten
5080,68298,2331609115,Fraw,NEXT LEVEL
5080,68300,2129934757,"Dr. Peacock, Partyraiser, Major Conspiracy",Trip to Holland (Major Conspiracy Remix)
5080,68301,2581902332,Deadly Guns & Major Conspiracy,Feels Like Heaven
5080,68302,2458441145,N-Vitral & Major Conspiracy & EZG,Dwars Door Het Dak
5080,68303,398747872,"Kasparov, System Shock & Revolter ft. Zwaargewicht",Poeder in je neusgat
5080,68304,2036687097,"Rooler, Sickmode",TOO HAPPY
5080,68305,3159252141,Major Conspiracy,FCKFACE
5080,68306,2497225631,Spitnoise & Major Conspiracy,GO FCK YOURSELF
5080,68307,3287494791,The Prophet,Wake Up! (Major Conspiracy Remix) (Extended Mix)
5080,68308,3287492021,"The Prophet, Brennan Heart",Wake Up! (From The Hard Edit)
5080,68309,3842857281,"Rejecta, Act Of Rage",Homicide
5080,68310,2714145322,"STV, Unvizion",Too Late
5080,68311,2682097542,The Purge,FANTASYLAND (Major Conspiracy Remix) (Original Mix)
5080,68312,2520659751,Loner,Ready To The Battle
5080,68313,2394947835,Revealer,Don't Stop Now
5090,67302,3977476411,Juggernaut,Ruffneck Rules Da Artcore Scene!!! (12 Inch Mix)
5090,67357,1156334462,Marc Acardipane,Hardcore Muthafucka (Original Mix) [Remastered]
5090,68136,1015703662,Tony Salmonelli,Hey! (Buzzy's Raggamix) (Buzzy's Raggamix)
5090,68141,1424804492,Painbringer,Words Of '95 (Gabber Remix)
5090,68433,2549898142,Jens Mueller,Bittersweet
5090,68434,2483683891,"DJ Weirdo, Dr. Phil Omanski",One Tribes Jam (Original 98 Promo Rmx) (Original 98 Promo Rmx)
5090,68435,3977484861,Zerox,Pumpin
5090,68436,2958829661,Too Hostile,Pain in the Ass
5090,68437,2303194275,DJ Chosen Few,The Break (WICKED XXX Remix)
5090,68438,3140248141,Masters Of Ceremony,Hardcore To Da Bone (Masters Of Ceremony Dope Mix)
5090,68439,2230327597,Neophyte,Braincracking
5090,68440,2832055882,Black Knight,Back to tha 'O' School
5090,68441,1178504402,Cryogenic,Basskick Paradise (Original Mix)
5121,874,3155502431,Dennis Ferrer,Hey Hey (DF's Attention Vocal Mix)
5121,63621,3338313601,Shallipopi,Laho
5121,68814,3250584441,Rafman,Dimelo
5121,68815,1625447992,"Andor Gabriel, Max Well",Suenos
5121,68817,798396972,Dandara feat. Anissa Damali,Pororoca Feat. Anissa Damali (Mollono.Bass Remix)
5121,68818,3367074091,WITH U & Jamek Ortega,Try (Extended Mix)
5121,68819,2777167621,"Kurd Maverick, La Perla",Guayabo (Extended Mix)
5121,68820,3060293571,"Grigoré, Serve Cold",Seasons
5121,68821,646595672,Dave Andres,Seduction (Original Mix)
5121,68822,13184878,Justin Timberlake,SexyBack (Linus Loves Remix (Edit))
5121,68824,2485790771,"PINTO., DvirNuns",House Hysteria
5121,68825,3086961371,Sistek,Celular
5121,68826,2815448292,Tony Metric,Rapture
5121,68827,3925240701,beatsbyhand,Come Back
5121,68828,97328578,Frank Ocean,Pyramids
5121,68829,2661534062,Reekado Banks,"Feel Different feat. Adekunle Gold, Maleek Berry (Chris IDH Remix)"
5154,69070,1666727222,Jet Hammer,Last Night (Original)
5154,69071,981698822,9th House,Lyra (Dusky Remix)
5154,69072,1754044347,Clavis,Rocket Dial
5154,69073,932957912,Shan,Schlagzeug
5154,69074,2116842627,Marc Gonen,High Voltage
5154,69075,3885262881,UnFazed,Calling You
5154,69076,3864367871,SX2,Leave Them All Behind (Marc Gonen Remix)
5154,69077,2299877955,"Re.You, Jim Hickey, SANREY",Won’t Say
5157,1239,3129775,Daft Punk,Around the World
5157,25005,3882321771,Mind Against,Late at Night (Extended Mix)
5157,40657,3529769831,"WhoMadeWho, Tripolism",Flying Away with You
5157,48982,3515785331,bradeazy,Up Down
5157,61792,3906182541,Anthony Cole,Body Movin
5157,61797,3992672601,Nosssia,Warehouse (Extended Mix)
5157,61798,3674818552,Discip,Pull Up
5157,61800,3140357151,"Greta Levska, Sian, Sacha Robotti",Insanity (Extended Mix)
5157,69079,3640939042,Nihil Young,Out Of Control (Extended Mix)
5157,69080,3588464931,"Heîk, Armix",The Monument
5157,69081,3979592071,Namazi,Starving (Radio-Edit)
5157,69082,3243058661,"Waltervelt, Kiko",The Sound
5342,70729,3427025711,Bus,Let's Go !
5342,70730,997887012,Mittelstandskinder Ohne Strom,Xone (Original Mix)
5342,70731,4071402501,Pigs In Space,Who Is Feeling Normal?
5342,70732,4071402541,Pigs In Space,"Visitors, Pt. 2"
5342,70733,3412136931,Xenomorph,Torrent Of Insanity
5342,70734,6304668,Cydonia,Why?
5342,70737,1196998262,Phlat Phase,Pearly Gate Crasher (Original Mix)
5342,70739,3385006861,Mandukya,Ph Acid
5342,70742,882937112,Krumelur,Big Troublems
5342,70743,1343737782,Droidsect,Poltergeist
5379,77147,1775816357,Holger Czukay,Das Massenmedium
5379,77690,1775816377,Holger Czukay,Traum Mal Wieder
5379,77691,1250023282,Kuniaki Haishima,Tsuki
5379,77692,2434220045,Franco Battiato,Pollution / Ti sei mai chiesto quale funzione hai?
5379,77693,2743788881,"Holy Tongue, Shackleton",Gravity Will Fail Us
5379,77694,600505632,Richard Pinhas,Home: Ruitor
5379,77695,1692485097,Torus,Circles
5379,77696,369328211,Si Begg,Energieerzeugung
5397,51839,917119682,Paolo Del Prete,StoP the MessagE
5397,77560,729599912,Dazz Band,"Heartbeat (12"" Version)"
5397,77561,3920763861,Giorgio Lopez,Fleur De Cannelle
5397,77562,2697935302,FORCE OF NATURE,Undefeated
5397,77563,52346211,Spirit Catcher,Special Dimension
5397,77564,1382850792,Sauveur Mallia,Double Polygone
5397,77565,436348432,Citispeak,Rock to Rock
5397,77567,76461114,Warp 9,Beat Wave
5397,77569,3744807592,F.O.E,WORLD FAMOUS TECHNO POP
5397,77570,79074642,Mondino,La danse des mots (Maxi Version) (Maxi Version)
5397,77571,2892578702,Brian Ice,Talking To The Night (Vocal)
5536,76693,2151026777,YULLOLA,The Girl Who Lost the World
5536,76694,2981929041,Eat-Girls,Canine
5536,76695,3756833112,ADULT.,Affordable Decorating
5536,76696,1164586252,Nation of Language,Friend Machine
5536,76698,1026776452,Sevdaliza,Lamp Lady
5536,76699,2059220907,Tangerinecat,Ask Owl
5536,76700,3679778542,La Mverte,An Illusion
5536,76701,2373063425,VoX LoW,New Place in Town
5536,76702,3829076881,Cubic,Burned CPU (High Thermal Throttling)
5536,76703,3532149001,Leroy Se Meurt,Du Plafond à la Terre
5536,76704,3257435761,Orphia,Idol
5536,76705,3592571722,L.F.T.,Beiss Mich!
5536,76706,3365529241,Pixel Grip,Reason to Stay
5536,76707,3930442951,Elektrostaub,Winter has come to its end
5545,76625,3682286352,Cybermission,Too Cute to Delete
5545,76626,3761728682,MoMA Ready,BREAK AWARENESS
5545,76627,3265821181,DJ Python & Jawnino & Organ Tapes,Dai Buki
5545,76628,3176826461,Saffron Bloom,Labyrinth of Losses
5545,76629,3665375942,trickpony,Trick Trick
5545,76630,3138727541,Ali Omar,Nu Stone Groove
5545,76631,2825430002,trickpony,Shiver (On Ice Dub)
5545,76632,3996937721,Rian Brazil,bullet caught in a spiders web
5545,76633,1816818277,Pizza Hotline,Level Select
5545,76634,3244173381,Arcologies,3 Days Later
5623,37401,3614790042,Connor Wall,Empty Tank
5623,61115,3637520772,Setaoc Mass,Shade
5623,71505,402425182,Ducerey Ada Nexino,Guide (Exium Remix)
5623,71506,3398931151,Skjöld,Forbidden City
5623,71507,3340294131,Obscur,Diamond City
5623,71508,3375835491,Deranged,Exiled
5623,71509,2111501377,Snakebite_616,Twist The Knife (Volster Remix)
5623,71510,968409942,Tensal,Cryogenia
5623,71511,3303625281,Endlec,Mechanizer
5623,71512,3491396341,Connor Wall,Hubble
5623,71513,1241938872,Stephen Disario,Something Different
5889,68874,3388916111,Lesterr,Verloren (Isolée Remix)
5889,74001,3372000511,Toki Fuko,Jupiter Mood
5889,74002,3191309431,Martin Jarl,Weetabix (2024 Remaster)
5889,74003,3734460842,Andrey P.,Dub Story
5889,74004,3706508392,ORBIA,Donder
5889,74005,1095077962,Anton Kubiko,When Is Deep (Original Mix)
5889,74006,2884095632,Substak,Midnight Space Destiny
5889,74007,3232274191,"Pedro Capelossi, Aeikus",Any Second Now
5889,74008,3417375941,Dolomea,Wrapped in Spaces Between Us
5907,97175,3773250312,Affani,Don't Know
5907,97176,3836213241,DNL (BR),Nevrora
5907,97177,3145023591,Concussion,Hang
5907,97178,2823937692,Paco Osuna,Beat Heat
5907,97179,709051862,Jhon Timbala,Dynamic Sound
5907,97180,3714017202,Ramon Bedoya,Marimba
5907,97181,3708770582,DIKKA,Limitation (DAMNC Remix)
5907,97183,2182034417,Samu.l,Close Your Eyes
5951,96237,13159853,A Tribe Called Quest,Oh My God
5951,96788,445960862,J Dilla,Stop
5951,96789,66034494,Inspectah Deck,City High
5951,96790,1012791,Kool G Rap,Blowin' Up In The World (Album Version)
5951,96791,3137055,Gang Starr,You Know My Steez
5951,96792,890568132,Fat Joe,Dat Gangsta Shit
5951,96793,969389,Camp Lo,Krystal Karrington
5951,96794,3786478732,De La Soul,Much More (feat. Yummy Bingham)
5951,96795,2178645,EPMD,Never Seen Before
5951,96796,3683333032,The Pharcyde,Groupie Therapy (Remastered 2025)
5951,96797,694217742,Das EFX,Real Hip-Hop (Premier Mix)
5951,96798,802118392,Big Daddy Kane,"Uncut, Pure"
5951,96799,41294911,Q-Tip,Vivrant Thing
5951,96800,2591193,Royal Flush,Niggas Night Out
5951,96801,4960877,Ice-T,O.G. Original Gangster
5951,96803,134649024,Eazy-E,Hit the H**ker
5951,96804,958831,DJ Quik,Pitch In OnA Party
6178,75490,2512547221,Modeplex,Insolita
6178,75491,15617948,Lehar,Dream
6178,75492,2653386542,Karmon,Major Minor
6178,75493,455320802,Alive!,Pompei (Peter Makto & Gregory S Remix)
6178,75494,3787724712,German Brigante,Marimba (Extended Mix)
6178,75495,1914503757,DAVI,Distant Memory
6178,75497,398143222,"Lehar, Musumeci",Lotus
6178,75498,2206542427,Cornucopia,Letter For Poly
6178,75500,3551106691,"Child, Doppel",Ey Ya Tumbo
6178,75501,414897462,Xinobi,Far Away Place (Jody Wisternoff & James Grant Remix) (Jody Wisternoff & James Grant Remix)
6178,309283,4168165752,Matthias Meyer & Ryan Davis,Hope
6264,49331,901440272,Marc Acardipane,Stereo Murder (Original Mix)
6264,67361,2930130671,The Viper,Bulletproof
6264,67373,422512982,Promo,I come Correct
6264,68489,1793433787,DJ Chosen Few,Name Of The DJ
6264,68493,1788452997,FlavourKa,Choose Life
6264,78652,3030924981,DJ Bountyhunter,Woops
6264,78653,61675859,Sunbeam,Outside World (Hands Up RMX)
6264,78654,3600004092,Hysta & Korsakoff ,Little Things
6264,78655,2681775602,Marc Acardipane,Wave of Rave (Hysta RMX Radio Edit)
6264,78657,3561559481,Hysta,Till I Die
6264,78658,4015988671,Endymion & Hysta,Where I Belong
6264,78659,3664915672,Dr. Peacock,Illusion of Time (Hysta Remix)
6264,78660,3296991271,Hysta & Promo,Danger (Gabber Mix)
6264,78661,3336739661,Hysta & Ophidian,Falling Down
6309,55219,3553332051,Fresko,Arena
6309,55554,3595876242,Border One,Where Is Now
6309,78881,2367119365,Tadeo,Blue Like Metal
6309,78882,2367119375,Tadeo,The Bouncing
6309,78891,3923200201,Dold,Madrid Mirage
6309,78892,3923200271,Decka,Inside It All
6309,78893,3923200291,P.E.A.R.L.,Reclusive Hermit
6309,78894,3550223591,Phara,Second Skin
6309,78895,3637394662,Perfo,Freak (Real Freak)
6309,78896,3550223601,Phara,The Ring
6309,78897,3553332041,Fresko,Air Viper
6309,78899,3637394592,Perfo,City Drift
6309,78900,3545873511,Oscar Mulero,Lasciate ogni speranza (Original Mix)
6309,78901,3381895681,Temudo,Leaving the Old Flesh
6309,78902,3268387231,Ecilo,Sochrosom (Original Mix)
6309,78903,3595876252,Border One,Time Drift
6309,78904,3637394582,Perfo,Tan Lines
6309,78905,3595876262,Border One,Echo State
6309,78906,3173130091,Metapattern,Street Sweeper
6403,79720,2334482925,Your Enemy,I Am the Surprise
6403,79805,2284733557,Macho Diva,Fetishista Kommunista (Toilet Remix by Vive la Fete)
6403,79864,2292389265,Strange Flesh,Very
6403,79936,2320802235,Any Act,Good
6403,79937,2315783365,Bez Gruntu,Bez Gruntu
6403,79938,2349519215,Adriano Canzian,80's Bitch
6403,79940,4051441621,Hooverlordz,Out There
6403,79941,2349211465,HSAA!,Genki Desu
6403,79942,2313942075,PRZ,LFO Brain
6403,79944,1826406597,Echo West,Die or Suffer
6441,43312,97328580,Frank Ocean,Lost
6441,51165,4098927041,D Juno,BB BRINGUE
6441,80285,3321085,Noel Pointer,Superwoman (Where Were You When I Needed You) (Remastered)
6441,80286,920062,Lionel Richie,All Night Long (All Night)
6441,80287,2875997612,Ebo Taylor,Heaven
6441,80288,3807164732,Tmaro,Sawale
6441,80289,2279321587,Kelis,Trick Me
6441,80290,1490031882,Sugababes,Lush Life (Remastered)
6441,80291,2953168,Rihanna,If It's Lovin' That You Want (Album Version)
6441,80292,408411672,Wizkid,Don't Dull
6441,80293,3391988921,Halima,cocoa body
6441,80294,3472184051,Halima,november like u
6441,80295,3494101061,Amaarae,Girlie-Pop!
6441,80296,3391988891,Halima,oops
6441,80297,3435135201,Halima,eau de vie
6476,80637,4166051052,Kai Whiston,Spill for the bleed
6476,80638,144245426,Throbbing Gristle,20 Jazz Funk Greats
6476,80639,29377741,Aphex Twin,Father
6476,80640,1550711072,Mamaleek,You Can Bury Me in the East
6476,80641,583117552,Quin Kirchner,Flutter
6476,80642,743406,Nonesuch Explorer Series,"Aluar Horns (Zaire Border, Uganda)"
6476,80643,790553142,Earl Sweatshirt,74
6476,80644,1505436212,Ras Moshe Burnett & Dafna Naphtali,Short Fuse
6476,80645,1137168472,Nirvana,Floyd The Barber
6476,80646,1825747227,Cosey Fanni Tutti,Cornet Lament
6476,80647,71971699,Fis,Mildew Swoosh
6476,80648,1041228642,This Heat,Paper Hats
6476,80649,1613326282,Läuten der Seele,Kläranlagengesang 1
6476,80650,2216690767,Bobby Krlic,Invasion
6476,80651,1226847412,"Pavel Milyakov, Bendik Giske",Untitled 7
6476,80652,2422090185,Hihats In Trees,Knee Dip
6476,80653,894016012,M.E.S.H.,Privileged Lord
6476,80654,118695570,The Pop Group,Forces Of Oppression
6476,80655,612473,The Walker Brothers,Fat Mama Kick
6476,80656,77090586,Sd Laika,Great God Pan
6476,80657,4166051022,Kai Whiston,Retch'd
6660,35458,3551652731,Session Victim,Screen Off
6660,50253,2575902232,Wallace,BB
6660,60549,1651567152,Traumer,Express (Jinger aka Traumer Remix)
6660,75449,2122058307,Wallace,Pump Up The Volume
6660,82312,2892757362,Dam Swindle,Touch Me Again
6660,82392,2950396211,"DJ Deep, Traumer",Sunday Loop (Traumer Stripped Down)
6660,82393,2255629197,Dennis Quin,Odessey (Extended Mix)
6660,82394,2986506721,St. David,It's Just A Dub
6660,82395,2957401331,Jay Robinson,They Just Talkin'
6660,82396,2318140095,Manuold,Roots
6660,82397,120533686,Alex Gopher,On & On
6660,82398,2945614691,Engelwood,Get it Poppin'
6680,82525,3856273941,Talking Heads,Sugar on My Tongue (CBS/Columbia Demo)
6680,82526,926543482,Future,Inside The Mattress
6680,82527,106455678,Fat Trel,Make It Clap
6680,82528,3893056311,AZIEDOESNTEXIST,Everglades
6680,82529,3544897071,Emotive Response,When Love Is Gone
6680,82530,3593343422,Bassvictim,Dog Tag freestyle
6680,82531,784393732,Future,Codeine Crazy
6680,82533,2466049705,Butschi,Dünne Linien (Fein und Grau)
6680,82534,3324423671,Butschi,Fading in Delusion
6680,82535,4138428881,Fimiguerrero,Me Again
6726,885,3155909991,Soul Central,Strings of Life (Danny Krivit Re-Edit)
6726,1008,9908034,Nick Holder,Summer Daze
6726,1105,89381105,Gat Decor,Passion (Naked Mix)
6726,1179,3763131682,CLS,Can You Feel It? (In House Dub)
6726,2813,3681229602,Sander Kleinenberg,My Lexicon
6726,2825,82265248,Underworld,Born Slippy (Nuxx)
6726,44558,5702772,Todd Terry,Something's Going On
6726,81948,78115476,The Bucketheads,The Bomb! (These Sounds Fall Into My Mind) (Armand Van Helden Re-Edit)
6726,82977,712071832,CeCe Peniston,We Got A Love Thang (Silky House Thang)
6726,82979,3785951712,River Ocean,Love & Happiness (Yemaya Y Ochùn) (feat. India) (David Penn Vocal Mix)
6726,82980,3155807811,Soul Central,Need You Now (Sergio Flores Remix)
6726,82981,2471093061,ECLIPSE,MAKES ME LOVE YOU REMIXES (Morning Star Mix)
6726,135456,695110932,"Stardust, Benjamin Diamond, Alan Braxe",Music Sounds Better With You
6862,84399,763595692,"Bunny Maloney, Mudies All Stars",Baby I've Been Missing You
6862,84400,1351538592,Sonia,Ooh Baby Baby
6862,84401,3671634,Sharon Forrester,Heaven
6862,84403,14269720,Peter Hunnigale,All Time Low
6862,84404,3786065442,Pete Weston,What’s Your Mouse (Baby Be True Version)
6862,84405,125970129,Barry Biggs,For The Love Of You
6862,84406,117268764,Derrick Harriott,Candy
6862,84408,79842752,Dave Barker,Don't Let the Sun Catch You Crying
6862,84412,140955405,Christopher Martin,Better Than The Stars
6862,84413,29600311,Tami Chynn,Be with You
6862,84414,2290876975,Webster James Linton,Crazy for Your Loving
6903,6464,61057255,"DAGOSTINO, GIGI",BLA BLA BLA
6903,93180,2471111171,Edvvin,It's Gotta Be Funky
6903,93315,2299080835,DJ SWISHERMAN,Don't Play
6903,93316,1137520752,Saul Antolin,Mai (Original Mix)
6903,93317,2206165177,Leon (Italy),Teen Teen (Original Mix)
6903,93318,2561543892,Jay Caesar,Weakness
6903,93319,3451438101,Emery Warman,Quiero Samba (Original Mix)
6903,93320,2172144677,Jay Caesar,Not Bad (Original Mix)
6903,93321,2844173082,"Prunk, Project89",Telling You The Truth
6903,93322,2111761447,Mike Sharon,Moving Through Life
6903,93323,2673988642,Robbie Doherty,Kick The 909 (Extended)
6903,93324,2031868327,Freejak,Sandstorm (Extended Mix)
6903,93325,2334949075,Movedeck,We Trust
6903,93326,1527996002,Coral O'Connor,East Magnetic
6903,93327,3156041601,"Darius Syrossian, George Smeddles",Back In The Dance (Extended Mix)
6903,93328,2208367787,Joshwa,Supersonic (Extended)
6912,35951,3022821411,INVT,LA COVACHA
6912,51193,2055292087,SZA,Snooze
6912,93369,82199332,Britney Spears,Womanizer
6912,93370,2425236135,SZA,Snooze (Sped Up)
6912,93371,408272452,Guido,Mad Sax
6912,93372,2496270,Lloyd,Southside
6912,93373,3397850481,Addison Rae,New York
6912,93374,1535726402,Dev/Null,Dark Fours
6912,93375,1842497907,Dwarde & Tim Reaper,Holding On
6912,93377,3253499461,MDO (Menino de Ouro),Não Quero Saber
6912,93378,679221,Madonna,Get Together
7006,6582,29370381,Aphex Twin,#3
7006,54539,62319569,Tim Hecker,No Drums
7006,71930,1071272392,Ana Roxanne,Suite Pour L'Invisible
7006,94243,3518592801,Iosonouncane,Fatima Fuma
7006,94244,3536323751,undercurrent.,nothing matters
7006,94245,3508862001,Susumu Yokota,Hagoromo (2025 Remaster)
7006,94246,1579997092,"Jeremiah Chiu, Marta Sofia Honer",In Åland Air
7006,94247,2184211027,KMRU,Or Even Forever
7006,94248,1071031162,Shida Shahabi,Prolog
7006,94249,3736566402,A. G. Cook,Removal
7006,94250,2888364402,Oliver Coates,RC2
7006,94251,3438040601,Dylan Henner,We Walked all the Way to the Lake and The Water Was So Still We Jumped in Naked
7006,94252,3558013491,Efdemin,Below the Surface
7006,94253,3547029761,Dictaphone,122
7006,94254,2753041311,"Grand River, Abul Mogard",Dissolvi
7046,52895,128888838,Judie Tzuke,Shoot From The Heart (Live)
7046,70975,3693554552,Spider Taylor,Rain Forest
7046,81503,1386509882,I.A.O.,All is Bliss
7046,94659,355425451,Stereolab,Contronatura
7046,94660,7599567,Slowdive,Blue Skied An' Clear
7046,94661,4060243781,De Witte Kunst,Film
7046,94662,1658925622,Jenny Hval,American Coffee
7046,94663,561882362,Cocteau Twins,Summer-Blink
7046,94664,3057629451,John Also Bennett,Jacob's House
7046,94665,142471783,Juana Molina,Cosoco
7046,94666,477783622,Tim Presley,The Wink
7046,94667,1357895292,Mega Bog,Station to Station
7090,95089,3450506171,Hayter,Sun
7090,95090,2891668372,Betonkust,Second Rerun
7090,95091,4030951751,M.R.E.,Red Breast Robins (Original Mix)
7090,95092,1186018082,Automat,Slacid
7090,95093,3298189231,/DL/MS/,Honokida (Alex Cortex Remix)
7090,95094,3782388932,Sematic4,Aura Borealis
7090,95095,1020680102,"CT Kidobó, LAU",Mental Vortex (L.F.T. Remix)
7090,95096,3719164342,The Spy,SPIDER FORMATION
7123,47068,3948732371,Sully,Model Collapse (Basic Rhythm Remix) (Basic Rhythm Remix)
7123,73147,2631980702,Unknown Mobile,Toll Booth
7123,95427,1590607362,Commodo,Living Bones
7123,95428,3345778981,Mia Koden,Come Again
7123,95429,1302334072,Mala,Kotos (feat. Asociacion Juvenil Puno)
7123,95430,3650349442,Epoch,Dust (Ago Remix)
7123,95431,2761439851,Mantra,Stomping Ground
7123,95433,77006286,D Bridge,Cornered
7240,6049,3849297211,The Chemical Brothers,Electronic Battle Weapon 8
7240,97418,2317197,The Presets,"I Go Hard, I Go Home (DJ Hell Remix)"
7240,97436,482360382,Radical Majik,Dub Rider
7240,97545,790644782,"CAITLIN, Thomas Schumacher",Mucky Star
7240,97546,64575108,Scandal Inc.,Creep
7240,97547,1803735947,Mike Monday,What Day Is It? (Mark O'Sullivan Remix)
7240,97548,3155975881,Hipp-E,Dance Wit Me (Instrumental)
7240,97550,1043996062,Audion,Mouth to Mouth
7240,97552,2583983192,Cheb Lotfi,For Her
7240,97553,1913798897,Audiofly X,4 Play
7240,97554,3154269,Robbie Williams,Lovelight (Soulwax Ravelight Vocal)
7240,97555,4303770,Robbie Williams,Lovelight
7485,43653,717534,Anita Baker,Sweet Love
7485,53120,1412309482,Milton Wright,Slience That You Keep
7485,53922,4288124,Daryl Hall & John Oates,When the Morning Comes
7485,85972,3558137341,Ego Ella May,We're Not Free
7485,85973,3807045642,The Moments,Sexy Mama
7485,85974,73376727,Jorge Ben Jor,Lorraine
7485,85975,3657801162,The Orb,Golden Clouds
7485,85976,72761994,Carmen Rodgers,The Way I Want To Touch You
7485,85977,1596467542,Os Mutreteiros Grilados,Pôxa
7485,85979,3324301361,SAULT,S.I.T.L.
7485,85980,1507951232,Jaki Whitren,Ain't It Funny
7485,85981,1673191717,Synanthesia,Vesta
7501,74767,2426276415,Carrier,Still So
7501,86115,16097353,pole,Fragen
7501,86116,2239744547,7038634357,Eraser
7501,86117,64590155,Peter Rehberg,1407
7501,86118,3895352281,Guttersnipe,Mincing while the Maelstrom Churns
7501,86119,2203579447,mmph,Harvest
7501,86120,2194883717,Isabassi,Liquid Stone
7501,86122,3332211011,atosigado,ronroneo
7630,57154,3483844031,Stone,Pixie
7630,71902,1343327782,Pavel Richter,Čínský potůček
7630,78195,950948542,OL,Block24
7630,81043,773434702,Andrew Pekler,Description of Rain (Over Frisland)
7630,87394,2628072302,URA,Baby With A Halo
7630,87395,2317033725,Shoal,Drowning Guitar (Original)
7630,87396,1911973217,Lord Of The Isles,Storm Mother
7630,87397,3097666921,Eurohead,Where Do We Go (Malibu Remix)
7630,87398,3287269581,Purelink,Yoke
7630,87399,2775476821,Box5ive,Stone
7630,87400,2612968212,Lavurn,JK
7630,87401,3239641511,Lucid Dreams,Slow-Wave
7630,87402,3114371801,Valentina Magaletti,A Ghost Again
7630,87403,3012954511,Roberto Musci,Embryonic
7630,87404,1493873742,Shuttle358,Logical (2021 Remaster)
7630,87405,3012954501,Roberto Musci,The principle of things
7630,87406,1459966282,ishq,Lhite
7630,87407,3639990772,ugne&maria,xmas rec
7706,65508,1774545597,Objekt,Bad Apples
7706,86029,1526269082,Glimmerman,Step Mode
7706,88025,143181412,Piezo,Novemilauno
7706,88026,1733178277,Hylu,Betty
7706,88028,1237066422,Equiknoxx,The President Eats Children
7706,88029,2468753325,Ma Sha,Psyspi (Ehua Remix)
7706,88030,2522260161,"Farsight, Le Motel",Velcro Interrupt
7706,88031,2339800515,Bertram,Lights Out (Original Mix)
7706,88032,500618292,Miss Red,Dagga
7706,88033,2664128472,"HYPNA, Warrior Queen",ROLLING DEEP
7706,88035,1616695292,Le Dom,Loot
7706,88036,3639785822,"Love In The Endz, styn",coLAFLES
7706,88037,2171734527,Dual Monitor,Fractal Submission
7706,88038,1662081712,Josi Devil,Breathe Easy
7757,52728,357519691,Art Of Noise,Paranoimia (feat. Max Headroom)
7757,63901,3491704051,Karma,High Priestess
7757,88418,1642278852,Citispeak,Rock to Rock (Instrumental)
7757,88448,102154630,Art of Noise,A Nation Rejects (Remixed by Youth)
7757,88450,77086733,Young and Company,I Like (What You're Doing To Me) (Instrumental)
7757,88451,2182627737,Detlef,French Fries (EDTS)
7757,88452,3717553152,Surface,Falling In Love
7757,88453,73426138,Jimmy Briscoe And The Beavers,"Into the Milky Way (Bobby ""Dj"" Guttadaro Remix)"
7757,88454,3155878181,N.Y. House'n Authority,APT. 3B
7757,88457,357519741,Art of Noise,A Nation Rejects (2017 Remaster)
7785,50565,2281043187,The Dare,Girls
7785,53464,603000782,Giorgio Moroder,From Here to Eternity (Cambis & Wenzel & Oliver Deuerling Tribute Mix)
7785,68863,3215589431,Max Styler,I Know You Want To
7785,81319,2114786907,Reels Ranger,SOJU
7785,88743,2703265412,Layla Benitez,What Is Love?
7785,88744,3986798751,Gorgu,Ragga
7785,88745,3381776311,Black Accord,Canela En El Suelo
7785,88746,2714176252,DONT BLINK,RUDEBOX
7785,88748,3133342331,Kerosino,Drahilius (Reyneke Remix)
7785,88749,3463953781,We Met Offline,LOCO
7785,88750,3487287881,Marten Hørger,No Matter
7785,88751,2618376632,Far&High,Sans Vetements (Plastic Robots Remix)
7785,88752,3590274801,CID,Fancy $hit
7785,88753,3655288782,GREG 99,We Like It Raw
7785,88754,3853973171,Jay Sync,Bandz
7785,88755,3765906702,Sven Lochenhoer,Right On Time
7785,88756,3944920571,KASPRII,Feel the Same
7785,88757,2287744477,PROGroyal,Try 2 Stop Me (Maksim Dark Remix)
7785,88758,3473548521,"Sunday Scaries, XKYLAR",Want That (Extended Mix)
7785,88759,3166820,"David Guetta, Joachim Garraud, Chris Willis",Love Is Gone (Amo & Navas Remix)
7785,88760,3484771921,Marten Hørger,No Ecstasy Love (Extended Mix)
7922,10875,3064574281,Kaiser (K S R),Ozono
7922,36187,505184502,Blawan,Tasser
7922,40234,2627241142,Plants Army Revolver,Rhythmic Rituals
7922,50094,3230453231,Mathys Lenne,The Door of Perception
7922,57001,3230453241,Mathys Lenne,A Chemical Love Story
7922,59959,2783664932,Obscurum,Conveyer Belt
7922,60137,3267882251,"Feral, Luigi Tozzi",Neon
7922,82935,68724311,Reeko,Day After 5
7922,90284,3184064961,Vand,Futureshock
7922,90285,2979002791,Psyk,Fear Of Sleep (Edit)
7922,90286,2979002801,Psyk,Become Nothing
7922,90287,1884411447,Mike Parker,Ascension Chain
7922,90288,3112905451,Claudio PRC & Andrea Cossu,Hydrozoa
7922,90289,2654462202,JK Flesh,Will All Be Done (Psyk Remix)
7922,90290,2524664501,Jeroen Search,Indicate
7922,90291,2524664531,Jeroen Search,Magnets
7922,90292,963540712,Counterpart,The Key Design
7922,90294,3267882261,"Feral, Luigi Tozzi",Enigma
7922,90295,3210394451,Translate,Reluct
7922,90296,3230453221,Mathys Lenne,The Impact
7922,90297,3210394481,Translate,Electron Cascade
7922,90298,2806377792,Irazu,Decálogo
7922,90299,2874614232,Orbe,Inverted
7922,90301,2989687881,"Deano (ZA), Faretrade",DFT001A3 (Quelza Remix)
7922,90302,2106221277,Border One,Resin
7922,90303,2106221317,Aiken,Inflection
7922,90304,2874362882,Oscar Mulero,"Orange body, green legs"
7922,90305,3286905951,"Amorphic, Tensal",AT6
8104,35797,66687287,Arthur Russell,That's Us / Wild Combination
8104,92174,3862307741,Gigi Masin,Deception Dance
8104,92175,3836156031,Grace Ives,Avalanche
8104,92176,3743435462,RD Rapperdarshu,Monk
8104,92178,3617012432,La Peste,Black
8104,92180,75304494,INSTITUTE,Dead Sea
8104,92181,11912752,INSTITUTE,Bureaucrat
8104,92182,67477438,Subhumans,Pigman
8104,92183,4157687932,The Fresh & Onlys,Waterfall
8104,92184,115733514,Michael Chapman,One Time Thing (2011 Remaster)
8104,92185,745682282,Water From Your Eyes,Adeleine
8104,92186,75749474,Future Islands,Seasons (Waiting on You)
8104,92187,75749475,Future Islands,Spirit
8115,50144,913470032,Cleo Sol,When I'm in Your Arms
8115,50155,527810491,The Internet,Hold On
8115,61977,1341489652,Blaze,Moonwalk
8115,80722,3692870832,E L U C I D,Make Me Wise
8115,92286,1004976472,Makaya McCraven,Isms
8115,92287,1254602372,Georgia Anne Muldrow,Slow Drag
8115,92288,17187164,Jan Jelinek,"They, Them"
8115,92289,59362191,Robert Hood,Slow Motion Katrina
8115,92290,2472392131,dj blackpower,If U Let Me
8115,92291,1137081492,Shabazz Palaces,Ad Ventures
8115,92292,1958958077,Voice Actor,Battling Dust
8115,92294,3104611,Bobbi Humphrey,Harlem River Drive
8115,92295,2276387187,Gareth Donkin,De La Soul
8115,92297,3871719851,Manny Norté,Can We Make It Real
8115,92298,852500522,Elements Of Life,Berimbau (Original Mix)
8115,92299,2129215557,Joel Holmes,We Got The Power (Emma-Jean Thackray Remix)
8115,92300,6247208,Incognito,The Principles Of Love (Incognito Remix)
8115,92301,3505797601,Ferry Ultra,Dangerous Vibes (Emmaculate Remix)
8238,36852,1762423137,Sounds Of Blackness,Optimistic
8238,92511,2444123105,Larry Heard,Summertime Breeze
8238,117483,82116634,Norman Connors,Love from the Sun
8238,117484,2833825772,"Theo Parrish, Craig Huckaby",Black Music (I Love You)
8238,117485,398517112,The Last Poets,Down To Now
8238,117486,571370862,Black Youth Project 100 Choir,I Love Being Black (Chant)
8238,117487,1408771882,Rotary Connection,I Am The Black Gold Of The Sun
8238,117488,70174937,"Earth, Wind & Fire",Sun Goddess
8238,117489,1356471352,Judy Mowatt,Black Woman
8238,117490,2610183032,P Sol,Remember
8238,117492,446035072,Madlib,Face The Sun (Africa)
8238,117493,938921012,Roy Ayers,Hummin' In The Sun (Album Version)
8263,43027,3851675071,Iteration X,Timecheck (Radio Edit)
8263,54189,1489722402,"Anunaku, DJ Plead",Clap Clap
8263,54385,144478646,Smith & Mighty,Try
8263,117264,3583490101,Will Hofbauer,Bed Bubble
8263,117265,2205087137,unperson,"No Longer, Not Yet"
8263,117266,2181934297,DJ Raff,Momentos
8263,117267,575710132,Grant Dell & Jay Tripwire,Dubtronics
8263,117268,1122046432,Len Lewis,Dirty Dungeon
8263,117269,664899192,John Selway,Shine (Original Mix)
8287,6242,3566166831,DJ Swisha,SAY DET
8287,13646,4077143811,Breaka,Bell Toll Bounce (Facta Remix) (Facta Remix)
8287,56562,3909215161,Octo Octa,Keep Pressing On
8287,60117,2995055591,sweet philly,Acid Siren Tool
8287,67760,3676051452,Dialog,Chant
8287,73675,3248470011,Peverelist,Pulse XVIII
8287,77582,4023469211,Forest Drive West,Latent
8287,103179,3190268671,The Cyclist,Inhale / Exhale (feat. Tanaya Harper) [Bruce's Deep Breath Mix] (Bruce's Deep Breath Mix)
8287,103180,3301959131,Kaval,"Wussup (Club Nowadays, Vol. 5) (Club Nowadays, Vol. 5)"
8287,103181,4087866341,Main Phase,Moonleaf
8380,44110,123798544,Aphex Twin,Analogue Bubblebath
8380,49229,1135366712,Higher Intelligence Agency,Fleagle (Remastered)
8380,73650,29374041,Two Lone Swordsmen,We Change the Frequency
8380,104039,3319328811,Andreas Tilliander & Goran Kajfes,Montes Caucasus
8380,104040,3773477542,Images Of Goo,Image 3
8380,104041,1135366782,Higher Intelligence Agency,Taz (Remastered)
8380,104042,40917521,Automatic Tasty,Field In The Evening
8380,104043,29374081,Two Lone Swordsmen,Light the Last Flare
8380,104044,3817707341,Seefeel,Falling First
8399,92941,1187722662,Adultnapper,Monitor (Mkl vs. Bgss Rework)
8399,104218,5490694,Gorillaz,Stylo (feat. Mos Def and Bobby Womack)
8399,104219,4016243901,rei harakami,300ml (milk)
8399,104220,2514897601,Colored Music,HEARTBEAT
8399,104221,68515314,Depeche Mode,Personal Jesus (Pump Mix)
8399,104222,438139002,The Brand New Heavies,Sometimes (Nuyoricans Meet The Heavies)
8399,104223,2543165571,Colored Music,Colored Music (Re-edited by Chee Shimizu)
8399,104224,124504886,Don Carlos,Playa Serena
8399,104226,3378481411,Raze,Break 4 Love (Ridney & Inner Spirit Extended Remix)
8399,104227,73068193,Double K,Esprit de la jungle
8412,93946,3123012621,"Aphex Twin, Luke Vibert",Spiral Staircase (AFX Remix) [London 14.09.2019]
8412,104300,997383972,Ruby My Dear,Dédaism
8412,104301,1073944102,Goldie,Run Run Run (Calibre Remix)
8412,104302,3892985791,Thing,Flutes Of The Jungle
8412,104303,29377671,Aphex Twin,54 Cymru Beats
8412,104304,139080441,Father,"OMG, Her Butt"
8412,104305,2736801121,Unknown Artist,Untitled
8412,104306,4004750291,Mijita,Real Thing
8412,104307,108839228,Venetian Snares,Banana Seat Girl
8412,104308,139430069,Father,Everybody In The Club Gettin Shot
8412,104309,2566812912,"breakcore girl, Karōshi","anybody can find love (except you.) (breakcore, slowed + reverb instrumental)"
8412,104310,3158284551,Sink Saiko,dusty and damaged
8412,104311,11763784,lodsb,Eve
8412,104312,3476186281,Father,Sodom
8412,104313,120447258,Father,Why Don't U
8412,104314,92948292,C-Note,Swole Pocket Shawty
8412,104315,944632,Monsta Boy,Sorry! (I Didn't Know) (Original Radio Edit)
8578,81017,3907050651,Mr. Fingers featuring Brianna,When You Need Me
8578,99616,3907050691,Mr. Fingers,Replicate
8578,105733,42938441,St Germain,Forget It
8578,105734,716039692,Automatic,Mind Your Own Business
8578,105735,3964897521,Fugitive Artifact,Get Some Rest
8578,105736,506233122,Tropics,Courage (feat. Gavin Turek)
8578,105737,3517101891,"Thakzin, Mörda, Osaze, Lyrik Shoxen",Water
8578,105738,3117656,Raul Midón,Sunshine (I Can Fly)
8678,41095,7634963,Santana,Aqua Marine
8678,47859,3946482351,Khadija,Good
8678,94856,1768954557,Relight Orchestra,Celebration Suite (Samba De Janeiro 2022 Instrumental) (Samba De Janeiro 2022 Instrumental)
8678,95525,367826161,Photek,T'Raenon (Original Mix)
8678,106620,558908002,Mansur Brown,God Willing
8678,106621,1847726947,LA LOM,Santee Alley
8678,106622,41100631,João Donato,A Rã
8678,106623,3129031471,Sergio Mendes & Brasil '66,Tim Dom Dom
8678,106624,2596776892,Jneiro Jarel,Sun Walkers
8678,106625,2936417291,John Beltran,Laguna
8697,94676,2754414,One Way,Guess You Didn't Know
8697,106815,13201584,Spoken Word by Larenz Tate,Brother To The Night (A Blues For Nina) - Darius' Poem (Album Version)
8697,106818,3893208,Jodeci,Come & Talk To Me
8697,106819,920895,LL COOL J,Hey Lover
8697,106821,5618237,Tony Thompson,What's Goin' On
8697,106822,13232742,Kris Kross,Tonite's Tha Night (Kris Kross Redman Remix)
8697,106823,361647541,Sista (2),Sweat You Down
8697,106824,2176914,Blackstreet,Fix
8697,106825,3657992,Pretty Ricky,On the Hotline (Amended Version)
8697,106826,2496680,Kelly Price,Kiss Test
8697,106827,3380594011,Joe,Rose in a Concrete World (J Dub Remix)
8697,106828,82524074,Ginuwine,Lonely Daze
8697,106829,984766302,Jamie Foxx,If You Love Me
8697,106830,6627783,Intro,Don't Leave Me
8784,107582,3524181881,K1 De Ultimate,Adura Lebo
8784,107583,3524181891,K1 De Ultimate,Oba To O
8784,107584,64806730,Alhaja Queen Salawa Abeni,Salawa Special Medley
8784,107585,368281051,Yinka Ayefele,My Hands Are Blessed (Original)
8784,107586,1631496,Asala Yousef,Etaba
8784,107587,1631494,Asala Yousef,Khamas Sabayia
8784,107588,1060150362,Ali El Deek,Aalouch
8784,107590,1583365492,Najwa Karam,Maghroumah
8784,107592,3577705741,Saryia Berkachi,Gheby Ya Shams
8784,107593,1028460502,Rabih Al Asmar,Mashye L'hajal
8784,107594,439867102,Asala Yousef,Wa Aayni
9007,644,3913212711,John Summit,ALL THE TIME
9007,98752,3952274941,John Summit,TIME WITH YOU
9007,98806,3952274881,John Summit,MESS W/ ME
9007,109635,4132210471,Roddy Lima,SIDE2SIDE (Extended Mix)
9007,109636,3912244501,PACT,Unify
9007,109637,3952274821,John Summit,STATUS:AWAY
9007,109638,3952274831,John Summit,SHADES OF BLUE
9007,109639,3923875561,John Summit,CHICA 305
9007,109640,3952274951,John Summit,CYANIDE
9007,109641,3884754711,John Summit,SATA
9007,109642,3883563691,AYYBO,Don't Want None
9153,4844,3881781891,Patrick Topping,Love Me
9153,72358,3847698641,Jackyboom,Space Funk (Extended Mix)
9153,73998,3936495271,Iglesias,Let's Freak
9153,101961,3975201401,White Off,In Da Hood
9153,101968,3922840821,Crewcutz,Don't Do It
9153,111144,3839651951,dombee,Now Then Soundboi
9153,111145,3802337912,stbr,Ghost in the Jar
9153,111146,2425952425,Locklead,Hazy Gaze
9153,111147,3915345031,Nomad (MX),Futuristic Astronaut
9153,111148,3923699931,Deepmore,London (Extended Mix)
9153,111149,3927546991,Gianni Ruocco,Up in Smoke (DJ Simi Remix)
9153,111150,3729435862,Alvaro Medina,Monday Disco
9153,111151,3847634081,Alvaro Medina,This Sound
9153,111152,3459965111,Ario,Flat Top (Original Mix)
9153,111153,3725287712,Baban,Kill Two Birds with One Stone
9153,111154,3925242681,GIORG,Close Your Eyes (Extended Mix)
9153,111155,3847634091,James Dexter,Go
9153,111156,3253502041,Mariche,Talk Dirty To Me (ft. Kindbud)
9153,111157,3699008082,Michael Grald,Act Right (Original Mix)
9153,111159,2550943692,"Sergey Sanchez, Thierry Tomas",Keep U Happy (DJ Skif Remix)
9153,111160,3915345081,Nomad (MX),Hundred Universes (Michael James Remix)
9153,111161,3957524171,AG Swifty,Like You Do
9153,111162,3939314931,Adam Bogdan,Mika's Monkey (Sepp remix)
9153,111163,3958449281,KiRKie,Bass Hat
9153,111164,2665033052,Jamback,FEEL THE MUSIC
9153,111165,2665033062,Jamback,CATCH ME
9153,111166,3862365151,Naju,Danza (Radio Edit)
9153,111167,3945115091,Santi Dominguez,You Know Me (Extended Mix)
9153,111168,3844952421,Rub A Dub,Bem Ma Mi
9153,111169,3778057932,Steve Bug,Don't Stop The Music (Extended)
9153,111170,3847960811,Suadi,Where I'm From
9153,111171,3812117082,Semmi Amdouni,i've gotta (Extended Mix)
9153,111172,3847634111,Summer Ghemati,Hustle
9153,111173,3174278651,Louden,Dizzy Hum
9153,111174,3989928551,ACA (YU),Cold Evidence
9153,111175,3994983521,Candidate,S.T.W. (Radio Edit)
9153,111176,3899143721,Plusculaar,Rave Acid
9153,111177,3790623482,Santiago Gamell,Pendiente
9153,111178,3282853661,Leo Meizoso,Under The Strings
9153,111179,3989928561,ACA (YU),Chaos In The Garage
9153,111180,3838291281,Rossi.,Release
9153,111182,3275717071,Fede Aliprandi,Green Cantaloupe (Original Mix)
9153,111183,3753026872,Sidney Charles,Talk is Cheap
9196,1291,123129234,Joey Beltram,Energy Flash
9196,1435,3670172732,Luke Alessi,After Five
9196,35644,916855502,Gel Abril,Spells f Yoruba
9196,37380,6405413,Loco Dice,Flight LB 7475 (Original Mix)
9196,39442,426454842,Matthias Meyer,Infinity
9196,59045,2200807697,Shermanology,Bon Bini
9196,95644,3771674752,Justin Harris,Check Your Chains
9196,111674,6445471,Loco Dice,Jacuzzi Games (Original Mix)
9196,111676,1613716212,Gorge,Nyota
9196,111678,6405415,Shlomi Aber,Freakside
9196,111679,1915622087,Findling & Lihab,Stay Down
9196,111681,3106541581,Piet van Dongen,Vulcanic Ass
9196,111682,3786806602,Josh Wink,Higher State of Consciousness (Adana Twins Remix Two)
9196,111683,814597902,Golden Girls,Kinetic (Orbital Mix)
9196,111684,3701273742,Abacus,How U Do It
9196,111687,118777162,Re.You,Body
9196,111688,2226283,Matthias Tanzmann,Rugby (No Tom Edit)
9196,111689,1914502997,Audiofly X,Get Smarter
9332,41269,576526282,Blawan,The Narrowing (Original Mix)
9332,52302,3524546981,Hyden,Lü Bu
9332,61115,3637520772,Setaoc Mass,Shade
9332,112783,2693169242,Rene Wise,Escaping Siro
9332,112919,3603216252,Temudo,Extract 4.1
9332,112920,2831742252,Mesh Convergence,Twilight´s Embrace
9332,112921,2720367492,Fixeer,Caledonia
9332,112922,3918762881,Cirkle,Mooree
9332,112923,4105814691,Jeff Derringer,Mercury (James Ruskin Remix)
9332,112924,3669983072,THEGOD01,Megastructure 0X13
9332,112925,2565384852,Tadeo & Jon Hester,Matching Claps
9332,112926,3364963761,"11Schnull, Newinfluenzer, Architectural",Ich und meine Ubahn (Architectural Remix)
9332,112927,3615235052,Ben Klock & Fadi Mohem featuring Flowdan,Our Sector (Azu Tiwaline & Cinna Peyghamy Remix)
9369,13674,3968020221,Adam Ten,We Are
9369,38706,3997550801,Max Styler,Oldskool Flavor
9369,50520,1341704332,JonJon,De Segunda À Sexta
9369,74167,2079887147,"John Summit, Tombz",Trip
9369,98752,3952274941,John Summit,TIME WITH YOU
9369,98806,3952274881,John Summit,MESS W/ ME
9369,98807,3589762351,"John Summit, HAYLA",Shiver (N.O.Y & Guy Katch Remix)
9369,98808,1393638502,John Summit,Witch Doctor (Extended Mix)
9369,98810,2789182992,"John Summit, Sub Focus, Julia Church",Go Back
9369,98811,3039593281,XOTTO,Let Me Breathe (Extended Mix)
9371,83217,3617273642,SNYL,Sometimes I Wish
9371,98821,3617273672,Serpoosh,Poppy Trail
9371,98822,3222193461,James Harcourt,Infinite Light
9371,98823,3881245341,Cyantist,Black Flame (Extended Mix)
9371,98825,3617273662,Rardia,Cocu
9371,98826,3881245391,Microtrauma,Explore (Extended Mix)
9371,98827,3881245501,Cyantist,Fragments of Forever (Extended Mix)
9371,98829,3365015821,NO SÉ LEON,Rites
9371,98830,3205461961,Cynar,Doorway
9371,98831,3490705561,Microtrauma,Norycove
9371,98832,3651805912,Chrisik,Roller Coaster
9502,46279,876127362,ORBE,Radar INE
9502,94238,2331388455,Vardae,Kaipo
9502,99987,2695886172,PWCCA,Nigromancia
9502,99988,1424924662,Vertical Spectrum,KRF007 (Original Mix)
9502,99989,2315657255,Takaaki Itoh,Warbler
9502,99990,1958749287,Vertical Spectrum,Męczybuła
9502,99991,3216263361,CONCEPTUAL (IT),Il silenzio degli innocenti (Original Mix)
9502,99992,3592522252,Svreca,Peels a Tangerine (Pris Remix)
9553,100594,2269650,The Tony Williams Lifetime,There Comes A Time
9553,100595,3837656981,Tumba Francesa,Societé Guantánamo (Masón)
9553,100596,2532366801,Daniel Ponce,Invacion de 80
9553,100597,3695890022,Grupo Oba-Ilú,Oshun
9553,100598,1029363,Weather Report,Rumba Mama
9553,100599,3695889962,Grupo Oba-Ilú,Ogun
9553,100600,3837656991,Tumba Francesa,Tambores 2
9553,100601,3892928201,Bombino,Kamoutalia
9553,100602,66687299,Arthur Russell,She's The Star / I Take This Time
9553,100603,538665252,Howlin' Wolf,Built For Comfort
9553,100604,85733848,The Miracles,Up Again
9553,100605,3125177571,Cymande,Bird (Bonus Track)
9553,100606,4166438342,Quelle Chris,Wyrm
9553,100607,1028401,Weather Report,Palladium
9553,100608,2265093,Eddie Fisher,Either Or
9553,100609,432094332,Lena Platonos,I Lathos Agapi
9553,100610,7507953,Piirpauke,Konevitsan kirkonkellot
9553,100612,99930232,Art of Noise,Ode to Don Jose (2018 Remaster)
9553,100616,1123702,Terje Rypdal,Air
9570,100774,604228242,Gifrants,Rekonfò Djazi
9570,100775,3185164721,Masahiro Sugaya,Wind Conversation
9570,100776,3331445921,SINSUKE FUJIEDA GROUP,Fukushima
9570,100777,710489462,Ana Mazzotti,Feel Like Making Love
9570,100778,1628163152,The IgG Band,Another Love Gone
9570,100780,3478064831,Djuta Gomes,Dor
9570,100781,91388970,Domingos Mustasse,Bu Na Porta Mal
9570,100782,118407214,Grace Évora,Perde Tempo
9570,100784,2485276251,Kantata,Monsom
9570,100785,1492692922,NEL OLIVER,Mama Mother (Original)
9570,100786,100432668,Khemistry,Who's Fooling Who
9570,100787,1190597022,松原正樹,Shining Star
9570,100788,1548136412,Masayoshi Takanaka,Santigo Bay Rendez-Vous
9570,100789,954006612,Jorge Galemire,Tus Abrazos
9570,100790,2716712982,Kimbanourke,Thoughts : Moths
9570,100791,3198064141,Jess Sah Bi,Ile De Gorée
9639,39340,3889906521,Chico Rose (NL),Take A Little Trip
9639,41391,4033483561,Mil & Jes,Count It Off (Original Mix)
9639,58785,3903315121,Bizza,Paseando Por Sans
9639,101632,3922845041,Joe Dove,So Smooth
9639,101633,3922845031,Joe Dove,Something Special
9639,101642,3916740791,Mil Jes,Git Funky (Radio Edit)
9639,101643,3916740781,Mil Jes,Bust It! (Radio Edit)
9639,101644,3866612451,Yaya,On The Beat
9639,101645,3916322021,Blow (ITA),Fever
9639,101646,3871750991,Qubiko,Raw Manifesto
9639,101647,4017856911,ROOTS,All The People
9639,101648,1712118087,Izit,Heavy What? (Honkey Version) (Honkey Version)
9644,6712,1158616,Eric B. & Rakim,Paid In Full
9644,37752,3125988,Soul II Soul,Back To Life
9644,41040,74692784,"Oran ""Juice"" Jones",The Rain
9644,55473,3340246,Maze,Twilight
9644,57438,10331838,Loose Ends,"Hangin' On A String (Original 12"" Mix)"
9644,63130,349369731,Mulatu Astatke,Kasalefkut-hulu (Stereo Master)
9644,66741,1177877,The Police,Voices Inside My Head (Remastered 2003)
9644,80756,3129032561,Sergio Mendes & Brasil '66,Casa Forte
9644,84490,1080464432,Fernanda Abreu,Speed Racer
9644,101712,113115006,Richard Pryor,Acid
9644,101714,349369721,Mulatu Astatke,Kulunmanqueleshi (Stereo Master)
9644,101717,2456810,Roy Ayers,"Africa, Center Of The World"
9644,101718,3121911,Guru,Loungin'
9644,101721,356659121,"Art Blakey, Charlie Persip, Elvin Jones, Philly Joe Jones","Solos Based on ""A Night In Tunisia"": Drum Ensemble, Pt. 3 (Live)"
9644,101722,1036693852,Michael Rother,Energy It up (Part 1)
9644,101723,2829871,Alain Péters,Caloubadia (1981)
9644,101725,1245943162,Toure Kunda,Kambe
9644,101727,3751314382,S P Balasubrahmanyam,Aatavu Chanda
9644,101728,1666769682,Angkanang Kunchai,Teoy Salap Pamaa
9644,101729,1443556912,Prince,Welcome 2 America
9644,101730,93477520,Andy Bey,Celestial Blues
9644,101731,4530451,20th Century Steel Band,Heaven And Hell Is On Earth
9644,101732,2229327,Chris Montez,The Face I Love
9644,101733,1387372092,Bishop Jeff Banks,Jerusalem
9644,101735,3581505581,Erik Truffaz,Yuri's Choice (feat. Nya) (feat. Nya)
9644,101736,5592512,Eric B. & Rakim,Paid In Full (Derek B's Urban Respray Version)
9644,101737,3801443812,Grandmaster Flash & The Furious Five,It's a Shame (Mt. Airy Groove)
9644,101738,2375784155,Fab 5 Freddy,Change the Beat (Aka Une Sale Histoire) (Aka Une Sale Histoire)
9644,101739,2375784145,Beside,Change the Beat (Aka Une Sale Histoire) (Aka Une Sale Histoire)
9644,101741,446008452,J Dilla,Crushin' (Yeeeeaah!) (Instrumental)
9644,101744,464198322,"Idris Ackamoor, the Pyramids",An Angel Fell
9644,101745,1226605062,Caetano Veloso,Depois Que O Ilê Passar (Original Album)
9644,101746,1668691662,Family Atlantica,Arena
9644,101747,3149193401,Elkin & Nelson,Vamonos
9689,58215,2309033925,Nthng,Wordless Mass
9689,97641,143661458,Croatian Amor,LA Hills Burn At The Peak Of Winter
9689,102157,904733892,Hideki Umezawa,Music for Nature and The Every Day
9689,102158,1994236137,Kelly Lee Owens,The First Song
9689,102159,645779582,Ulla Straus,Nana
9689,102160,2761890351,"Out Of Place Artefacts, Vril, Rødhåd",ATAKAMA
9689,102161,3257469421,Tujiko Noriko,Marble Waltz
9689,102162,1649370972,"Treasa Ní Mhiolláin, Micheál Seoighe",Cúirt Bhaile Nua
9689,102163,2334503785,Minor Science,Dread the Evening
9689,102164,2761890291,"Out Of Place Artefacts, Vril, Rødhåd",ENNOCH
9689,102165,2207838637,Colin Stetson (ft. Iarla Ó Lionáird),The Lighthouse III
9689,102166,2334503825,Minor Science,Life Texture
9689,102167,2071450277,Batu,Built On Sand
9689,102168,3223508321,Purl,Merope (Alone)
9689,102169,3223508351,Purl,Merope (SVLBRD Ambient Mix)
9689,102170,3254027191,APRS,A Quiet Exit
9689,102172,3334509801,Claudio PRC,Sigillo
9689,102173,62319628,Tim Hecker,Sketch 3
9689,102174,1470237872,Basis Change,Magellan (Original Mix)
9689,102175,1249618412,Carbon Based Lifeforms,20 Minutes (Extended Version)
9689,102176,2906661761,Ludwig Wandinger,Vien
9689,102177,2906661801,Ludwig Wandinger,6 Eyes
9689,102178,2906661751,Ludwig Wandinger,Rot
9689,102179,821105852,Isorinne,Tårlös sorg
9689,102180,1502744232,Perila,Amorphous Absorption
9689,102181,3256946701,"Caterina Barbieri, Kara-Lis Coverdale",Fantas Morbida (Kara-Lis Coverdale)
9689,102182,3847685851,Alva Noto,Xerrox Monophaser 2 (reMASTER)
9689,102183,958012322,Alva Noto,Xerrox Canaux
9689,102184,1445774422,Pavel Milyakov,willed
9717,102725,657282762,Igor Gonya,A Sore Subject (Sebas Ramis & Jay Son Remix)
9717,102726,3045962581,"C.Vogt, Patrick Jeremic",After All It's Us
9717,102728,114702262,Edmund,Funk & Love
9717,102729,105242536,Gariy & Hacker,Piano Groove (Original Mix)
9717,102730,3340898871,Julien Sens,Deixa a gira
9717,102731,779967802,Marco Tegui,Yira Yirar
9717,102732,893924162,"Bahramji, Medusa Odyssey",Jana (Themba's Herd Remix) (Themba's Herd Remix)
9717,102733,1172958652,Be Svendsen,Nabia
9717,102734,473002272,Two Modest & Hugobeat feat. Natune,Brand New Feelings (Audiotones Remix)
9717,102735,687876672,Dandara,Ouahe (Original)
9719,49400,1594457231,"Arodes, Moojo",Reborn
9719,102749,2219054127,"Hyenah, Lazarusman",The Hi (Radio Edit)
9719,102750,2190565557,Shimza,That Organ Track
9719,102751,2197505957,Made By Pete,Horizon Red (Extended)
9719,102752,1651939212,Ethian Guerrero,Afrolatina (Instrumental Mix) (Instrumental Mix)
9719,102754,3156236561,"Cristoph, Awen",Time (Extended Mix)
9719,102755,2169242177,"DiMO (BG), Mr.K (BG)",Jungle
9719,102756,2161608047,Ahmed Spins,Anchor Point
9719,102757,2514521641,"Stylo, Space Motion",Tamba Lamba
9719,102758,2139289707,"Aaron Sevilla, Dj Roberto Da'Silva",Una Latina En Tulum (feat. LemonSoulDj)
9719,102759,2151569287,Oxia,Slide (Antdot & Albuquerque Remix)
9719,102760,2152846047,"Meith, Kreative Nativez",Amano
9719,102761,2191990597,Tuccillo,Feel The Heat
9719,102762,2514513211,"Non Grata, Atencio",Libertad
9719,102763,2195455467,BLOND:ISH,Mr. Grammarticalogylisationalism Boss (BLOND:ISH Remix)
9719,102764,2399696595,Dennis Ferrer,Dem People Go (Wolf Story Extended Remix)
9767,64723,844447152,D.E.A. Project,My All
9767,96294,4024708851,FAUZIA,Without me
9767,117729,4087094911,Raisa K,Make It Right
9767,123300,3900426811,Dominique,Aquarium
9767,123301,52554781,Change,Let's Go Together
9767,123302,2563009102,Static Cleaner Lost Reward,Basic Trouble
9767,123303,3155877081,Aphrodisiac,Song Of The Siren (Mediterranean Mix)
9767,123305,1587000972,The Stylistics,You Make Me Feel Brand New
9855,4899,3988740031,INVT,SALSA SWING
9855,102829,3882817211,TSVI,Turbo Motion
9855,113104,3156067541,"Mike Dunn, MDZ Lil' Pouche",Kan Ya Feel The Houze (MDZ Vocal To Da Dunn Mix)
9855,113105,3697031382,Escaflowne,Tha Powah
9855,113106,3441842031,Gertr4cks,El Baile
9855,113107,3469330631,Escaflowne,Bop
9855,113108,2245272827,Manda Moor,Tabasko
9855,113109,3929765711,Jack Wostear,Back It Up (Extended Mix)
9855,113110,3759366482,Regal86,Doble Filo
9855,113111,3924523331,Dave The Hustler,CAKE
9916,6108,3826239401,TOM LECHEF,Don Dada
9916,84528,4071216121,NotioN,U KNOW
9916,104486,4096342831,Fundido,Siren Tiger (Papa Nugs Remix)
9916,110104,3419883331,Pancratio,Badass Music
9916,113596,1266024782,INVT,DECOMPRESSION
9916,113598,1218720202,Todd Terry,I Was Dancing
9916,113599,672579492,Brock UK,Ere Come
9916,113600,4091706611,AC Slater,Rock The House
9916,113601,4004942301,Alec Dienaar,What's Da Record (Ned Bennett Remix)
9916,113602,4093446411,Disfreq,Uplift/Better Days
9916,113603,4155382902,Basement Jaxx,Where's Your Head At (tonz Remix)
9916,113604,3904055921,Friend Within,The Renegade (Special Request Murder Mix)
9986,37639,3979758031,Capes,Shake It Off
9986,49891,4046888431,Elisa Bee,No Rest
9986,84752,4126118031,Todd Terry,Here We Go Again (Extended Mix)
9986,95361,3539182721,Spencer Parker,Collective Consciousness (Spn Re-Mixed Version) (Spn Re-Mixed Version)
9986,113123,4004157831,Emerald,Love Me Baby
9986,114101,4077611511,Emerald,Love Me Baby (Amaliah Remix)
9986,114102,3906836891,Viktor Mercier,Mini Keum
9986,114103,4072212851,Emerald,Love Me Baby (Hidden Spheres Remix)
9986,114104,3809314522,Psycho Weazel,Power
9986,114105,4028614701,X & Ivy,Arcade Lust
9986,114106,4077611531,Emerald,Love Me Baby (La La's Pure Quality Goods Remix)
9986,114107,4077611571,Emerald,Love Me Baby (dreamrdreamr Remix)
9986,114108,141790211,Le Car,Cinematic-Automatic
9986,114109,970563922,MR GENTLE,Wave Energy
9986,114111,4077611541,Emerald,Love Me Baby (CASE Remix)
9987,94868,1417961252,Mala,Chainba (Re-master)
9987,114112,10522515,Kode9,Kingstown (Dub)
9987,114113,923574682,Loefah,Natural Charge
9987,114114,3187282801,Proxima,Trapped
9987,114115,1516838402,Goth-Trad,Sublimation
9987,114116,1101832472,J:Kenzo,Shijima's Revenge (Original Mix)
9987,114117,3187277181,Coki,Carbon Aliens
9987,114118,1516838742,V.I.V.E.K,Out of Reach
9987,114120,773604262,V.I.V.E.K,Step Fwd (Original Mix)
9997,38307,3952561301,Bia Soull,Viciada
9997,70642,3769571522,Entrañas,Eris (KARAN! Remix)
9997,90625,3994663141,Boukan Records,bububbleble
9997,103322,3941676951,Feri,Porrada Seca
9997,114198,68392505,Hysterics,Code Switch (Club Mix)
9997,114199,3727854352,DJ GHR,Joga Tudo
9997,114200,3640614032,Helviofox,Capucho do Xaboy
9997,114201,411173492,Paul Marmota,Hum
9997,114202,2317495575,Björk,Pagan Poetry (Video Edit)
9997,114203,2752986171,Frenquency,Getcha
9997,114204,90408885,Beyoncé,Mine
10002,114227,1714013397,Elevator To Hell,Everything Made More Sense (Remastered)
10002,114228,11233714,The Go-Go's,Lust To Love
10002,114229,138604817,John Maus,Quantum Leap
10002,114230,461043582,David Bowie,Be My Wife (2017 Remaster)
10002,114231,1049219072,BRACKET,867-5309-Jenny
10002,114232,1717822477,One Last Wish,Three Unkind Silences
10002,114233,911382662,Planes Mistaken For Stars,Copper and Stars
10002,114234,134531766,Leatherface,Shipyards
10002,114235,1137213612,Eric's Trip,Behind the Garage
10002,114236,3671489352,Sheer Mag,NIGHT ISN'T BRIGHT
10002,114237,2165796,The Replacements,Alex Chilton
10002,114238,72194073,Cyndi Lauper,Time After Time
10002,114239,3865200041,Sadness,i left a message for you
10002,114240,1129500562,Little Mix,Break Up Song
10002,114241,1286053882,Darkest Hour,With A Thousand Words To Say But One
10002,114242,64932697,Alexisonfire,Waterwings (And Other Pool Side Fashion Faux Pas)
10023,42050,69185353,Chelley,Took The Night
10023,80410,556114492,DJ Tameil,Rude Boy Giddy Up
10023,90978,3919227501,Safety Trance,duro
10023,93027,56525441,The Mackenzie,I Am Free
10023,95405,71645436,Katy Perry,Dark Horse
10023,114399,3879794781,Bad Gyal,Tic Tac (Hour Love)
10023,114400,1163124662,Evil Grimace,A Demain (Original Mix)
10023,114401,3092721441,"Lyele, La Fève",Laid Back
10023,114402,1464134612,Moro,Ezra Entrena El Bumbum (Midflight Edit)
10023,114403,4024846381,Six Sex,TU AMIGO
10023,114404,4075340421,bk beats,instars
10023,114405,3661342702,Aya Nakamura,Obsession
10023,114406,3562510121,Cardi B,Pretty & Petty
10023,114407,3918393741,Domingo Cruz,Precious
10023,114408,4001040691,Ziak,CATWALK
10023,114409,3964971551,Zero Crossing Point,Half Past Six
10023,114410,4082826171,Phasmid,Drop That
10023,114411,1028204012,Rattlesnakke,Escolopendra
10049,104579,1164664942,Advance,Take Me to the Top (Ben Liebrand 1983 Remix) (Ben Liebrand 1983 Remix)
10049,114683,102712012,The Armed Gang,Keep on Grooving (12 Inch)
10049,114684,52572591,Firefly,You Can Lead Me
10049,114685,141116369,Fruitcake,Put on Your Specs Again
10049,114686,1710845247,GAME,gotta take your love
10049,114687,5308384,Rainbow Team,BITE THE APPLE
10049,114688,17113227,Flowchart,Ask the Boss (Remix Version)
10049,114689,565648562,Matakena,Nuts On Me (Vocal)
10049,114690,2888642212,"Edd, Club Azur",want you so bad (Extended Mix)
10049,114691,586924102,The Gongs Gang,Gimme Your Love (Vocal)
10049,114693,2361719685,"ELASI, Anoraak",Che Caldo (Extended Version)
10049,114694,1003360312,Alex Rossi,Tutto va bene quando facciamo l'amore (Pilard Extended Version)
10049,114695,634555,Franco Califano,Balla Ba
10049,114696,3764848632,Bruno Lauzi,Il Vecchiaccio (Diversamente Giovane Remix)
10049,114697,1591617662,D'Arabia,Continuamente
10382,42523,1736735517,James Ruskin,Paranoia
10382,56949,2733507031,"Black Mirror Park, Red Rooms",Step By Step
10382,112754,2716782162,JSPRV35,Pimp
10382,117954,2268875227,Maasym,Iridescent Effect (Original Mix)
10382,117955,469793132,Ben Sims,Gamma Ray Subway
10382,117956,2639871422,Fhase 87,Paranoid
10382,117957,1841267267,Justyn Nell,Eris (Original Mix)
10382,117958,16152500,Ben Sims,The Hound (A.Paul Remix)
10382,117959,2733507021,Black Mirror Park,Disorder 7
10382,117960,2754813121,Mode_1,Sigma
10382,117961,1802555337,Human Safari,White Collar Addict (Original Mix)
10382,117963,2726910041,Flug,Destination Unknown
10382,117964,2745633031,Gary Beck,Rejected
10382,117965,2653549852,Len Faki,Friedrichshain Funk (Polygonia Remix)
10395,47371,2883952092,Innerworld,Vibrations (Tadan Dub)
10395,85244,2818288282,Raär,Riparian Zone
10395,89555,3104421381,Max Duret,Infiltration
10395,105382,2542242711,Abo Abo,Reptilation1
10395,118120,2842142562,Raär,Tropological Spaces
10395,118121,2842142572,Raär,Minimal Interaction
10395,118124,2925435031,TOMO,Gengar
10395,118126,3373545301,DJ Hauge,Enter Everlasting
10395,118127,3076003011,Spekki Webu,ceism.iii
10395,118128,2625744532,Komet99,Saturn
10528,44276,3663379062,"Soela, Module One, Orion",Hunting
10528,53503,3470509521,"VIZARE, Viken Arman, Cesar Merveille",Only a Dance (Extended)
10528,74738,3915831591,Trance Induction,Join The Circus Of Dr. Lao 2 (Radio Edit) (Radio Edit)
10528,76223,1625528922,ANF,TV Science
10528,76983,1489722392,"Anunaku, DJ Plead",Wheele
10528,91009,1046614492,Zuckre,Disconnect
10528,97159,3277730701,Paramida,Dream Ritual (Eris Drew & Octo Octa's Alchemical Sisters Dub)
10528,119512,2206542437,Cornucopia,The Story Of Us
10528,119513,2993656541,Van Morph,Simplicity (Original Mix)
10528,119515,914515742,Schatrax,Sisphunk
10528,119517,1725467057,Baby Ford,Serpentine Tale
10528,119518,512682512,Map.ache,Thank U Again
10528,119521,2355881285,Alain,PayDay
10528,119522,1766765967,Elninodiablo,Vaugahyde  (Theus Mago Remix )
10528,119523,2365394715,Head High,Break Away
10528,119524,3114896821,Swin,Bittersweet
10528,119525,3205602551,"Hilit Kolet, Sarah Story",Miss Behave
10528,119526,3336909251,Or:la,Moonlight Crush (Edit) (Edit)
10528,119527,2924579221,DJ W!ld,Need Ur Lovin
10528,119528,100156192,Sean Miller,Vida (Percapella)
10528,119529,3102867791,KiRiK,Naha Naha
10528,119530,3257226561,Gorge,Summer Ease (Extended Mix)
10528,119531,2337799545,"Tiga, Kölsch",Hand In Hand
10773,28512,2476922851,Yasuaki Shimizu,海の上から
10773,103302,531413941,Bob James,Caribbean Nights
10773,120876,15792691,Ravi Shankar,Prashanti
10773,120877,15792687,Ravi Shankar,Sadhanipa
10773,120878,109509072,Brian Eno,Theme From 'Creation'
10773,120880,493301282,Brian Eno,Old Land
10773,120881,3311375,Penguin Cafe Orchestra,Rosasolis
10773,120882,2397613745,Anyone/Cualkiera,Centro de Acopio
10773,120883,2299741,Gábor Szabó,Breezin'
10773,120884,142343473,Astrud Gilberto,Stay
10773,120885,2237183,Chico Buarque,Minha Historia (Gesubambino)
10773,296954,3121561,"Harold Budd, Brian Eno",A Stream With Bright Fish (2005 Digital Remaster)
11118,4008,3346159351,Simo Cell,Circuits
11118,38253,3550136451,Introspekt,Prototype III
11118,62764,3613223472,Mor Elian,Tangle Tone
11118,105890,1265932502,my bloody valentine,when you sleep
11118,125051,3241836861,Ploy,Sauna
11118,125052,3519432441,Sobolik,Giant Pier
11118,125053,3689805922,Toma Kami,Quad (Jasmín remix)
11118,125054,3416506891,Batu,Frostbite
11118,125055,3242216661,Danny Goliger,Pan Law
11118,125056,3559114701,SUCHI,Every Pan Has A Lid
11118,125057,3555039781,Gamma Intel,Cycle
11118,125058,3221276191,No Sir,Decoys
11118,125059,3332049871,Axine M,Bupropion Honeymoon
11118,125060,3277602631,Rodrigue Dubois,Old Feeling
11118,125061,1526806322,Posij,YGT YGT YGT
11118,125062,3587248401,Rizio,Hyperobject
11149,710,3968395921,Notre Dame,No Rules
11149,75634,3840578191,Anton Ishutin,Freak (Fairtone Remix)
11149,125266,804602,Fall Out Boy,Your Call (Extended Mix)
11149,125267,3961504201,N.O.Y,In Love
11149,125268,14019348,Tom Tom Club,Wordy Rappinghood
11149,125269,4033512141,Deflee,Say Something (Original Mix)
11149,125271,3747976842,Kinky Sound,Cadabra
11149,314668,3408031011,"Omri Smadar, Jenia Tarsol",Lose Your Soul
11156,4855,3920740981,Fleur Shore,Hey Cookie
11156,4928,78115474,The Bucketheads,The Bomb! (These Sounds Fall Into My Mind) (Radio Edit)
11156,5797,3919963361,SOSA,The Connection
11156,24066,3854623131,Nick Curly,Underground (Danny P & Caleb Laurenson Extended Remix)
11156,35859,4009695081,FISHER,Favour (Extended Mix)
11156,56103,3773205892,Mattei & Omich,Like the Sunshine (Steff Daxx Remix)
11156,61390,4020219541,The Avalanches,Together
11156,81948,78115476,The Bucketheads,The Bomb! (These Sounds Fall Into My Mind) (Armand Van Helden Re-Edit)
11156,125309,3882983051,TwoSlice,All Night
11156,125310,3164238781,"Steff da Campo, Robbie Mendez",Cry (Just A Little) (Extended Club Rework)
11156,125311,15106739,Estelle,American Boy (No Rap Version)
11156,125312,3916394141,Grace Kim,Calling You (Extended Mix)
11156,125313,2874607412,Karen Harding,Picture
11156,125314,1541405222,DRAY,Remember (Extended)
11156,125316,3872302241,Aluna,Houseboy
11156,135456,695110932,"Stardust, Benjamin Diamond, Alan Braxe",Music Sounds Better With You
11390,45662,3298299621,Sicion,All Day
11390,61064,2973206721,Jesus De Minguela,Woods (Goncalo M Remix)
11390,82009,3710745512,DJ HÖRDE,NOW THAT’S WHAT I CALL TECHNO!!!
11390,82011,3542158891,"Lucas Boston, BCCO",Certified Two-Stepper
11390,82012,2528276421,Rudosa,Naughty Pleasure
11390,82013,2596303902,NTBR,Chasm
11390,82014,2297901245,Vizionn,Run
11390,82015,3856817911,KTK,Relax Your Soul
11401,128080,3239606731,Prozack,Tan Lejos (Instrumental)
11401,128263,78243378,Jon Hassell,Ba-Ya Dub (No UFO's Version)
11401,128264,53943911,Braincell,Look At Your Hands
11401,128265,3160846361,Compass Vrubell,Untitled
11401,128266,3605867002,Bergqvist,Drex Vibe
11401,128267,81469468,Static Lounge,Restäther
11401,128268,3045751741,Indigo Minds,Entrance
11401,128269,81469478,Static Lounge,Angel Dust
11401,128270,3654540092,robert istoc,noticed being (Original Mix)
11401,128271,81469508,Nanospeed,Entwurf
11401,128273,858341282,Lurifax,Etlerandet
11420,106,4157544562,Overmono,Lockup
11420,122,4010593821,Madonna,I Feel So Free (Peggy Gou Energy Mix)
11420,186,3964417391,camoufly,Himalaya
11420,209,3945163781,Blond:ish,In Da Jungle
11420,4690,2150143817,"Skrillex, Bobby Raps",Leave Me Like This
11420,35884,3921539761,finnjävel,kyrie
11420,47745,3833679301,Jump Source,Shattered (feat. Helena Deland & Ross Meen)
11420,70980,3939421361,Colombian Drone Mafia,Rafflesia Arnoldii
11420,91173,3854018261,JWords,LUSH
11420,99104,3964971251,Bodhi,Hyper
11420,99108,3967999431,Vesta,Fine dine
11420,115557,3947845601,Nina Las Vegas,Shot Caller (Shuga's Edit)
11420,123135,3607261982,Nikki Nair,Deep Miso
11420,128419,3835567241,Mietze Conte,Numbers
11420,128423,3537461541,Danny L Harle & Caroline Polachek,Azimuth
11536,129387,566752942,Symbolico,Har Braha
11536,129388,813743212,Symbolico,Gaian Portal
11536,129389,813743222,Symbolico,Perceiving All
11536,129390,3048136831,Symbolico,Don't Be Afraid Remix
11536,129391,813743242,Symbolico,I'm Free
11536,129392,2986154751,Symbolico,Remember
11536,129393,2986154761,Symbolico,Expressence
11536,129394,2986154771,Symbolico,Marveloustic
11536,129395,2986154741,Symbolico,Unconditional Path
11536,129396,813743252,Symbolico,Seeing Auras
11536,129397,144178736,Symbolico,The Never Ending Game
11536,129398,813743272,Symbolico,The Answer
11536,129399,813743282,Symbolico,Who Are You
11536,129400,813743292,Symbolico,Out of the Blue Heart
11536,129401,144178734,Symbolico,It Begins Here
11640,4498,29368651,LFO,LFO (Leeds Warehouse Mix)
11640,43670,2208287477,tekno 2,feeel the power
11640,85743,29389211,Nightmares On Wax,Aftermath
11640,85745,16625765,Meat Beat Manifesto,Radio Babylon
11640,114499,3703727442,K.C.Y.C.,Under Control (Shelter Mix)
11640,130275,61526516,DAF/DOS,Kom
11640,130278,73414366,The Looney Tunes,Just as Long as I Got You (Warehouse Rave Remix)
11640,130280,3270905381,Frank De Wulf,The Tape (Remix)
11640,130281,96535338,Lost,The Gonzo (Original Mix)
11640,130282,1381558132,Playtime Toons,Shaker Song (2020 Remastered Version)
11663,130478,1477446,Macka B,Who Are The Terrorists?
11663,130479,2285025,Linton Kwesi Johnson,Fite Dem Back
11663,130480,6699079,Wailing Souls,Run Dem Down
11663,130481,1006828212,Max Romeo,No Peace
11663,130482,2557500512,Jacob Miller,Forward Ever Backward Never
11663,130483,546244322,Steel Pulse,Harassment
11663,130484,1506175472,Yabby You,Fire In Kingston
11663,130485,75696985,Junior Byles,Take My Share
11663,130486,348233721,Roger Robinson,Bun Bun Bun
11663,130487,6493735,Luciano,Another Terrorist Attack (feat. Fantan Mojah)
11663,130489,63391529,Capleton,That Day Will Come
11663,130490,348233751,Roger Robinson,New Maps
11663,130491,3304135,Poet And The Roots,All Wi Doin' Is Defendin (2000 Digital Remaster)
11663,130492,124922986,Pad Anthony,Charge Dem
11663,130493,462255402,Eccleton Jarrett,Rock Them One by One
11663,130494,124922972,Trevor Levy,Nah Run From Clash
11663,130495,121994342,Lloyd Robinson featuring Sly  & Robbie,Rougher Than Rough
11752,38647,2924930331,"GǼG, MONKEY TIMERS & Keita Sano",Brother
11752,41663,2327386475,Gene On Earth,Hatchback
11752,81582,131144684,Mighty Dub Katz,Let the Drums Speak (Butch Remix) (Butch Remix)
11752,82897,3187297451,Skream,Shake-It
11752,131295,1989264907,She's Drunk,Amadoda (Shy One Remix)
11752,131296,1650076562,"Mister Joshooa, Jeremy Kypta",Shampoo Dub feat Tree
11752,131297,1237941672,Magnetic Man,I Need Air (Redlight Remix)
11752,131298,2637658322,Carré,Soft Fascination
11752,131299,29390621,RAC,Root
11752,131300,3524661431,Kaval,Badness Dub
11752,131301,2855890272,Diana,Dance All Night
11765,44945,412515762,Tim Buckley,Once I Was
11765,44948,119933516,Marisa Anderson,In Waves
11765,48746,3469629461,"Josephine Moriko, innerinnerlife",Emociones
11765,53365,3356892371,U.e.,Good Morning
11765,84246,2284985087,Lovefear,Day Place
11765,103901,3265822431,Seefeel,Climactic Phase #3 (2025 Remaster)
11765,131407,752855562,Satoshi Ashikawa,Still Sky
11765,131408,612140,Anne Briggs,Wishing Well
11765,131409,3547831971,Daily Toll,Time
11765,131410,977597,Julie Doiron,Sweeter
11765,131411,3913041231,helllhound,downstream
11765,131412,3088414511,Concave Reflection,Dreaming (Recurring)
11765,131413,2687468872,Gawshock,Cool Drink
11765,131414,479816562,Smog,Drinking At The Dam
11765,131415,1577091,Talk Talk,New Grass
11765,131417,4128266951,Mojave 3,Bluebird of Happiness (2026 Remaster)
11765,131420,2692369802,Shane Parish,Avril 14th
11807,64360,3880001,Secos & Molhados,Sangue latino
11807,67825,104938192,"Rita Lee, Roberto De Carvalho",Agora É Moda
11807,131789,15853014,João Bosco,Violeta De Belfort Roxo
11807,131790,4008187141,Cauby Peixoto,Bastidores
11807,131791,17011577,João Donato,Leila VIII
11807,131792,104938190,"Rita Lee, Roberto De Carvalho",Disco Voador
11807,131793,4674745,Gal Costa,Índia
11807,131794,518481942,Jorge Ben,Charles Jr.
11807,131795,3275335,Simone,Morena
11807,131796,16093613,Novos Baianos,Preta Pretinha
11807,131798,2173693,Archie Shepp,Quiet Dawn
11807,131799,928445972,Evinha,Teto De Louça
11807,131800,3374209801,Funkadelic,I Bet You (2025 Remastered)
12126,75026,3343719611,Chinonegro,Funky Beat
12126,91721,3784531452,Malcolm Zeller,Step To
12126,99369,3807970242,Aardy,Top Of The World (Spencer Parker Works Harder Mix)
12126,135064,3788795832,Bedran.,Five Days
12126,135065,3788843732,DEE2,Shake That
12126,135066,3771539532,Lasanto,Mona (Original Mix)
12126,135067,3782955992,Castion,See Some More (Extended)
12126,135068,3824235281,Julius Strieder,La Festa
12126,135070,3794723312,LEON (Italy),I Need Your Love
12126,135071,3793330202,Ysfk,Capannina
12184,4355,1507789102,Fred again..,Hannah (the sun)
12184,4410,3376894521,MPH,Raw
12184,4517,1924777117,"Fred again.., Delilah Montagu",Delilah (pull me out of this)
12184,4578,2966976591,"Fred again.., Duskus, Four Tet, Joy Anonymous, Skrillex",glow
12184,4583,3546333461,Josi Devil,No More
12184,4664,2966976721,"Fred again.., The Japanese House, Scott Hardkiss",backseat
12184,36436,2019838267,SCH,Autobahn
12184,37883,3930217011,Dj Will22,Funk Charger
12184,47951,3453503021,Floorplan,Like Dat (Extended Mix)
12184,65351,2353576045,Redlight,Drop Down
12184,75386,2882792342,Floating Points,Vocoder [Club Mix]
12184,88303,3793352212,Harry Hayes,I Did You Wrong
12184,114983,4156836072,"LUCAS KID, Rxfx",JATADA RITMADA
12184,119921,3649618772,Ela Van Wolf,Un Beso
12184,126567,545131492,KiNK,Leko (Original Version)
12184,129073,3615233592,Fred again..,HARDSTYLE 2
12184,134305,3781607,Petter,Some Polyphony
12184,134306,2966976571,Fred again..,.six
12184,134312,3068785081,Oklou,choke enough
12184,134313,726391632,Headie One,Back to Basics (Floating Points Remix)
12184,134315,3893300801,Fred again..,Ambery
12184,134316,441137172,Christine and the Queens,Christine
12184,271532,3413895391,Fred again.. Skepta PlaqueBoyMax,Victory Lap
12261,653,3990965871,ANOTR,Like It
12261,1575,3760106182,Mau P,neck
12261,4486,3631059882,Tiga,You Gonna Want Me (I Know) (Extended Mix)
12261,35000,3918256721,Adam Ten & J.Views,Rivers and Homes Retake
12261,38947,4033512201,Deflee,Hypnotizing (Original Mix)
12261,40105,4090766891,Jackie (IT),Sexy M.F. (Extended Mix)
12261,40109,4028930861,Tom & Collins,Tu Es Tout (Extended Mix)
12261,47193,3994938731,Aitor Astiz,Digital Soul (Freak)
12261,58778,4033401221,Deflee,Yaka (Extended Mix)
12261,69536,3994721401,Ninetree,Composure
12261,75561,4057076541,Broken Hill,wtf
12261,135108,3884156421,Stefan Meser,Electrifying
12261,136116,4058055801,Beltran,Anaconda
12261,136117,4021541911,Beltran,We Come In Peace
12261,136118,4023854371,Mellizos,Europa
12296,4625,3296179031,Zero Idea,Xpression
12296,36284,3148069191,Reptile,Sequoia
12296,39031,3557025591,Dast (Italy),Power Thing (Conrad Van Orton remix)
12296,44155,3691704932,Truncate,Forgotten
12296,108392,3524230231,Yotam Avni,Tribal Techno
12296,117870,3696062102,SYM,Dark Crisis (Original Mix)
12296,123928,3431481681,Mython,Copper
12296,125967,3478884611,Harvey McKay,Hook Up
12296,128468,3669900022,Exos,Glaður Og Reifur
12296,136247,2591704592,Deetron,Batuque
12296,136248,3994377331,Remco Beekwilder,Rhythm Pressure (Original Mix)
12296,136249,3577912621,William Arist,Tribute to SLS
12296,136250,3093439131,Kaltblume,Get It
12296,136251,2206233877,Mark Broom,EFB
12296,136252,3613657732,DJ Swisherman,Dust To Dust
12296,136253,2893933851,Zisko,Lost In The Night
12296,136254,2202341627,Vince Watson,Techture 1
12296,136255,3409917311,DJ Plant Texture,Wormhole
12296,136256,4001411501,Zero Idea,Go Higher (Original Mix)
12296,136257,3343676151,BRICK,Fracture
12296,136258,4077902201,Bengalo,No Place To Go
12296,136260,3841860481,Hanten,You
12296,136261,3990135931,Isaiah,Terea
12296,136262,3579934371,Procombo,Forge Ritual
12296,136263,2206724827,S-File,Parting Glances
12296,136264,2195555597,Francisco Allendes,What You Do (Harry Romero Remix)
12296,136265,3978115021,Sanskrit,Balaklava
12296,136266,3820605881,Sam Paganini,Body Ride
12296,136267,4001411471,Zero Idea,On Sight (Original Mix)
12300,36497,993639,Faithless,We Come 1 (Dave Clarke Remix)
12300,37277,1748613057,The Subjective,Tremmer (Remastered 2022)
12300,42892,3460863261,Aliasing,Extended
12300,42893,3842257951,Nortsch,Xeno
12300,42894,3416679071,USAW,Illogical Behaviour (Cleric Remix)
12300,42895,3773913122,Kamen,Contre Culture
12300,42896,510377912,Alfredo Mazzilli,Zeolite
12300,42897,3902884791,Section 6,NE555N
12300,42898,1081245242,Amotik,Peeche
12300,42899,3313572111,Havik,High Wire Act (Original)
12300,42900,3585330831,Viers,Re-L (Hardspace Mix)
12300,42901,3588290831,"Flits, Frenzy",Inspector
12300,42902,3721467482,Samuel L Session,A Bastards Work Is Never Done (Deetron Playmate Rework)
12300,42904,3824149551,Justine Perry,Hollow Bounce
12300,42906,3934612051,Olympios,Experimental Studies
12300,42907,1920869517,Rebel Youth,What Is Soul (Joris Voorn Remix)
12300,52301,4039473811,Line-o,Irresistible
12300,57057,4039473831,Line-o,Percussive Voices
12300,125429,815334082,Joris Voorn,MPX309
12300,136289,1435883062,Adam Vandal,Snarl
12300,136290,2975579161,Samuel L Session,"Tribecutz, Pt. 3 (Vinyl Mix)"
12300,136291,639598862,Innere Tueren,Eden (Version)
12333,51731,3813124622,Anenon,Piano Haze Bass Melt Wind Cry
12333,55590,3878483711,Danalogue,Mother of Mars
12333,55880,11494988,Djavan,Quantas Voltas Dá Meu Mundo
12333,83642,3728287562,ZENA,KAZANCHIS
12333,104530,4023469231,Forest Drive West,Bias
12333,104533,4023469251,Forest Drive West,Tensor
12333,122563,2237495,John Coltrane,After The Rain
12333,123302,2563009102,Static Cleaner Lost Reward,Basic Trouble
12333,127768,2715573202,Princ€ss,Shining Star
12333,142261,2420428025,Schlammpeitziger,Winterschlafsüßbärentraum
12333,142263,5961324,Joyce,Clareana
12333,142264,102535202,Michael Henderson,Stay with Me This Summer
12333,142265,889280222,Robert Rental,Double Heart
12333,142266,4065157561,Yaa Naara,Aguro
12333,142267,1546479022,Papé Nziengui,Ngondé
12333,142268,3639990782,ugne&maria,I contain multitudes
12333,142269,1213767672,YL Hooi,Strobe Lite
12333,142270,2122656117,Jonquera,Autour du Cro
12342,34965,2121861847,ESG,U.F.O
12342,48168,855561092,House of Doors,Burmstar (Twin Mix)
12342,65929,3202725741,Alexi Delano,Acid Workout
12342,82721,3287986941,"Coflo, Mama Stacey",Y'all Need Jesus (Extended Mix)
12342,98783,11762199,Peter Black,Spell of Dub
12342,108348,61967868,Seth Troxler & Matthew Dear,Hurt (Martinez Dark Soul Remix)
12342,124643,2327498765,"Dangerous Dan, Nicky Night Time",Mystery (Edit by DJ Kaos)
12342,136452,3122536691,Daniel Avery,All I Need (Roman Flügel Remix)
12342,136453,95372984,Helium Robots,Crepitation (Original Mix)
12342,136454,3444042951,Buick Project (Nic Fanciulli & Andy Chatterley),Lumieres (Onionz Remix)
12342,136456,2239409897,Man Power,Maybe Even Never
12342,136457,1685723337,Dave Brock,Spirits
12342,136458,3188477361,Aric,I Love Your Love (Pete Blaker Remix)
12342,136459,3642361522,Kosh,No Exit
12342,136460,3377864861,The Rapture,House Of Jealous Lovers (Morgan Geist Version)
12342,136462,3337001681,"Zellmani, Gojiano",Inca
12417,51282,1940699307,"Caroline Polachek, 12 Ensemble",Last Days: Non Voglio Mai Vedere Il Sole Tramontare
12417,62453,115849958,UVB,Mixtion - Original Mix
12417,124151,3613191082,Clouds,Another Day
12417,136669,912048632,Ship Sket,Ritual Riddim
12417,136670,2125515967,Crystal Castles,Intimate
12417,136671,912048652,Ship Sket,No Respawns
12417,136672,2257025797,Onleash,XXX-Rated
12417,136673,3450016081,"Siu Mata, Amor Satyr",Is This All Real
12417,136674,1692493567,Lokey,Refusal of the Call
12451,98131,493379592,Donato Dozzy,Cleo
12451,106450,830330482,Marco Shuttle,Qatarsi
12451,136702,4047862521,Autogenesis,Proclomation (Solarythm Dub Vision)
12451,136916,4036258611,Gëinst,The Last Firefly
12451,136917,4036258621,Gëinst,Innevitable Stasis
12451,136918,3474543071,Fonzo (PT),Crystal Artefactos (Floating Machine Remix)
12451,136919,3537310131,Titta,We Wont March Back
12451,136920,2872764202,Yogg,Are You a Believer?
12518,6073,29372321,Autechre,Clipper
12518,49785,29371031,Autechre,Nil
12518,61415,29368661,LFO,Simon From Sydney
12518,105541,29373601,Boards of Canada,Telephasic Workshop
12518,109180,29393181,Boards of Canada,Kid For Today
12518,127082,2980583951,Susumu Yokota,Tanuki (2024 Remaster)
12518,137411,850979172,Daniel Avery,Sun
12518,137412,125004434,Sun Electric,Osram 418
12518,137413,29369051,I.A.O,The Clan
12518,137414,1250018912,Alessandro Cortini,ECCO
12518,137415,3468088,The Future Sound Of London,Glass
12518,137416,123789758,Aphex Twin,Delphium
12518,137417,2522548291,Oneohtrix Point Never,Time Decanted
12518,137418,2276296517,Chapterhouse,Epsilon Phase (Retranslated by Global Communication)
12588,51607,3847198711,Millenium Orchestra,The Fix
12588,67649,2766829621,Predator,Out of Control
12588,104243,108843194,Ital Tek,Violet
12588,137872,3569313831,Guy2Bezbar,L'arène
12588,137874,3754338122,HALF OFFF,BIG CHOON (Miss Jay Remix)
12588,137875,2159623877,100 gecs,Dumbest Girl Alive
12588,137876,3560744701,B-Frontliner,We Will Never Leave
12588,137878,2986399131,Rustie,Thornzz
12588,137879,3155804521,Dr Donk,Big Boom
12588,137880,3510174801,Deft,Koover in '92 VIP
12588,137881,2789820382,"Fulci, Talpah",Advanced Psychotonic Flesh Dismemberment Project
12588,137883,2880782862,Escha,Knightsbridge Lady Soup
12633,138377,367875341,PAOLO ACHENZA TRIO,SWEAT
12633,138378,365160161,Groove Nation,Get This
12633,138381,10238125,9 Lazy 9,Electric Lazyland
12633,138382,64293244,Pal Joey,Platinum in the Making
12633,138383,104622246,Masta Ace Incorporated,The Phat Kat Ride (Dub Version)
12633,138384,3850779511,Greyboy,Freestylin'
12633,138385,1634307262,Big Muff,Soultown
12633,138386,42938391,St Germain,Street Scene (4 Shazz)
12633,138387,478169332,Sound Providers,Jazz At The Cove (Instrumental)
12640,39228,2156319777,apaj,Lemon Juice (Matildoutz & Laurent Flaoh Remix)
12640,138488,3818806861,Aamiq,When
12640,138489,2392423475,"Coss, Zettka",Stihotvorenie
12640,138491,3862846771,Eddy Tango,Na Brisa Do Mar
12640,138492,3605812132,"West & Hill, Tiefe Wasser Berlin",Wer Bin Ich
12640,138493,3855511431,Leomar,La Sombra
12640,138494,3687317932,Dmitry Molosh,Drown In The Eyes (Extended Mix)
12640,138495,2594964072,Hame,Tears
12640,138498,2074293157,"Fred again.., Nathan Archie",Nathan (varner road)
12660,36174,2762111141,"Ø [Phase], Rødhåd",190318
12660,71062,1020677152,Phara,M. at play (Original mix)
12660,82052,1172974222,Oscar Mulero,Tormenta
12660,112853,2668879852,Border One,Astral Plane
12660,138670,1017701392,Atom™,R3v
12660,138671,2938764841,Skjöld,Asteroids
12660,138672,2794576212,Linear Phase,OQ1QO
12660,138675,2789199682,Hollen,Underlying Pressure
12660,138676,2761588211,ROI,KELCE
12660,138677,2804674602,"UFO95, Rødhåd",LAVANDE 01 [240107.2]
12773,73902,3459549131,Sabura,Refugium (Aio Remix)
12773,99009,3719910822,Oscar L,Gravity (Extended Mix)
12773,139463,3262491821,"Fantoo, Dual DeStress, Daniel Weirdo",The Key
12773,139465,3127914461,Perpetual Universe,Smoother Groover
12773,139466,1949428707,Eelke Kleijn,Transmission (Joris Voorn Remix)
12773,139468,3323872731,YOZÉ,Sahara
12773,139469,3482586971,Kos:mo,Go Deep (Original Mix)
12773,139470,3430863321,"Victor Ruiz, Mila Journée",All Night Long
12773,139471,3348084691,Lambda,Hold on Tight (Lampé Remix)
12773,139472,2918028401,Karla Blum,In My Dreams
12773,139473,3719910842,Adam Beyer,Explorer (Extended Mix)
13004,121713,2751987171,Bruno Nicolai,La coda dello Scorpione (Seq. 7)
13004,140630,408978162,Emerald Web,Dawn
13004,140633,3345342481,Lack of Afro,Little Fugue
13004,140634,482126222,Dani,La machine
13004,140636,1048555872,Jun Togawa,Odorenai (2016 Remaster)
13004,140637,14108608,Oh-Ok,Brother
13004,140638,129239812,Philippe Besombes,Télécom
13004,140639,2447008245,Basile,Il tubo del anno
13004,140640,376198731,Godley & Creme,Group Life
13004,140643,3422072891,Bruno Nicolai,Propiziazione
13096,141276,6955494,Mark Isham,Ceremony In Starlight
13096,141277,1734032547,"Lonnie Liston Smith, The Cosmic Echoes",Goddess Of Love
13096,141278,55171091,Harvey Mason,Phantazia
13096,141279,1071054,Tony Williams,Proto-Cosmos
13096,141280,88765631,Hubert Laws,The Baron
13096,141282,537757102,Jan Akkerman,Back To The Factory
13096,141283,350315641,Lonnie Liston Smith,Bridge Through Time
13096,141284,631676042,Lenny White,Remembering
13096,141285,3212869041,"Larry June, 2 Chainz, The Alchemist",LLC
13207,4247,3921113911,Joshwa,Out of My Mind
13207,38754,3699129662,Welker,Ice In My Eyes
13207,38760,4209493672,Volkoder,All Night Long
13207,43097,3668549312,Ivory (IT),Feel the Beat
13207,73459,3866973561,Jast,The Bassline
13207,91600,3020174091,Argy,RITMO
13207,98765,3683221182,"Zafrir, Mila Journée",Pas
13207,98956,3590439272,Pablo Say,Bring The Lows Up
13207,111912,141780587,The Blaze,TERRITORY
13207,128184,61263041,"Noir, Noir & Haze",Around (Solomun Vox)
13207,136155,3666114012,Adam Beyer,Your Mind (HNTR Remix)
13207,142877,3710926082,SLVR,Music 4 Ur Body
13207,142878,2813911362,Son Of Son,Lost Control
13207,142879,3689444502,Son of Son,Like I Don't Exist
13207,142880,3572949461,Adellic,Paradox
13207,142881,3529767691,Jamie xx & Solomun feat. Romy & Oliver Sim,Waited All Night (Solomun Remix v21)
13207,142882,3550735831,Son of Son,HIDE
13207,142883,3705753702,Tommy Veanud,The Power
13207,142886,3742815422,Sebjak,Shoreline
13207,142887,3297580901,Ivory (IT),Push Me
13207,142888,3818255191,ID ID,Higher
13207,142889,4673406,Robyn,With Every Heartbeat
13210,15964,3997559611,Kyla,Do You Mind (Remix)
13210,71653,599220342,Crazy Cousinz,Bongo Jam (feat. Calista) [Club Mix] (Club Mix)
13210,75577,3364290871,"Keys N Krates, Afrique Like Me, 96 Vibe",RUAFREAK
13210,89660,3611117832,DJ Lag,NgyaSindelwa
13210,114758,3588549611,"DJ Tira, Pcee, Campmasters",Awungazi
13210,142898,1808564087,Kgzoo,Vulture
13210,142899,3852185281,Dr. Chaii,FOCUS
13210,142901,1564092192,Breyth,Increasing Attitude
13210,142902,854794192,"Todd Terry, House of Gypsies",Sume Sigh Say (DJ Malvado RMX)
13210,142904,3946712721,Morex,Kunanga
13210,142905,3596768202,"MC L da Vinte, MC Gury, Limitlezz",Parado No Bailão
13210,142906,2824085862,"Dana Lu, King Bubba FM",Sound Di Horn! (AQUTIE Remix)
13241,64149,3839285711,Tim Paris,That Boy (Red Axes Remix)
13241,143159,3271901371,Talee,Amor Fati
13241,143160,1043991902,2 AM/FM,Electronic Justice
13241,143161,3863175501,Jorkes,Longing (and) Dissolving
13241,143162,2845489212,LUMI,Don't Stop
13241,143163,2473148901,Pangaea,Installation
13241,143164,3355231461,Theus Mago,Do Androids Dream of Dinosaurs?
13241,143165,3152633811,Kito,take your vibes and go (Taiki Nulight Remix)
13241,143166,485152932,Wolfgang Tillmans,Source (Roman Flügel Remix)
13241,143168,2325577805,Christian Nielsen,Let Me Go
13331,47970,3066218861,"Rosati, Steffi",DTR3
13331,120595,1710872177,DVS1,Transient Response
13331,124072,2683300822,"Cosmic Force, Dexter",Baslijn In Opstand
13331,143934,3138746841,"Maude Vôs, Marie Nyx",In the Club Out (Leonce Remix)
13331,143935,2176811477,Ritzi Lee,Accelerate
13331,143936,1150822822,Jeroen Search,Transversal
13331,143937,4001742971,Geistech,Encantum (Johnny Aux Mix 1)
13331,143938,1622472702,Mr. Ho,Mind Pollution
13331,143939,3539282571,Cyborg Nerve,Cyborg Nerve
13406,35049,11677879,Jay Tripwire & Grant Dell,Slo Roast
13406,37329,3067165201,Romanthony,The Wanderer (Dixon Edit)
13406,46856,486272652,Antonelli,The Realist
13406,48092,2339349885,Ben Nevile,Van (Original Mix)
13406,121155,3846022,Akasha,Spanish Fly (Freaks Superfly Speak Easy)
13406,144524,2338820105,AGBG,Blind Date w/Dr Bootygrabber (Original Mix)
13406,144525,12262863,Mark Farina,Borders
13406,144526,2445508915,Adam Strömstedt,Reflektioner
13406,144527,3548233641,Iz & Diz,Unnnhhh
13406,144529,2202044777,Fantastic Man,Keep Out
13406,144530,1643167682,Bodin,Rhytmic Technology
13406,144531,3764764292,Insignificant Others,Collagen
13406,144532,3451442171,Romanthony,Down 4 U (Extended Version - 2017 Remaster)
13406,144533,3209572911,"Idjut Boys, Emperor Machine",Yagga Yao (Emperor Machine Extended Version)
13406,144534,1296830932,Cool Hipnoise,C'Mon Family (Instrumental)
13406,144536,2337839905,Bruno Pronsato,Extract CDV 2 (Live)
13406,144537,2794257762,Hok-man Yim,Poem of Chinese Drum
13406,144538,2339647365,Ben Nevile,Van (Tight Mix)
13406,144540,612421302,Shcaa,An Ungrateful Death
13406,144541,833676382,Audio Werner,Still Jackin'
13406,144542,62156626,Shaka,Nella
13406,144543,2346232895,"Soldiers Of Twilight, Martin Solveig",Believe (Martin Solveig Vocal Dub)
13406,144544,2156625,"Arthur H, -M-",Est-ce que tu aimes ?
13411,130907,1032004732,Contagious Yawns,Golden Hour
13411,144582,2278478787,Odd Nosdam,Hollow OG 1
13411,144583,10238484,SILENT POETS,Get Ready (Feat. Ursula Rucker)
13411,144584,1084058932,Mick Harris,Caughtup (Hednod Session 2)
13411,144585,10236867,Roots Manuva,Inna
13411,144586,3946506241,Ciccio & 2mo,Spring
13411,144587,1015571102,Tolouse Low Trax,Berrytone Souvenier
13411,144588,10236879,Roots Manuva,Oh Yeah...
13491,49162,10522510,Kode9,9 Samurai
13491,73006,2733523511,Carré,plotting smth
13491,122882,3767119002,Heritage,Caught In A Trance (Original Mix)
13491,145114,2898045861,Ghost Dubs,Dub Simulation
13491,145115,2911882321,MA.MOYO,Nightbus
13491,145116,791505022,iSt3p,Steamroller
13491,145117,3074160011,Dawa Hifi,Méchant x2
13491,145118,408130732,Pinch,False Flag (Kryptic Minds Remix)
13491,145119,2625569762,V.I.V.E.K,Voices
13491,145120,2773687441,Teffa,The Force
13491,145121,3250329361,Conrad Pack,Prophecy
13498,6240,3468507731,Sleep D,Gummy Drop
13498,73791,2934160001,Benyayer,Infiltrator
13498,92208,3607576262,Zaltsman,"Here, Everywhere"
13498,141735,3607583052,Zaltsman,The Other Side Is Greener
13498,145147,3533477821,Anderson,Future Code
13498,145148,2764531731,"Divorce From New York, Reykjavik606",I Haven't Recovered From Last Night With You
13498,145149,3514616841,RONA.,Show Me
13498,145150,3990861191,fbi & AOS RECORDS,Replay
13498,145151,4020437181,bushfyre,// delving
13498,145152,3244576821,Cleyra,Betcha Wouldn't Hurt Me
13498,145153,3990861241,"eliahaze, t.playboi & AOS RECORDS",right & left (INSTRUMENTAL)
13498,145154,3533477801,Anderson,Visconti Bounce
13498,145155,4007290621,Amor Satyr,Rain
13498,145156,3244576841,Cleyra,There's Nothing Happening Between Us
13556,45649,68513907,Depeche Mode,It's No Good
13556,145557,2855044042,Kwake,Acid Pathway
13556,145558,2514518311,Tala,Creepy Little Heart (Original Mix)
13556,145559,2632301882,Zheng,Zero Time
13556,145560,2534716311,Niv Ast,One Hundred Cats
13556,145561,3866055901,A_M_B_O_S_S,Love To Watch U
13556,145562,2534688701,Theus Mago,Ella
13556,145563,1223448082,"Silicodisco, Alvaro Cabana",Misty
13556,145564,61685812,rekorder,Rekorder 9.2
13556,145565,560632382,LAPS,Who Me? (D. Tiffany & Roza Terenzi Remix)
13556,145566,2460805805,Makabr,Man's Women In F#
13586,34007,1091098372,Fernanda Abreu,Sla Radical Dance Disco Club
13586,45969,13276258,Tania Maria,Made In New York
13586,66887,4104384,Banda Black Rio,Mr. Funky samba
13586,86409,666928952,Trio Ternura,Filhos De Zambi
13586,106668,2675751792,MC Ailton,Rap Da Massa Funkeira (DJ Marlboro Remix)
13586,117326,125448650,"The Latin Brothers, John Jairo",Dale al Bombo
13586,141393,3659162,Sonny Sharrock,Black Woman
13586,145816,2127760717,"Los Jairas, Los Condores",Estilo Pampeano
13586,145817,2683185642,Sophye Soliveau,Intro
13586,145818,2209240767,Patricia Barber,Black Magic Woman
13586,145819,666936622,Deodato,Skyscrapers
13586,145820,2266713147,Kali,"Upa, Neguinho"
13586,145821,1565753872,Jackson Conti,Brasilian Sugar
13586,145822,108205980,Jovelina Pérola Negra,Maria Tristeza
13586,145823,3367387,Adoniran Barbosa,Samba do Arnesto
13586,145824,71555695,Tim Maia,You Don't Know What I Know
13586,145825,1065668872,"M.C. Batata, DJ Marlboro",Entre Nessa Onda
13586,145826,1065668882,"Ademir Lemos, DJ Marlboro",Rap Do Arrastão
13586,145827,1065668892,"Abdula, DJ Marlboro",Melô Dos Números
13586,145828,86991187,Uña Ramos,La Voz del Viento
13586,145829,1621428392,Sivuca,O Dia Em Que El Rei Voltou A Terra De Santa Cruz
13586,145830,439166392,Nico Gomez and His Afro Percussion Inc.,Pa! Pa! Pa! Pa!
13586,145831,143547380,Young-Holt Unlimited,Hey Pancho
13586,145832,112824606,Américo,Sintado Na Pracinha
13718,103583,3905124,Fat Joe,What's Luv? (feat. Ashanti)
13718,146835,106483922,LL COOL J,Ain't Nobody
13718,146836,128743577,Dr. Dre,The Watcher
13718,146837,1015860,Cypress Hill,I Ain't Goin' Out Like That
13718,146838,70403744,Nirvana,Heart Shaped Box (Original Steve Albini 1993 Mix)
13718,146839,732455,"Brandy, Monica",The Boy Is Mine (Radio Edit with Intro)
13718,146840,3112414,Chingy,Right Thurr
13718,146841,101904987,Korn,Freak On a Leash
13718,146843,1265932472,my bloody valentine,loomer
13718,146844,2125079,Primus,My Name Is Mud
13718,146845,724344062,N.W.A.,Fuck Tha Police (Remastered 2006)
13718,146846,94613610,Limp Bizkit,Nookie
13718,146847,2793746,The Notorious B.I.G.,Gimme the Loot (2005 Remaster)
13754,38358,428591472,DJ Maphorisa & DJ Shimza feat. Moonchild Sanelly,Makhe
13754,46422,3005445881,Theodora,KONGOLESE SOUS BBL
13754,50727,3552456071,"RAPRAVE, Fullbodydurag",BUSS IT
13754,54104,41296451,Twilight 22,Siberian Nights
13754,71499,2489769041,Oscar L,Grooveland (Original Mix)
13754,73225,2754657501,"DJ Roc, Katie Got Bandz",Drop Down Do A Split
13754,87675,3913701551,idontcare,Soca
13754,87877,3618107992,Theodora,MON BÉBÉ (Free kitty version)
13754,88187,3759635722,DJ Slugo,What That Mouth Do
13754,116027,79589632,Lil Mz 313,Booty Bounce
13754,133705,3794517662,"Redpunchdrip, Strosey, Devon George, Xavvoknockin",Why Should I?
13754,147102,3552444371,"Mabrada, sndy, SBP",Mandelão Riddim
13754,147103,2048452177,"DJ Batata, DJ Evolução",Montagem Mini Game
13754,147104,3895186211,VHOOR,Popô
13754,147105,2329015605,Raheem The Dream,I Wanna Love You
13754,147108,2406425485,Doechii,Booty Drop
13754,147110,2455887655,YTP,BIG B00TY
13754,147111,3345359631,djpjmadedistrack,EAT THIS PU**Y
13754,147112,1345507562,Team Bwè Tou Sa,KILOT
13754,147113,1341704262,"Furacão 2000, Os Hawaianos",Sequência do Pente
13769,36747,2229078657,"Talaboman, Axel Boman, John Talabot",Flash Forward
13769,95822,4080305641,Fields Of Mist,The Surface Of Moss Prime
13769,120956,2703934792,Dettinger,Oasis 3
13769,147252,3277772441,Jason Kolàr,Clairvoyance
13769,147253,3127142241,James Krivchenia,The Wounded Place
13769,147254,714717892,Barker,Posmean
13769,147255,3917247371,Third Person,Person Five
13769,147256,4080305671,Fields Of Mist,The Lazurite Closer
13769,147257,1496976532,I Jahbar,Dirtyvaccine
13769,147258,1286427662,Georgia,Deployable Mental (Clitic Version)
13772,45001,3125177811,DJ Rashad,Leavin (feat. DJ Manny)
13772,131664,3776710952,Bill Orcutt,Unexpectedly heavy
13772,147283,1737042787,"Qasim Naqvi, Wadada Leo Smith, Andrew Cyrille",Palaver
13772,147285,1597805362,Lia Kohl,Second Picture of the Same Weather Pattern
13772,147287,3177906541,Moondog,Suite 2 - First Movement/Second Movement/Third Movement
13772,147288,820365102,Nat Baldwin,tripticks
13772,147290,1831429037,Cyrus Pireh,Sending Positive Vibes
13772,147291,3941263561,Bergsonist,Amour Interdit
13772,147292,487755242,Tshetsha Boys,Uya Kwihi Ka Rose
13772,147293,1457308312,Lester Bowie,Spacehead
13772,147295,3177906501,Moondog,Tree Frog - Be A Hobo
13772,147296,1737042747,"Qasim Naqvi, Wadada Leo Smith, Andrew Cyrille",Spiritual is 150
13772,147297,3126544621,DJ Rashad,Show U How (feat. DJ Spinn)
13795,36831,3941263511,Bergsonist,Breakthrough
13795,89008,1920751327,Theus Mago & Curses,Antidoto
13795,95263,2171912797,Nabihah Iqbal,Gentle Heart
13795,108098,2823715752,Balladium,Andrómeda (Remastered 2024)
13795,147475,16244546,Martial Canterel And Tobias Bernstrup,Shadow Rider (Original Mix)
13795,147478,2370964685,Syd dePalma,"Cuerpo, Sombra y Espalda"
13795,147479,137961711,Legowelt,Bayville Cove
13795,147480,3272088421,Kauan Marco,Equinócio
13795,147481,3780687272,Rennie Foster,The Hood
13795,147482,700172382,Marco Bernardi,Emotionle Part I
13795,147484,2888466342,Ponkan,Verano Fatale
13795,147486,17264627,Victrola,The Mutant Glow
13795,147487,2753055421,"Lauren Flax, DJ Slugo",Get Up
13795,147488,1438917102,Black Marble,Say It First
13795,147489,16244545,Martial Canterel And Tobias Bernstrup,Strange Land (Original Mix)
14116,52888,432951192,The Flying Burrito Brothers,Sin City
14116,76173,514437462,The Band,The Weight
14116,152936,7172209,Randy Travis,"Forever and Ever, Amen"
14116,160718,3529824551,Patsi Cline,Crazy
14116,160719,588292702,Reba McEntire,How Blue
14116,160720,3185430891,Lee Hazlewood,Pray Them Bars Away
14116,160721,2180162057,Charley Pride,Kiss An Angel Good Morning (Re-Recorded)
14116,160722,3102672,Bobbie Gentry,Ode To Billie Joe
14116,160723,133334366,"Hank Williams, Jr.",A Country Boy Can Survive
14116,160724,3603984,Neil Young with The Stray Gators,Heart of Gold
14116,160725,1054253552,Townes Van Zandt,Pancho & Lefty
14116,160726,586956,Gene Autry,That Silver-Haired Daddy of Mine (Album Version)
14116,160728,485920772,Gillian Welch,Everything Is Free
14116,160729,1576206,Lucinda Williams,Can't Let Go
14116,160730,90172609,Hank Williams,Your Cheatin' Heart
14116,160732,3586842,Buffalo Springfield,For What It's Worth
14116,160733,75778755,Junior Brown,My Wife Thinks You're Dead
14116,160735,1140890412,Bobbie Gentry,Fancy
14116,160736,762021,Stephen Stills,Love the One You're With (Single)
14116,160738,696950672,Glen Campbell,Rhinestone Cowboy (Remastered)
14116,160739,1121654312,Grateful Dead,Truckin' (2020 Remaster)
14116,160740,531935,Kris Kristofferson,Me and Bobby McGee
14116,160741,549264382,Kitty Wells,It Wasn't God Who Made Honky Tonk Angels (1952 Single Version)
14116,160742,1047397862,Orville Peck,"Drive Me, Crazy"
14116,160743,780601712,Patsy Cline,Faded Love
14116,160744,11637794,Wayne Hancock,Thunderstorms and Neon Signs
14116,160745,366903031,Tyler Childers,Universal Sound
14116,160746,949405,Cat Power,Ramblin' (Wo)man
14116,160747,623891,George Jones,He Stopped Loving Her Today
14116,160748,3108438,Kenny Rogers,The Gambler
14116,160749,674538,Dwight Yoakam,"Guitars, Cadillacs (2006 Remaster)"
14116,160751,3401590,Bobbie Gentry,If You Gotta Make A Fool Of Somebody
14116,160752,3982486,Tennessee Ernie Ford,Sixteen Tons
14116,160753,1384398742,Ray Charles,That Lucky Old Sun
14116,160754,3020136781,Old Crow Medicine Show,Wagon Wheel
14116,160755,3020184191,"Old Crow Medicine Show, David Rawlings",Wagon Wheel (Live)
14116,160756,3846905951,Roger Miller,King of the Road (Re-recorded)
14116,160757,75766970,Lyle Lovett,If I Had A Boat
14116,160758,4097090331,Poco,Crazy Love (Single Version)
14161,20083,1003360102,"J.M. Silk, Steve Silk Hurley, Keith Nunnally",Music Is The Key (Steve Silk Hurley House Key)
14161,20238,3703718442,First Choice,Let No Man Put Asunder
14161,95083,3198357,Fonda Rae,Over Like A Fat Rat (Edit)
14161,160350,1672238567,Ryan Sadorus,Expansive (Brian Kage Remix)
14161,160369,3228928771,Sophie Lloyd,Calling Out (Floorplan Extended Revival Mix)
14161,160370,1151947122,Amp Fiddler,So Sweet (Louie Vega Remix)
14161,160371,2817159162,Alton Miller,Love Don't Pass Me By (Instrumental)
14161,160372,1360222592,Stevie Wonder,Living For The City (Edit Version)
14161,160373,3783321542,First Choice,Let No Man Put Asunder (Tommy Musto Club Remix)
14280,1,3864635061,Franky Rizardo,Shinjuku
14280,5076,3857130031,Bushbaby,Picking Up The Pace
14280,5800,3864481301,Alok,Dive Into Me
14280,6559,3895058401,Ethan Walsh,Too In Love With You
14280,6818,3852530981,Rooléh,For You (Assiove)
14280,24066,3854623131,Nick Curly,Underground (Danny P & Caleb Laurenson Extended Remix)
14280,40803,3871044881,Ewan McVicar,Share The House - bullet tooth Remix (Extended)
14280,52490,3889251631,IDEMI,Teach You Desire
14280,60372,3895233011,Josh Baker,Down To The Bone
14280,67655,3895323481,Henry Fong,Feel My NRG
14280,85605,3806836812,RUZE,Another Night (Extended Mix)
14280,109641,3884754711,John Summit,SATA
14280,119576,3881450131,Armand Van Helden,This Ain't Love (Extended Mix)
14280,123842,3857768921,Kyle Watson,Dark Side (Extended Mix)
14280,125316,3872302241,Aluna,Houseboy
14280,149236,3911645941,Dillon Nathaniel,demonstrate
14280,151936,3897626871,Sonny Fodera,My Loving (Morgan Seatree Remix)
14280,152087,3869631161,TeeDee,Just A Dance
14316,13649,3834929041,Traumer,Do Not Resist
14316,38843,3090386771,Makèz,Day Starter
14316,68618,3023861441,Paul Cut,Can't Get Enough
14316,124215,3823750791,Watchers (UK),Saharan Shaman
14316,127254,3155915051,Tracer,Love Fantasy (Vocal)
14316,151178,3268387071,Vitess,You Got Work
14316,151179,3629218222,FM From B,Bang Bang
14316,151181,3866611121,LIGHTLEAK,Boundary
14323,151210,3282766851,Ingus Baušķenieks,Kur Tu Esi?
14323,151211,1938461627,"Santaka, Manfredas, Marijus Aleksa",No Rivers Here
14323,151212,629566132,grad_u,Lost Soul (Original Mix)
14323,151213,1230314302,"Auren, Jaroška",Tauro Kalnas
14323,151214,2763498011,EGOMAŠINA,Man Atrodo Laikas
14323,151216,813456622,Jaroška,One Two (Original Mix)
14323,151217,629566272,grad_u,Ultraviolet Radiation (Original Mix)
14323,151218,309277791,Ministry of Echology,Meditation (Giriu Dvasios Version)
14330,121795,1245313752,The Pilotwings,Congo libre
14330,151284,2182740507,D. Tiffany,Something About You
14330,151286,1622948192,Flora FM,Hallucinogenic Worm (Wave Mix)
14330,151287,2445513965,Seka,Hanging Gardens
14330,151288,1330390982,E-Unity,Unknown Graffito
14330,151289,1089601902,Unknown Mobile,Heavenly Depression
14330,151290,1031494172,"Object Blue, TSVI",Turing Machine
14330,151291,920598282,Cocktail Party Effect,For the Memory Exchange
14343,6115,3465247881,Bushbaby,Pumpin Jumpin
14343,15883,3366864931,DREYA V,Up Front (Extended Mix)
14343,25585,3350134051,Samantha Loveridge,Backtrack Blow Up (Max Styler Remix)
14343,42051,2098996847,SIDEPIECE,Sextacy (Extended Mix)
14343,50288,3481486451,"SIDEPIECE, Bobby Shmurda",Cash Out (Odd Mob Remix)
14343,66133,3441911931,NO STATIC,Sticky
14343,109677,15543665,September,Cry For You (Radio Edit)
14343,124505,3452350241,San Pacho,Ride The Train
14343,129516,3156117181,Endor,Pump It Up (Extended Mix)
14343,151384,3382622031,DJ S.K.T,Deeper (Extended Mix)
14343,151385,2664742242,Castion,Feel It Ya
14343,151386,3509362401,Empire Of The Sun,Walking On A Dream (Marlon Hoffstadt Remix)
14343,151388,2874734812,Diplo,On My Mind (SIDEPIECE VIP)
14343,151390,3288562981,Roddy Lima,Be A Freak
14343,151391,3249463551,"Matroda, Ciszak, Lovlee",License To Be Bad (feat. Lovlee)
14343,151393,3156119241,John Summit,Deep End (SIDEPIECE Remix)
14343,151394,3156116671,John Summit,Deep End (SIDEPIECE Extended Remix)
14640,6367,59903771,Betty Wright,Slip And Do It [Original Mix]
14640,66968,1985633047,Joe Bataan,Call My Name (Instrumental)
14640,154612,3041080531,The Groovers,Where You Belong
14640,154613,136370576,O.V. Wright,Let's Straighten It Out
14640,154614,67578111,Quadron,LFT
14640,154615,108839252,Nautilis,Nautilus
14640,154616,7373357,Diana Ross,"It's My House (12"" Remix)"
14640,154617,70553674,Nightmares On Wax,Now is The Time
14640,154620,78576322,Ray Parker Jr.,Just Havin' Fun
14640,154621,3602022132,Typesun,Last Home (DJ Nature Remix)
14640,154623,451953222,Alma Negra,Berimbau
14640,154624,70553677,Nightmares On Wax,Tapestry
14640,154625,3685923212,Titeknots,Wordy
14640,154627,492693772,"Speaknspell, Lockomotiv",Straight It Out (Original Mix)
14642,41387,1787681327,Monie Love,Grandpa's Party (Love II Love Remix)
14642,44816,3866342791,Rendher,Calorrrr
14642,58776,3903315151,LondonGround,Power8
14642,89473,3835090501,FIRZA,Party On
14642,97337,140432813,Loco Dice,Pimp Jackson Is Talking Now!!! (Original Mix)
14642,98304,3044781831,Mihai Popoviciu,Routine Check
14642,154644,3585223461,"Burnski, Kepler.",Can't Move
14642,154645,92526212,"Luca Agnelli, Marco Faraone",Tuscany (Lauhaus Remix)
14642,154646,821393522,Tommy Vercetti,Don't Fear Change (Rossi. Remix)
14642,154647,84338727,Gianni Firmaio,Moody Stab (Vincenzo D'Amico Remix)
14642,154648,2206223097,Nina Kraviz,Ghetto Kraviz (Regal 303 Dub)
14642,154651,1816784527,Josh Butler,Future Fortune (Extended Mix)
14642,154652,878827922,Ilario Alicante,"Vacaciones En Chile - 2000 and One, Lauhaus, Kabale Und Liebe Remix"
14642,154653,3897562051,Ghezz,Gangsta SH!T
14642,154654,3807968952,Craftsmanship,Let Her Go
14642,154655,2927271271,"Tedd Patterson, The Illustrious Blacks",Let the Music Set You Free
14642,154656,2199583217,Jackie Misfit,Kundi La Mapendo (Nima Gorji Remix)
14642,154657,3161282931,BeYou (ES),Cotton Club
14642,154658,3336710001,Daniel Cuda,Dip
14642,154659,3774552542,Gianni Bertoli,Call me Hard (Original Mix)
14642,154660,1799065447,Ignacio Morales,With Age Comes Wisdom
14642,154661,3849086181,Delistic,The Funk Bassline (Radio Edit)
14642,154662,3840756271,Triptah,Time Attack
14642,154663,3869610851,Mustafa Ismaeel,From Afar
14642,154664,2812710242,Airrica,Cherries
14642,154665,3877234581,Manuel Zach,Pew Pew Pew (Extended Mix)
14642,154666,3821006741,Sandrop,Say It
14892,56897,2222862427,Kabza De Small,Sponono
14892,100801,2987974621,Sammy Obot,Edue Ukot Akpa Itong
14892,155946,572323632,Kanda Bongo Man,Muchana
14892,156799,6802873,Brenda Fassie,Vuli Ndlela
14892,156800,2339872875,King Promise,Terminator
14892,156801,2324457245,Asake,Basquiat
14892,156802,1841735037,Asake,Joha
14892,156803,1806409707,Crayon,Ijo (Laba Laba)
14892,156804,1904738657,Young Jonn,Xtra Cool
14892,156805,1948689127,Young Jonn,If You Leave
14892,156807,2346189725,"SPINALL, Wizkid",LOJU
14892,156808,2067075677,SPINALL,Bunda
14892,156809,3240176851,Kristoff MX,African Lambs (Radio Edit)
14892,156810,3125132031,Modesti,Africa Funk
14892,156812,369421051,Lasso Doumbouya,Pas à pas
14895,67824,1801399977,Hartmann,Remedy
14895,127353,134276758,RAJA,Drum Sequence
14895,156840,1754053497,Kalabrese & KAYYAK,Make No Time
14895,156841,374216371,Quim Manuel O Espirito Santo,Senhor Doutor (Adam Port Edit)
14895,156842,1398239092,Isidore Tamwo,Emancipée Mariama
14895,156843,684499092,Roger Georges,Mama
14895,156844,133895740,Lapiro De Mbanga,Mimba Vi
14895,156845,13247122,El General,Muévelo
14895,156846,1785153547,Dona Onete,No Meio do Pitiú
14895,156847,2918393,Fafá de Belém,Indauê-Tupã
14940,42127,94838124,Alien Rain,Alienated 5B
14940,42363,2180497947,Doka,Figure 8
14940,157214,96651404,Monolake,Icarus
14940,157215,2146998267,Jordan Peak,Cipher
14940,157216,414886782,Eric Fetcher,Replaced
14940,157217,422860522,Oscar Mulero,Gravity (Original mix)
14940,157218,98233700,Yan Cook,Freefall
14940,157220,2106404537,Johannes Heil,Transition Two
14996,118575,1671631842,Patricia Wolf,The Grotto
14996,157713,3764047642,Niyah Miche,Itty Bitty Piggy (Instrumental)
14996,157714,3354177051,The Weeknd,Timeless (Instrumental)
14996,157715,3433902681,Zorrovian,BIG BLUE
14996,157716,3203612021,Zorrovian,Molecule
14996,157717,3259163211,Flow Clark,Spaceship Facelift
14996,157718,1816818277,"Pizza Hotline, Joseph S Joyce",Level Select (Joseph S Joyce Remix)
14996,157719,126772751,Kanye West,Real Friends
15110,130231,3504674441,Carthago,Hanen
15110,156496,82716684,Aby Ngana Diop,Dieuleul-Dieuleul
15110,158652,651080982,Domenico Lanza,Carrittera (Carter's Song) (Sung by Domenico Lanza)
15110,158654,72857578,Anita Lane,Sexual Healing
15110,158655,2365446555,Jaliba Kuyateh & Kumareh Band,Ngembouna
15110,158656,4156640642,Celestine Ukwu,Asili
15110,158657,2875997622,Ebo Taylor,Amponsa
15110,158658,539037132,Dur-Dur Band,Aduun Hawli Kama Dhamaato
15177,50837,3665375922,trickpony,Angel
15177,159229,1833423147,Xades,Me Duele
15177,159230,1066103672,Lex Amor,100 Angels
15177,159231,1220677902,Lala &ce,Holy (feat. Lancey Foux)
15177,159232,852651392,Le Juiice,Trap Mama
15177,159233,2647032712,DONNA SAVAGE,Rückhand
15177,159234,1106906072,ACE TEE,LOKOMOTIVE
15177,159235,2930031351,£MONZO,Me In The Middle
15177,159236,3296202411,BXKS,FLASHING LIGHTS
15177,159237,2206732997,Lakyshta,Purple Racks
15187,55630,4166512652,Georgia Anne Muldrow,Wu Punk
15187,101093,7410261,Shuggie Otis,Inspiration Information
15187,120028,678693642,Michael White,The Blessing Song
15187,159292,865236442,AceMoMA,Hidden Memory
15187,159293,2661544762,"Durand Jones & The Indications, Aaron Frazer",Is It Any Wonder?
15187,159294,2700756052,Wu-Lu,Young Swimmer
15187,159295,434211452,Miguel,Come Through and Chill
15187,159296,2103366,Raphael Saadiq,Big Easy (Album Version)
15187,159297,130539780,Smoke,Shelda
15224,159598,3562060611,Oneohtrix Point Never,Fear of Symmetry
15224,159600,3173348671,Our Last Hope Lost Hope,Movin' Out
15224,159601,512546852,pg.lost,Still Alright
15224,159602,2339968535,The Color of Cyan,When Autumn
15224,159604,394898422,Visionist,Self-
15224,159605,76313082,Ben Frost,No Sorrowing
15224,159606,10897021,The Evpatoria Report,Dipole Experiment
15224,159607,1752676577,Dark0,Born from Decay
15224,159608,3512439361,Malibu,Watching People Die
15224,159609,3540053931,God Is An Astronaut,"All Is Violent, All Is Bright (2025)"
15224,159611,2385385055,Soars,The Waiting
15224,159612,2660844372,Break My Fucking Sky,One Last Light After Midnight
15409,1239,3129775,Daft Punk,Around the World
15409,16395,3986647391,Haptic,Matrix (Aio & Aender Remix)
15409,35037,3898913901,KASIA,Simulate
15409,35043,3903739641,Alex Stein,Overload
15409,35314,852395512,Hilight Tribe,Free Tibet (Vini Vici Remix)
15409,55289,3979156581,Aio,The Beginning
15409,56093,3869968021,Ryan Hill,Bardo (Aio Remix)
15409,62894,3819632041,Matroda,Body & Soul
15409,68648,3624105792,Tini Gessler,For The Soul
15409,73900,3811977642,Aender,Vessel (Aio Remix)
15409,73904,3760899682,Aio,Robot
15409,73905,3269824691,"Aio, HNGT",Growling
15409,139493,3736460842,Taavi,Excuses
15409,164535,3761386592,Luke Alexander,Black Snake
15409,164536,3780515572,Johan Slova,Chicago (Extended Mix)
15556,137506,3786852312,Anton Kubikov,You Make Me Smile
15556,165730,463228002,Cesare vs Disorder,Dinner with Bogdan
15556,165731,1115817082,Julian,Vowels (Original Mix)
15556,165732,3065047921,"Silat Beksi, Fedo",Rapan
15556,165733,1510818312,Joren Edwards,012.2
15556,165734,3212498471,Barac,Spectral Processor
15556,165736,2682247792,Sojo,Mahada in G Minor
15556,165737,3065047901,"Silat Beksi, Fedo",Mr. President
15556,165738,81327370,"Ben Vedren, Patrice Leiris",Anytime But Later
15556,165740,3184791781,Unisson,Myriad (Vlad Caia Remix)
15556,165741,2337840085,Bruno Pronsato,Extract CDV 4 (Live)
15556,165742,2643827992,Dan Curtin,Flight Lush
15878,76568,2295619395,1tbsp,Sleeves Touch My Elbows (feat. Mora y los Metegoles)
15878,154238,3250248671,Linda Mirada,La Costa (Simple Symmetry Remix)
15878,168256,2761775561,Mueveloreina,NANO
15878,168257,2485794471,"Sen Senra, Mc Dricka",Llorando x 1
15878,168258,1045461952,"Çantamarta, Daniel Haaksman",Lluvia
15878,168259,2887012002,rusowsky,q bonito
15878,168260,3294572911,Bb trickz,Malvada
15878,168261,3491875171,HENESYKIM,Coco Mango Cherry
15878,168262,3427003661,Rojuu,Lucky
15878,168263,3335638141,MissLupe,Divertida
15878,168264,3452861591,PANTERA BLUE,You can't call me bombon
15878,168265,1011115022,Juan Mango,No Estés Bajón
15878,168266,630594672,Cupido,El Tiempo Es Oro
15878,168267,3257260051,"GAZZI, Natural Language",Quiere Vacilar Na Más
15938,138578,2129593897,Kike Pravda,Lost In Darkness
15938,138974,2150584317,CONCEPTUAL (IT),Me Medesimo (Original mix)
15938,152642,2069837987,NWHR,Methamorphism (Original mix)
15938,168844,2159256487,Kalher,Caught
15938,168845,2018913017,Keyp,Heist of Hope (Original Mix)
15938,168846,2111755787,NWHR,El Regreso
15938,168847,2023378457,Lakej,Blind Faith (Escafandro Remix)
15938,168848,2134596527,PWCCA,Base Structure (Original Mix)
15938,168849,1903975007,Ribé,Derramarse (Original Mix)
15982,65181,13267282,Pescado Rabioso,Cantata de Puentes Amarillos
15982,169311,686077142,Willie Colón,Oh Qué Será?
15982,169312,60876997,Rabih Abou-Khalil,Sahara
15982,169313,4674751,Gal Costa,Passarinho
15982,169314,17954258,Lucecita,Yo Era una Flor
15982,169315,7255254,"Rabih Abou-Khalil, Selim Kusur, Glen Velez, Setrak Sarkissian",Nafas
15982,169316,3450532,"Elis Regina, Lô Borges",Vento De Maio / Música Incidental: ''Um Girassol Da Cor Do Seu Cabelo''
15982,169317,15743024,Jaco Pastorius,Opus Pocus (Album Version)
16052,76155,3946257001,Prophetic Justice Ministry,Life's A Party
16052,91192,3854861401,FROID DUB,The Swap
16052,131048,758368572,Charlie Megira,Tomorrow's Gone
16052,134916,3784640392,Sexy Lazer,Mango (No Salsa)
16052,161679,3855984241,Lay Llamas,Island
16052,161680,487342512,Little Annie & The Legally Jammin',Bleach
16052,161682,3918579901,Geins't Naït,Behind The Door
16052,161683,3784170062,A Place To Bury Strangers,Where Are We Now
16052,161684,2069662807,Shifted Phases,Lonely Journey Of The Comet Bopp
16052,161685,3099612411,Fred und Luna,Der Allgemeine Tenor
16052,161686,373945511,Psychic TV,Alice
16052,161687,355427031,Stereolab,Les Bon Bons Des Raisons
16146,55395,2833595072,Ben Böhmer,Martin
16146,162278,3623422302,GÆO,Vessel (Datskie Remix)
16146,162279,3186712431,Jordin Post,Everwonder (Extended Mix)
16146,162280,2631053082,Tagavaka,Sanctuary (Mixed)
16146,162281,3568150331,"Jordin Post, Moon Kyoo",Esencia (Extended Mix)
16146,162282,3807968792,Max Blücher,Abendrot (Extended Mix)
16146,162284,2189759707,Spark030,Falling (Extended Mix)
16146,162285,3420122401,Phonic Youth,Luma (Extended Mix)
16496,56626,614063252,Patrice Scott,Moments & Concepts
16496,84524,4113042601,Actress,Overchord
16496,122270,4092162881,Tierra Whack,WIGGIDY WHACK
16496,133351,14393375,Chocolate Milk,America
16496,146937,4131121901,Alex Nut,Duck Duck
16496,170049,566185482,IWABO,Reggae Down
16496,170050,3750644602,Dennis Bovell,Dub Feel Away
16496,170051,643400982,"Calabash, Fourth Generation Band",Zion Land
16496,170052,2133889967,4hero,Loveless
16496,170053,1442193022,"Jeff Phelps, Antoinette",Don't Fall Apart On Me
16496,170054,4015994811,Nappy Nina,Kiss It Twice (feat. Quelle Chris)
16496,170055,3514212331,Phil Upchurch,Don't I Know You?
16496,170056,3987299451,Estray & Federsen,DUBALEARIC
16496,170057,2480617201,Miller : Scott Project,It's Going To Be Alright (Chez N Trent Extended Mix 1)
16496,170058,3155199781,Memphis,Deep Core
16496,170059,4050713821,Willem Mulder,Serendipity
16506,50861,3129790,Massive Attack,Better Things
16506,66694,12266084,JMJ & Flytronix,In Too Deep
16506,105067,144481494,Smith & Mighty,Same
16506,170145,3808808922,Mono,The Blind Man
16506,170146,3808620082,Morcheeba,Enjoy the Ride (feat. Judie Tzuke)
16506,170147,29374221,Nightmares On Wax,Les Nuits
16506,170148,29373531,Plaid,Lilith
16506,170150,4080774531,Quantic,Snakes in the Grass
16512,49464,3558269701,Frankey and Sandrino,Please (Echonomist Remix)
16512,121276,1942778047,Forty Cats,A Barrel of Tar (Rodrigo Lapena & Mayro Remix)
16512,166694,1680038597,Eli Nissan,Snow Tiger
16512,170175,2199687877,Serge Devant,It's Like That (Sebastien Leger Remix)
16512,170176,1044861672,DP-6,Morning
16512,170177,1384430162,NIIXII,Nostalgia
16512,170178,2325169555,"Neiro, Neiro, Foletto, Foletto",Soleil Rouge
16512,170179,1785100537,Florian Gasperini,Follow Your Dream
16512,170180,1649427992,Pandhora,Take Me Higher (Hrag Mikkel Remix)
16512,170181,2591351262,"Hraach, Armen Miran",Reconnect
16802,44761,3549454261,Easttown,Unique
16802,45764,3854568371,Skee Mask,The Usual Suspects
16802,54625,2696294422,Saoirse,Mangomouse
16802,143110,1007343522,SRVD,In the Dark
16802,149116,3241836801,Ploy,When In Room
16802,172450,3079539991,CRYME,HOLD ON
16802,172451,137959777,KiNK,Valentine's Groove
16802,172452,3231088141,Mark Broom,Wasp
16802,172453,1267181072,Ejeca,Headfirst (Original Mix)
16807,68283,5076778,Lenny Dee,The Dreamer
16807,102601,3152854071,Bernard Parmegiani,"De Natura Sonorum, Première série"
16807,121336,486288102,Rhythm & Sound,Roll Off / B
16807,172476,78505249,Phurpa,The Charge To Action
16807,172477,554093632,Cirkle,Epilogue
16807,172478,6333476,Biosphere,Phantasm
16807,172479,426021472,Visible Cloaks,Lex
16807,172480,663261082,Logos,Chaos Engine (Shapednoise Shatter Remix)
16807,172481,894165722,Rashad Becker,Dances I
16807,172482,2231331647,Mumdance,Path Of The Seer
16807,172483,3057372071,Bellows,Untitled #4
16807,172485,2206484787,DJ Hype,Shot In The Dark (Flex Remix (Head Rush Mix))
16807,172487,9865379,Radioactive Man,Goodnight Morton
16807,172488,388333801,Rafael Anton Irisarri,Indefinite Fields
16903,56677,3840328701,Roman Adam,Lift the Wire
16903,69138,3540290731,DIEGO SAN DIEGO & Alec Monopoly,Tequila (Extended Mix)
16903,139493,3736460842,Taavi,Excuses
16903,174403,3250883761,Symphonix,Mess in the Head
16903,174404,3890802671,Sanderjammes,Neuro Frequency
16903,174406,3821458951,Inline,Endless (Lewis. Remix)
16903,174408,3670611382,Vasco UG,Distance
16903,174409,3645553622,Sabura,Utopia
16903,174410,3415823671,Discretion,Blip
16903,174411,3869380501,SAABA,Da Fonks
16907,35776,3847819261,glob deejay,clowns
16907,51354,3958944801,Andy Martin,Pleiadian Sound Clash
16907,60199,1883542697,Sleep D,Post Pump
16907,60509,3950950271,Architectural,White Space
16907,63282,45031591,Cari Lekebusch,Live And Direct (C Side Mix)
16907,69735,538161752,Sthlm Soundmachine,Beautiful People
16907,72370,2063263697,Mark A. Brook,Last Inspiration
16907,85151,3910281891,Addy Weitzman,Stranger To Your Kind (ddwy Remix)
16907,126570,1050412592,Heiko Laux,"Earthbouncing, Pt. 2"
16907,174452,3917368821,Dean Grenier,48 Amends (Sky Mix)
16907,174453,2512437831,Klon Dump,Klon Mundo - Klon Domo
16907,174454,3136612471,Rubinskee,Universal Rhythm
16907,174455,1657420822,TOKE,Naa...
16907,174456,1509386142,Paul Mix,New Millennium (Tommy Musto & Damon Wild Dub Mix)
16907,174457,3155893231,Heller & Farley,The Rising Sun (Bedrock Remix)
16907,174458,682423802,Quazar,Breakaway (Deep Trance)
16916,49006,1755874917,40 Thieves,Don't Turn It Off (feat. Qzen) [Greg Wilson Edit] (Greg Wilson Edit)
16916,110887,3157158511,Seamus Haji,Boogie 2nite (Extended Mix)
16916,115310,3703007502,Groove P,Hold On Honey (feat. Adeva) [Extended Mix] (Extended Mix)
16916,174520,409296002,Yuksek,Corcovado (feat. Fatnotronic)
16916,174521,512690152,Peter Brown,Say It Again
16916,174523,2254759947,Punky Wash,Milk Shakers (Hotmood Remix)
16916,174525,2865642002,"Henry Hacking, Roel, Ron Carroll",This Is House
16916,174526,2938967491,David Bay,heatwave (Club Edit)
16916,174528,3115258211,Purple Disco Machine,W.T.P (Club Dub)
16916,174529,3000814991,Seamus Haji,Disco Dreams (Hatiras Extended Remix)
16916,174530,2627962132,Vaudafunk,Luv U Bae
16916,174531,2208625797,Roy Rosenfeld,Lift of Love
16920,4619,2551992552,Hojo,16 O's (Instrumental)
16920,72672,2284956227,Neida,Dirty
16920,78376,2434062985,"Justin Jay, Witness Protection",Go Up
16920,112222,2745493551,Longeez,Rinsey
16920,160819,2534728391,Doctor Jeep,Largatixa
16920,174560,4003640891,"My Nu Leng, Club Glow",Who Are You
16920,174561,3510180031,Drumskull,Switch Up The Flow
16920,174563,1627134682,Jason Code,WACK!
16920,174564,2553393292,Origin8a & Propa,Falling Down
16932,44584,3574725841,Paleman,I'll Be
16932,91402,2122648387,"Danny Goliger, Choopsie",AF Rex
16932,94174,3811039722,Neida,Wetlands
16932,164048,3037647681,"Mor Elian, Rhyw",Cowlick
16932,174667,2752947711,Nouveau Monica,See The Light (369 Mix)
16932,174668,3519432431,Sobolik,Heavy Eyes
16932,174669,3897077141,Kassian,Grain
16932,174670,3117993411,Sansouni,Wa Al-Uyoon
16982,96121,513566792,Gnork,Yoga on E
16982,175024,1760626227,Jazzbois,Bois
16982,175025,911741842,Imre Kiss,Soft Obsession
16982,175026,10944304,Soutien Gorge,Vízállásjelentés
16982,175027,98334120,Dokkerman & the Turkeying Fellaz,"Vigyàzz, Kész, Öt"
16982,175028,2199447597,Fodor Dávid,Augusztus (Szeptember)
16982,175029,65288627,The Qualitons,Ejjel a Sotetben (Vocal)
16982,175030,2193326997,"Erik Sumo, The Fox-Fairies",Doki Doki (Thump Thump)
17071,6731,10852743,Galaxy 2 Galaxy,Transition
17071,34944,848765,The Isley Brothers,Work To Do
17071,43441,716244682,Angela,I Gotta Little Love
17071,44176,4466223,Oh Well,Oh Well (Uk Big Beat Mix)
17071,44531,661515342,The Chemical Brothers,Got To Keep On
17071,46714,2140822137,Phil Kieran,Snake's Crawl (PK Joyless Mix)
17071,48445,429983892,The Leather Nun,F.F.A
17071,49999,3706340582,Roland Clark,Speak to Me (Frankie Valentine Mix)
17071,50984,3850008,Nathan Fake,The Sky Was Pink (Holden Remix)
17071,52055,1490031812,Sugababes,Overload (Remastered)
17071,79890,2339786715,Sextile,Contortion
17071,83431,135541874,Marcello Giordani,Oh! Superman (Disco Spacer Mix)
17071,89051,1762481097,LaTour,People Are Still Having Sex
17071,92475,1334263422,Motor City Drum Ensemble & Danilo Plessow,Raw Cuts #6
17071,101014,65650820,Lord Of The Isles,Geek Chic (Kuniyuki's Journey Remix)
17071,102943,137959913,Gerd,Palm Leaves (Deetron Remix)
17071,104079,3808808372,Moloko,Sing It Back (Herbert's Tasteful Dub)
17071,107818,930614842,MUTSUMI,Paris Hilton
17071,115329,2300993165,Dennis Parker,Like An Eagle
17071,118364,99568110,Roni Griffith,Spys
17071,128453,79791176,Divine,Native Love (Step By Step)
17071,145476,3209917961,Ian Dury,Sex & Drugs & Rock & Roll
17071,148454,3594510202,Recloose,Dust (Extended Mix)
17071,154867,581164962,Lindstrøm,I Feel Space
17071,173645,79788688,Donnacha Costello,Dry Retch
17071,173646,582448892,Lindstrøm,Gentle as a Giant
17071,173647,878303802,Chromatics,In The City
17071,173648,110685140,"Sonns, Toby Ernest",On My Mind (Geoffroy Mugwump & Dc Salas Carrera Re-Tweak)
17071,173649,2655012352,The Rapture,Sister Saviour (Black Strobe Remix)
17071,173650,1224507212,Mad Rey,Hard ferailleurs
17071,173651,654995182,Bobby O,How to Pick Up Girls
17071,173652,3355805821,Rex The Dog,Prototype (Edit)
17071,173655,139876085,Nine Inch Nails,The Hand That Feeds (DFA Mix)
17071,173656,9847251,Frankie Valentine,Paradise Regained (Slam Mode Mix)
17071,173657,1672967057,Pastaboys,Body Resonance (Marvin & Guy Mix)
17071,173658,2802849,The Prodigy,Girls
17071,173659,62169940,Stephan Bodzin vs. Marc Romboy,Phobos
17071,173660,1923914827,"DJ Pierre, Phuture",Acid Track (KiNK Remix)
17071,173661,682655892,Paranoid London,Angel of Hell (Album Edit)
17071,173662,1775817227,DAF,Der Mussolini (Giorgio Moroder & Denis Naidanow)
17071,173663,13280143,Mark Henning,Cosmic Marmalade
17071,173664,2372516415,Panthera Krause,Cellular Automata
17071,173665,3252237,The Chemical Brothers,Star Guitar (Edit)
17071,173666,446327372,Depeche Mode,Behind the Wheel (Remix)
17071,173667,69002291,The Juan Maclean,Happy House
17071,173732,101439744,Prinzhorn Dance School,Reign (Shit Robot Remix)
17071,173733,107352236,Wolfmother,Joker And The Thief (Loving Hands (Tim Goldsworthy) Remix)
17071,173734,68513563,Depeche Mode,Personal Jesus
17071,173736,1904380247,Recloose,Dust (Original Mix)
17071,173737,540139492,Barry White,I'm Gonna Love You Just A Little More Baby
17173,48212,1734032557,"Lonnie Liston Smith, The Cosmic Echoes",Inner Beauty
17173,173723,15476874,The O'Jays,Paradise
17173,173724,79472473,Enchantment,I Believe In You
17173,173725,423516852,Odyssey,Comin' Back for More
17173,173726,1402848312,Billy Paul,"It's Critical (12"" Version)"
17173,173727,78204654,G.Q.,I Love (The Skin You're In)
17173,173728,13621015,Ramsey Lewis,I Love To Please You
17173,173729,3659944,Willie Mitchell,Expressions
17173,173777,79472483,Enchantment,I Can't Be the One
17173,173778,2287741707,Ken@Work,Disco At The Hamptons
17195,61677,1418530092,Prommer and Barck,Lovin' (Andre Lodemann Remix)
17195,91563,408329552,Four Tet,Pinnacles
17195,99132,884736842,Black Moon,WHO GOT DA PROPS
17195,176275,85446908,Akabu,The Phuture Ain't What It Used To Be (Spirit Catcher Remix)
17195,176276,6695693,Shiny Objects,Set It Off (Hot Toddy Remix)
17195,176279,486259552,Exist,1beat 2feet
17195,176280,118279154,Shur-I-Kan,Staying In
17195,176282,22537201,Brenda Boykin,Love Is in Town
17195,176283,705130432,Kleeer,I Love to Dance (Joey Negro Extended Mix)
17203,48541,3939570071,Sparklmami,no te vayas
17203,51837,61381708,Massive Attack,Daydreaming
17203,56184,61381707,Massive Attack,Unfinished Sympathy (2012 Mix/Master)
17203,65392,61381706,Massive Attack,Five Man Army
17203,65659,6713035,"Clint Eastwood, General Saint",Rock With Me
17203,119951,115928056,Moses Boyd,Rye Lane Shuffle
17203,162809,1087079132,Massive Attack,Safe From Harm (Single Version)
17203,171436,3883580401,The Heliocentrics,Where Pathways Meet
17203,176362,3886525331,Ambrose Akinmusire,Soundcheck
17203,176363,3894770571,Mattias De Craene,Makatan
17203,176364,3642870242,Roy Ayers,Pathfinder
17203,176365,3157631,Massive Attack,Safe From Harm (12'' Version)
17203,176366,1794518,Luiz Bonfa,You Are Not To Be
17203,176367,3717749132,Neves E Silva,Das Neves
17203,176368,3703619852,Hadley Caliman,The Latin Thing (Sped Up)
17203,176369,3854536621,Ezra Collective,Chasing the Square
17203,176370,1304018232,Zara McFarlane,Fussin' and Fightin'
17203,176371,499797942,The Comet Is Coming,Space Carnival
17203,176372,3966508251,Courtney Pine,Children Of The Ghetto
17203,176373,3966508261,Courtney Pine,Miss Interpret
17203,176374,3966508591,Courtney Pine,Song For Our Children (1986 Studio Recording)
17203,176376,2438479,Courtney Pine,Don't 'Xplain
17203,176377,4145389972,corto.alto,WHODIS
17203,176378,13008410,Bernard Falaise,Tricheur
17203,176379,3836051541,Angine de Poitrine,Yor Zarad
17214,62281,424607872,Crackazat,Coffee Time (Original Mix)
17214,85624,16161591,Billy Paul,Only the Strong Survive
17214,114342,3257591251,Studio Bros,Malaia (Reprise)
17214,176476,3155439511,Roland Clark,God Is Good (DJ Spen Main Mix)
17214,176477,2882840692,Deep Dish,Dreams (Surfers Extended Remix)
17214,176479,1151081852,Tantra,Su-Ke-Leu
17214,176481,129887844,Christos Fourkis,Beats & Djembe (Original Mix)
17214,176482,1010458952,Thommy Davis,Try Jah Love (DJ Spen & Thommy Davis Original Mix)
17214,176483,110982156,Louie Vega Featuring Monique Bingham,Elevator (Going Up) (Louie Vega Dance Ritual Remix)
17398,4486,3631059882,Tiga,You Gonna Want Me (I Know) (Extended Mix)
17398,71002,3430916331,Vintage Culture,Do You
17398,126009,1596820052,Marco Bailey,Unconstrained Move (Original Mix)
17398,142858,3485064671,Marco Faraone,Killa
17398,164957,3588290881,"Markantonio, Frenzy",They Don't Know
17398,177914,604797752,Allen Watts,Paradox (Extended Mix)
17398,177915,3458113481,Dima Bo,Sita Ram
17398,177916,18231512,Simone,Pra Não Dizer Que Não Falei Das Flores (Caminhando) (Ao Vivo)
17398,177917,3643616492,Toni Alvarez,Cafe Y Ron
17398,177918,2351957805,Weska,Halcyon
17398,177919,3325377191,Jon Rundell,Voyager
17398,177921,3200986821,Patrick Arbez,Der rote Rabauke (2024 Rework)
17398,177922,1850796907,Gregor Tresher,Goliath
17398,177924,3499055571,Bart Skils,Can't Hear You
17398,177926,3573247841,Felix Kröcher,Pesadao
17398,177927,2378014555,Sunbeam,Outside World (Bart Skils & Weska Extended Remix)
17398,177929,1668357062,Carbon,Ridiculous
17398,177930,2255187357,HI-LO,Hypnos
17434,239,3911989291,Marlon Hoffstadt,Breathe
17434,642,3892792631,Prospa,Free Your Mind
17434,643,1526319022,Milky,Just The Way You Are
17434,650,3864226981,Dom Dolla,Addicted To Bass (Dom Dolla Relapse)
17434,661,3905167791,Basement Jaxx,Where's Your Head At (Steve Angello Remix)
17434,676,3857768351,Gorgon City,Second Nature
17434,5038,3877265471,Chris Stussy,Wide Awake
17434,5128,3862239591,Zero,Big Mad Banger
17434,5880,3915765811,Riordan,Strong Rhyme
17434,6559,3895058401,Ethan Walsh,Too In Love With You
17434,42862,3893136671,LP Giobbi,Spirit Higher (Extended)
17434,50287,3944844411,Anyma,Bad Angel
17434,58279,3848219371,Tre Reynolds,Don’t Go (Don’t Leave)
17434,74052,3886300421,Dimension,Once In A Lifetime
17434,74057,3883608881,Oden & Fatzo,My Temptations (Extended Mix)
17434,111142,4094684651,oskar med k,Sweet Nothings
17434,141715,3895920301,Vinter,This Is Not The James Brown
17434,152024,3890823881,Wuki,Daydreams
17434,178181,3883842541,"Amine Edge, Daecolm",Lost (Original Mix)
17434,178182,3864660271,Wankelmut,Give It To Me (feat. Emma Wells)
17434,178183,3931003391,BUNT.,i need u
17434,178184,3884298501,ZHU,LEVELZZZ
17621,71149,768708102,Biome,Mystery (Original Mix)
17621,138791,2830759502,Tensal,Ethos
17621,179387,2626069132,PTTRNRCRRNT,Integer
17621,179388,2360662425,Mathys Lenne,Blue Velvet
17621,179389,1747508557,dc11,Deep
17621,179390,3713191742,Vardae,Layer 3
17621,179391,2746668271,B. Riley,Accents
17621,179392,394843042,Peter Van Hoesen,Decoder
17621,179393,3713191722,Vardae,Layer 1
17621,179394,2802004682,Voorman,Narrative Arc
17621,179395,2774634311,YearsAstray,Cannot Recover
17621,179396,2785663982,Mathys Lenne,Tesseract
17621,179397,2559848202,Metapattern,Blinded By Safety
17621,179398,2628261512,The Opponent,Teach Them Young (Lazly Bateman Remix)
17621,179399,1163405762,Peter Van Hoesen,10000 Nodes
17621,179400,2558274142,SHXCXCHCXSH,Monolithic Conclusion
17661,32807,504586842,Robert Fleck,Soft Focus
17661,60155,3294379651,Synkro,Unite
17661,72334,980899342,Midnight Tenderness,Crosswinds
17661,78065,2488547571,Jay Glass Dubs,You Would Love Me Now
17661,106856,486279392,"Round Five, Paul St. Hilaire",Na Fe Throw It
17661,113726,4021077511,downstairs J,Viewing Space
17661,122856,477489562,J Kenzo,Conqueror (DJ Heny.G Soul Remix)
17661,179740,3865930711,Crown and Country,NGATILYKA (AUSTRALIA)
17661,179741,3865930721,Crown and Country,YUUWU (WELCOME)
17661,179742,406827662,Guerilla Toss,Can I Get the Real Dub?
17661,179743,2931076131,Beat Pharmacy,Dangling Man
17661,179745,1963440357,The Bug,Satan
17661,179746,2965280431,Babe Roots,Sweet Reggae Music
17661,179747,2445692725,Sub Basics,Zombie
17661,179748,2834178792,Headland,Dogtooth
17661,179749,408392112,2562,The Times
17661,179750,3865930741,Crown and Country,WANTARRI (GIFT)
17661,179751,2299070025,Iration Steppas,Fear Not
17661,179752,3611465692,"Lil Jon, Kabir Sehgal",Get Low (Instrumental Remix)
17661,179753,2028242967,Mumdance,Jazz Excursion
17661,179754,907925812,"Nah Eeto, Sumgii",Wanawake (Instrumental)
17661,179755,481517122,Ishan Sound,C5
17661,179756,408369362,Cluekid,Dolphin
17661,179757,1516824202,Silkie,Feel (feat Truth)
17661,179758,79491002,Cessman,Inner City Vibes
17676,74549,3980483361,John Beltran,Ten Days Of Blue
17676,137279,487819872,Philippe Cam,LFO Drive
17676,147040,3601792212,Isaac Carter,Understand
17676,163812,2111831427,John Tejada,Sweat (On The Walls) [Sebo K Remix]
17676,179880,3635246832,Asphalt DJ,Clear Skies
17676,179881,3580464241,Niko Jay,Ascending
17676,179882,1226118752,Peace Division,Do You See Me? (Original Mix)
17676,179883,3625128962,Flow,Keep Comin' Back
17676,179884,2486081701,"Sven Tasnadi, Dario D'Attis",Where Is the Music (Extended Version)
17676,179885,2442132615,Tons Of Tones,Oh Ah Oh Ah Oh
17676,179886,2122358817,Bobby.,Space Age
17676,179887,2846992632,DimDJ,Helios
17676,179888,2507970,Capricorn,Love In London (Piano Mix)
17818,180840,134277654,"Gaga, Mateo!",Worse
17818,180841,544275522,Gabe,Sour Bubble (Original Mix)
17818,180842,2644868062,"Teenage Mutants, Heerhorst",Kratos
17818,180843,555989002,Monococ,XO One (Original Mix)
17818,180844,475603952,Richard Ulh,Skins (Original Mix)
17818,180845,1386572382,Jay Lumen,Meteo
17818,180846,3343978601,"Spencer Brown, Raito",Star Allies
17818,180847,2079774497,Monococ,Raptor
17818,180848,353212221,Transcode,Supremacy
17843,1204,99615822,Marlon D,Jesus Creates Sound (Main Mix)
17843,113543,3241510241,Brighter Days Family,Breathe
17843,147785,3693825502,Murkage Dave,Swordfight In A Chicken Shop
17843,155899,775897402,DJ Nigga Fox,5 Violinos
17843,159113,1625847962,Plush Managements Inc.,Mr. Mailman (feat. Bea)
17843,180996,1655033072,Bonnie Banane,Muscles
17843,180997,446034942,"Madvillain, Four Tet",Meat Grinder (Four Tet Remix)
17843,180998,1859181467,Kenny Beats,Family Tree
17843,181001,446006942,Gabriel Garzón-Montano & Junglepussy,The Game (Remix)
17843,181002,3708190062,Jeshi,champagne
17843,181004,2370955375,AFRODITA,Modelito
17853,48746,3469629461,"Josephine Moriko, innerinnerlife",Emociones
17853,77488,3134631161,Glint,2 Times Too
17853,96611,3166348921,Clima,Mutant Dub
17853,106506,3360519201,Infant,radial blur
17853,171503,3734417302,Glint,Blue Moon
17853,181060,418387642,Vtgnike,Podgon
17853,181061,3134631151,Glint,Drama
17853,181062,3451012261,990x,ur side
17853,181063,2458457755,Serwed,Grip
17853,181064,2173007647,Flaty,Dolphy
17853,181065,3360519171,Infant,mote
17853,181066,2589376552,Joeyy,Grade 9
17853,181067,3036717181,Zaumne,Angel Security
17953,35756,3826798501,Thievery Corporation,All That We Perceive
17953,38261,3925894311,Kelela,idea 1
17953,46604,3925894391,Kelela,linknb
17953,54387,2978182061,Sneaker Pimps,6 Underground (Nellee Hoopers Edit)
17953,104982,3068542661,james K,Hypersoft Lovejinx Junkdream
17953,190049,3287768701,Neggy Gemmy,Mysterious Girl
17953,194427,1867309857,Nookie,Lost Her (2011 Re-Mastered Mix)
17953,196693,3996332021,After,Promise (When You Go)
17953,196694,4005319151,Natanya,CANDYLAND!
17953,196695,3938589741,Elujay,Flotilla
17953,196696,3687502852,Bonobo,Terrapin
17953,196697,3628307552,Daine,I RUN MY HANDS THRU IT
17953,196698,3465058251,S1RENA,OXYTOC1N
17953,196699,3678356162,Jane Remover,How To Teleport
17953,196700,3358624861,Frost Children,Falling
17953,196702,3996230561,Baby Jane,Midnight Highway (Sped Up)
17953,196703,3432191401,Adam F,F-Jam (Cool Down Mix)
17953,196704,1755696217,40 Winks,We're Flying
17953,196705,2874831202,Vitesse X,Bliss Beat
17953,196706,3433198801,Love Spirals Downwards,Okay
17953,196707,1159614,Beth Gibbons,Sand River
17960,194453,63401366,The Congos,Youth Man
17960,194460,2748569631,Mystical Powa,Flute Reasoning
17960,196628,2073497577,Michael Palmer,Collie Man
17960,196629,4609579,Madoo,Yuh Jamming So aka Jamming So/ Green Bay Killing (Album)
17960,196631,12030474,Mikey Dread,Paradise
17960,196632,11586826,U-Roy + Ernest Wilson,Know Yourself
17960,196633,486385662,Stand High Patrol,Brest Bay
17960,196634,3278284031,Sandeeno,Wicked Run Away
17960,196635,115177072,Junior Reid / Don Carlos,Chanting
17960,196636,3658881,Tony Rebel,You've Been Warned
17960,196637,3285831601,Evermoor Sound,General
17960,196638,3484206931,Dubamine,Cool & Relax ft. Nazamba
17960,196639,2694980582,"O.B.F, Linval Thompson",What a Curfew
17960,196640,781106862,Dub Dynasty,Likkle Zion
17960,196641,857660352,Sandeeno,Roughneck Soldier
17982,47971,3613223422,"K'Alexi Shelby, Carl Craig",Ancestral Rhythm (C2 Edit)
17982,49937,3855313,Silicone Soul,Chic-O-Laa (H-Foundation Remix)
17982,65915,3175111531,Schiela,Kaskade (Abdul Raeva Remix)
17982,79346,3430363331,Julie Desire,Call Me Back
17982,153831,3970342,Slam,Eterna
17982,170250,682423782,Quazar,Breakaway (Above & Below)
17982,181389,3297814891,DARREN EMERSON,My Princess
17982,181390,3295765361,Sam Goku,x-plor01
17982,181391,3917313691,Jen Cardini,petit monstre on acid
17982,181392,3155494181,DJ Gregory,Traffic
17982,181395,3057639411,Aybee,Doors and Elevators Presents (Aybee Visitation Mix)
17982,181397,470159382,Sin Sunday,Amuse Me
17982,181398,62898851,Monty Luke,In Love with a Dancer (H Foundation Remix)
17982,181400,628590562,Vincenzo,The Phantom Image
17982,181401,3704937292,Planet Soul,Set U Free (E.H.R. Mix)
18051,5167,3846687451,Waxx Off,SPICE
18051,35021,3708559672,borne,For A Minute
18051,37331,1925795617,Double 99,Ripgroove (feat. Top Cat) [Rerecorded] (Rerecorded)
18051,37986,74523223,Double 99,Ripgroove (Radio Edit)
18051,182063,3640123782,SVDKO,LIKE THIS (140)
18051,182064,3673422852,Phrva,Mirage
18051,182065,3650728052,Blurrd Vzn,PROFITS [VIP]
18051,182066,3626926762,UrBoiN8,Let Go
18051,182067,3697442522,Casey Club,Sol
18051,182068,3471447491,"Lumasi, Daggz",Levitate
18051,182069,3546860831,Jadon Woods,I Remember
18051,182070,4060847801,Skrillex,Scut 2
18051,182071,695334122,Distinkt,Birdy Dub
18051,182072,3696977412,ISEEU,WANT 2 STEP
18051,182073,3593546052,Red Room,Shot Caller
18051,182074,3697524832,Taiki Nulight,Disguise
18051,182075,3319942371,WINK,weightless
18051,271569,4060847781,Skrillex ISOxo Cristale TeeZandos,Smoke
18060,47325,3490938841,"Paul St. Hilaire, Gavsborg",Confidential
18060,66262,1933494957,Feel Free Hi Fi,Dragon Dance
18060,82626,1858590987,Thomas Leer,Choices
18060,82885,5867759,Grace Jones,Love You to Life (Mala / Digital Mystikz Remix)
18060,173184,127033197,Bandulu,New Foundation (Original Mix)
18060,182136,71274465,Trackheadz,Jah Shall Come
18060,182137,3907050531,Delikwe,Endless Story
18060,182138,3187276641,Dub War,To the Depths
18060,182139,3354861711,Tapan,Samo Prolaznost
18060,182140,3282766861,Ingus Baušķenieks,Roni
18060,182141,3253173091,Raf Reza,Cry Of The Baul
18060,182142,2853376872,"MC Waraba, Rico OBF",C'est toi ça ?
18060,182143,134911168,Guerilla Welfare,Atom Bomb
18105,1094,77872294,Dusky,Careless
18105,49445,3933038811,Ajna (BE),Forest
18105,50147,927824132,Juls,Soweto Blues
18105,76137,2319294,Stevie Wonder,Visions
18105,80668,3573349791,"Peven Everett, Tony Touch",No Wonder (Yoruba Soul Radio Edit)
18105,94158,2020036347,SAULT,Faith
18105,113543,3241510241,Brighter Days Family,Breathe
18105,126233,3288123581,K.P. & Envyi,Swing My Way
18105,147016,3928119231,KINGH,LA PRIMA (B-Side)
18105,179288,639180652,Josh Milan,ATL (Instrumental Dub)
18105,182750,82524080,Ginuwine,I'll Do Anything/I'm Sorry
18105,182751,1708510827,Syd,Control
18105,182752,3179645071,October London,Touch on Me
18105,182753,4105713861,kwn,risk it all
18105,182754,1376542162,Mereba,Aye
18105,182755,3588797671,Norah's World,Drillsoul
18105,182757,4022917801,Drake,Make Them Pay
18105,182758,3861616641,JVKINHO & MOJVKI,Viagem
18105,182759,1334144722,Children of Zeus,Nice & Sweet
18105,182760,3777479832,A$AP Rocky,DON'T BE DUMB / TRIP BABY
18105,182761,97213920,Kelela,Send Me Out (Girl Unit Mix)
18105,182762,4001057881,Knucks,FRIENDS (feat. Tyler Daley) (ChopNotSlop Remix)
18105,182763,3861616651,JVKINHO & MOJVKI,Amigos
18105,182764,3524857581,"Teraphonique, DNZL444, DQ Official, Loony Q",Ulalelani
18105,182765,2712942361,"Marcus Damon, Mr Taffa",Alliance
18105,182766,1528302142,Cooly G,Save Me
18105,182767,412824782,Paleman,Newun
18105,182768,1867226497,"Breach, Midland",Somewhere
18105,182769,3789171982,Tems,What You Need - A COLORS SHOW
18178,5139,3774479822,Soul Mass Transit System,One 2 One
18178,42050,69185353,Chelley,Took The Night
18178,57436,3996611771,Up Norf,Pressure
18178,182625,3842613391,Murder He Wrote,This Fire
18178,183629,3823631771,Esdaile,Flow Fadah
18178,183630,3916828121,DJ Fuckoff,dj fuckoff - imma freak (alex green remix)
18178,183631,2290913915,Chris Stussy,All Night Long
18178,183632,3509941481,frankydrama,Disconnected
18178,183633,122882742,"DJ Snake, 4B",Middle (4B Remix)
18188,37891,110888484,TC,Where's My Money (Album Edit)
18188,42152,3418926251,"Roni Size, Reprazent",Brown Paper Bag (Roni Size Extended Mix)
18188,85074,408264532,Scorpio,Trouble
18188,161879,958588592,SHY FX,"Balaclava (feat. MC Spyda, D Double E & Frisco) (Skeptical Remix)"
18188,182495,3704906812,Moving Fusion,Turbulence
18188,182590,589784362,"Aphrodite, Micky Finn",Bad Ass !
18188,183005,4078205851,Suv,The Melody (Jenks & Dr Meaker Remix)
18188,183145,4021487331,Simula,Hobgoblin
18188,183636,4112022601,Shotty,Bombing
18188,183710,3363711,Bass-O-Matic,Fascinating Rhythm
18188,183711,3717519482,Jinx,Got A Feeling
18188,183712,4110953021,Teej,Anti Roller Roller Club
18188,183714,1470890812,"Bassface Sascha, Dazee",Ruffneck Business
18188,183715,4059003961,Suv,For The Love
18188,183716,4112022471,Acid Purrr,Out Of Line
18188,183717,3717519592,JL-ONE,Serious Trouble
18188,183718,4059003951,Suv,Represent
18188,183719,4057352451,Rowney & Alicia King,Moves
18188,183720,4050049601,Vital & Dungeon Kru,Baseball Bat
18188,183721,4060306351,Sigma,BACK 2 LIFE
18188,183722,4112022581,Order Up,Wild Wild West
18188,183724,408175682,Dillinja,Who You (Oi)
18188,183725,7640586,Twisted Individual,Hand Grenade (Clipz Remix)
18188,183726,408175702,Dillinja,Bell Tune
18188,183727,136911168,Verdikt,Selassie
18188,183728,826058452,Mampi Swift,One Finger
18188,183729,589784372,"Aphrodite, Micky Finn",Drop Top Caddy
18188,183730,75935703,"Substance, Serum, Markee Ledge",Homeboyz (Serum Remix)
18188,183731,3785948262,Sub Focus,Let the Story Begin
18188,183732,23611371,Original Sin,D For Danger
18188,183733,68264138,Filthy Habits,Paper Cut
18188,183734,99569070,DJ Pleasure,Flesh Eaters
18188,183735,140893379,Taxman,Too Bad
18188,183736,62576947,DJ Hazard,Air Guitar
18188,183738,710894132,Taxman,It Comes at Night
18188,183739,819617,UN-CUT,MIDNIGHT (M.I.S.T. V.I.P. REMIX)
18188,183741,23611271,DJ Hazard,Busted
18188,183742,3601301602,Original Sin,Cheater Cheater (2025 Remix)
18188,183743,91018673,"Andy C, Fiora",Heartbeat Loud (Extended Version)
18188,183744,23611661,DJ Hazard,Psychedelic
18188,183745,409345082,Bad Company UK,Hornet
18192,727,1057873,Alison Limerick,Where Love Lives (featured on the John Lewis Christmas Advert 2025)
18192,38050,549279042,Roy Ayers Ubiquity,Everybody Loves The Sunshine
18192,76959,469734382,Xpansions 95,"Move Your Body (12"" Mix)"
18192,80447,3138003,Gwen McCrae,90% of Me Is You
18192,183779,369938151,The 49ers,Shadows (House Mix)
18192,183781,109466436,Freshblood Crew,0272
18192,183783,400823092,Dead Man's Chest,Fresh Nation
18192,183784,3785492432,T-Cuts,Sit Upon The Riddim
18205,34993,518481912,Jorge Ben,"Oba, Lá Vem Ela"
18205,183955,139906119,Cabo Verde Show,Nova Coladeira
18205,183956,117565330,Abel Lima,Aonte
18205,183957,566245432,NST Cophie's,Mioukouna
18205,183958,1386962042,Mahlathini & The Mahotella Queens,Kazet
18205,183959,10406934,Chris Mba,Your Sweet Loving
18205,183960,2474818151,Jewel Ackah,Onipa Dasa Ni
18205,183961,2122337457,Pigbag,Hit the 'O' deck (Instrumental)
18205,183962,486331692,Mark Ernestus’ Ndagga Rhythm Force,Jigeen
18205,183964,77200461,Antonio Adolfo,Viralata
18205,183966,2809123512,Sarah Vaughan,Inner City Blues (Make Me Want To Holler)
18287,56870,3090596631,"Lisha G, Avi Kaior",Trim Twins
18287,185478,2662517052,Amour Neveah,SheMad
18287,185479,3656881972,Baby Osamaa,BEEN POPPIN
18287,185480,3623464922,Mel V,Chum Bucket
18287,185481,3420959331,Cortisa Star,Machinery
18287,185482,2946124811,k3,Lemonade
18287,185483,3581037121,Mel V,I get sad too
18287,185484,2858633682,Skypearleddat,HESH
18287,185485,2485656011,Woo Da Savage,I'm Her
18287,185486,3424467131,Bktherula,DROPWHENIDROP
18287,185487,3439917101,Baby Osamaa,What's The Word
18287,185489,3117140941,VAE VANILLA,Gaslight
18287,185491,3582095881,SALIMATA,9-5
18429,34965,2121861847,ESG,U.F.O
18429,47943,1583180152,Branko Mataja,Sreo Sam Te
18429,84877,3847145611,Finn Streuper,What It's Like to Be a Bat 1
18429,146182,13256550,"Carlos Santana, Alice Coltrane",Illuminations
18429,173610,1063317062,Eddie Suzuki,City Of Refuge
18429,186648,137757209,Kronos Quartet,MISHIMA/Opening
18429,186651,350320951,DJ Fede,Per la mia via (feat. Suarez)
18429,186652,2300833905,The Gaslamp Killer,Nissim
18429,186653,512973712,Hong Chungao Street Band,Luna
18429,186655,1642106202,Khun Narin,Phua Kao
18429,186656,677146482,Les Filles de Illighadad,Achibaba
18429,186658,3504595341,Ahmed Malek,Casbah
18429,186659,1150962012,Hallelujah Chicken Run Band,Kare Nanhasi
18447,96631,977210712,Humbros,Leu-u-lu
18447,128470,1723576507,9ms,Lavo
18447,186771,2187488057,Bana Haffar,Elemental
18447,186772,32610061,Giuseppe Ielasi,8
18447,186773,1580391352,Indopepsychics,5_24
18447,186774,2683649872,"Michael J. Blood, Sockethead",aaa(a)
18447,186775,2301123825,"Material Things featuring Denis Moran, Biscuit",Grenoble
18447,186776,2318516575,Sam Scranton,Tricks In The Air
18447,186777,2695385912,Nicolas Gaunin,(6)
18447,186779,515981442,Thomas Fehlmann,Lüster
18447,186780,1045958382,Peter Power,Peregrine Sun
18547,36423,3842671421,Re:ni,Mae Uprising
18547,43029,3535783021,Freaked,Rhythm By Nature
18547,64332,3847091941,The Carry Nation,The Return
18547,74015,3767815032,Sam Goku,x-plor12 (silver sky)
18547,105814,3945543941,Pacific Coliseum,Don't Forget
18547,137192,3892256481,Issam Dahmani,Beat Ma'
18547,153888,3945543991,North 90,Glass
18547,187454,3945543021,Donald Dust,My Manifold
18547,187455,3782960412,Tom Esselle,Small Talk
18547,187456,2208285917,The Delinquents,G.B.H. (Groovy Bouncy House)
18547,187458,3538302991,Tilman,Need It (Dance Dub)
18634,40210,2516273451,Ivy Lab,Baby Grey
18634,150051,3370615421,BSEARL,SOLD MY SOUL
18634,177590,3891228941,Visages,Unity
18634,183254,3729455062,Calibre,don't feel for me
18634,188066,3904771421,Visages,Wise Decision
18634,188067,768618102,Break,Heal Me (Original Mix)
18634,188068,125412328,Redeyes,What She Wants (Original Mix)
18634,188069,103440080,Lenzman,Paper Faces (Ivy Lab Remix)
18634,188070,771712302,"Alix Perez, SpectraSoul",The Need (Original Mix)
18634,188071,78923999,SpectraSoul,Memento
18634,188073,98890912,Halogenix,Beyond the Bounds
18634,188075,771138512,"Break, Kyo",Simpler Times (Original Mix)
18634,188076,3354607391,Venna,Prophet
18679,1560,3326916141,Gaskin,Get Ya Freak On
18679,3877,2825653452,BAUGRUPPE90,Groove Constructor
18679,84657,3703389602,LAZA,REBOLA
18679,87981,3843745891,Vita,VITA'S HOUSE
18679,184572,72057624,M.I.A.,Double Bubble Trouble
18679,185863,3518967371,T.NO,Bender
18679,188276,3933377051,Vita,20K
18679,188277,3566568811,Betas,Make You High
18679,188278,2424249385,X CLUB.,End Of The Line
18679,188280,3026786731,6 SENSE,500 Degrees
18679,188281,3881503981,Dornelles,"PIROCADA VAI, PIROCADA VEM"
18679,188283,3644259122,RIANRIOT,Vamo Dale
18679,188284,2696526572,Irmãs de Pau,MEGATRON
18767,1054,64293218,Earth People,Dance-Club Mix
18767,92521,1703820107,"Dan Wainwright, Elle Redding",At One (Mother Oak’s Reprise)
18767,92525,971380242,John Beltran,The Lake (Ambient Reprise) (Ambient Reprise)
18767,132422,2440597095,Hiroshi Yoshimura,Time forest
18767,188885,3812820982,Auntie Flo,Earth NRG (DJ Tool)
18767,188886,2440597115,Hiroshi Yoshimura,Green shower
18767,188887,1642086312,El Niño & The Southern Oscillations,Number Stations
18767,188888,3551642881,Ben Sun,See It Come Shining
18767,188890,2173317117,Kuniyuki Takahashi,Birds
18772,162015,3948940181,Singing Sweet,When I See You Smile
18772,164655,58436871,Buju Banton,Bogle
18772,188925,7171685,Red Dragon,Duck Dance
18772,188926,6030356,Freddie McGregor,Fever Medley
18772,188927,63401180,Echo Minott,Been Around The World
18772,188928,63395385,Wayne Wonder,All This Time
18772,188929,3289931651,Los Generales Del Reggae,Kuad la' a Pa' Ti
18772,188930,383385921,Joseph Stepper,Wife
18772,188931,1198696562,Baby Wayne,Mama
18772,188932,3750815432,Zebra,Weh Ya Run Fa
18772,188933,376390481,Terror Fabulous,Mr. Big Man
18772,188934,2557561062,Terror Fabulous,Bruk Wine Butterfly (feat. Wayne Wonder)
18772,188935,145422926,Jigsy King,Butterfly (feat. Tony Curtis)
18772,188936,873344552,Buju Banton,Big It Up
18772,188937,12460491,Baby Wayne,Move With The Crowd
18772,188938,12195593,Sly & Robbie,Rump Shaker Dub
18858,6059,62305890,Ruff Sqwad,Functions On the Low
18858,52933,2060363967,Emahoy Tsege Mariam Gebru,Homesickness
18858,63280,3244475611,Yasmine Hamdan,I remember I forget بنسى وبتذكر
18858,64267,1118131762,"May East, Alice Pink Pank",Maraka
18858,131788,3356892381,U.e.,Lavender (NF)
18858,189572,12444657,"Delphine Seyrig, Steven Brown",L'arrivée dans le jour
18858,189573,1845344977,Carla dal Forno,The Garden Of Earthly Delights
18858,189574,3604345102,"Mandy, Indiana",try saying
18858,189575,2798509482,Kenji Kariu,Convenience Store
18858,189576,72857741,Barry Adamson,Central Control
18858,189577,3531765591,XEXA,Kizomba 003
18858,189578,2011191217,Zazou Bikaye,Angel (Jean-Marie Salaun Remix)
18858,189579,3782504342,Sideshow,SIGNS+SYMBOLS (feat. SEXWORKS)
18952,94927,546787702,Sango,Me dê Amor (Feat. Gaiola das Popozudas)
18952,131896,3588926971,PinkPantheress,Stars + DJ Caio Prince + Adame DJ
18952,145389,2255536597,Netsky,"Everybody Loves The Sunshine (feat. Daddy Waku, Chantal Kashala)"
18952,155892,3474999441,"Deekapz, Criolo, DJ Marky, Makoto",Onde Anda O Meu Amor
18952,188352,3255121511,Hey Bony,SOUKOU
18952,190284,638326242,Dee Sharp,Rising To The Top
18952,190285,4703133,Jorge Ben,Balança Pema
18952,190286,546787692,Sango,Maluco
18952,190287,2262688487,Billy bybf,Tatami
18952,190288,3818181871,Natoxie,Position
18952,190290,1043971,Donell Jones,Natural Thang
18952,190291,1199281632,DJ DIOGO DO SERRÃO,Academia das Maravilhas
18952,190292,2146075727,"PEDRO SAMPAIO, Thaysa Maravilha",ENSAIO DAS MARAVILHAS
19002,84057,3051178,Quincy Jones,Summer In The City
19002,94349,2440968,"Grover Washington, Jr.",Passion Flower
19002,94684,537913542,Sylvia Striplin,"You Can't Turn Me Away (7"" Mix)"
19002,120627,62190981,Change,Heaven Of My Life (Full Length Album Mix)
19002,124666,1884536387,Dennis Mpale,Do Like Miles
19002,132935,2249148107,The Headquarters,Moshate
19002,157454,2303543,Ronny Jordan,Flat Out
19002,158767,676012692,Stevie Wonder,Power Flower
19002,158778,492723222,Cortex,Pauvre star
19002,190609,74453474,Baden Powell,Tristeza
19002,190610,600281,Mandrill,It's So Easy Lovin' You
19002,190611,143042848,War,Life (Is So Strange)
19002,190612,3443328,Donald Byrd,Woman Of The World
19002,190613,2781363061,Àbáse,Home
19002,190614,86206701,O.C.,Word...Life
19002,190615,3376049,Althea & Donna,Sorry (Remastered 2001)
19002,190617,3704913152,Skyy,Here's to You (Moplen Boogie Down Mix)
19008,121042,1148491,Siouxsie And The Banshees,Spellbound (Remastered)
19008,153052,2522953,Montell Jordan,This Is How We Do It
19008,171462,641647342,Solange,Almeda
19008,173533,84364029,Tone-Loc,Wild Thing
19008,190650,2629694242,Björk,I Miss You
19008,190651,3324536,Neneh Cherry,Buffalo Stance
19008,190652,1412261982,The Fly Boys,Super Whole (You Better Fuck)
19008,190654,681933752,Hiltmeyer Inc.,Synthipopü
19074,46592,3668956502,Green-House,Well of the World
19074,71984,3640613952,Tujiko Noriko,Nolicom (2025 Remaster)
19074,125623,3896715161,james K & Objekt,Play (Objekt Remix)
19074,137526,3214840061,"bambinodj, Phillip Jondo",Auf Log
19074,162092,3477479361,"Oli XL, Valeria Litvakov",MUTE THE WORLD
19074,191103,3710607042,Laurel Halo,Twilight Zone
19074,191104,3763504772,Bby Eco,Path / Light
19074,191105,1628821002,Bataille Solaire,Hyper Drive
19074,191106,3864698871,Roomer,Written By
19234,100625,484118132,Split Decision Band,Watching Out
19234,117487,1408771882,Rotary Connection,I Am The Black Gold Of The Sun
19234,183518,10236139,The Herbaliser,The Blend
19234,192278,630799832,Chaka Khan,Isn't That Enough
19234,192279,547222462,Sunni Colón,Satin PSICODELIC
19234,192280,2195461877,Basement Jaxx,I'm Thru With You
19234,192281,3785961372,Fatboy Slim,Kalifornia
19234,192282,3122248231,Mark Hawkins,At the Witness Stand
19234,192283,443266452,Nightmares On Wax,Typical
19234,192284,131833648,A Certain Ratio,Touch
19375,8725,75255772,Tata Vega,"Get It Up For Love (12"" Mix)"
19375,34451,445800632,Cerrone,Funk Makossa (feat. Manu Dibango)
19375,67010,72634445,Strange Affair,"Bad Connection (12"" Mix)"
19375,126274,876585,Femi Kuti,Truth Don Die
19375,192599,2789752242,"Bosq, Kaleta",Ipadé
19375,192600,6431864,Double Trouble,Trouble Maker
19375,192601,11577380,Strange Affair,"No, No, No"
19375,192602,498321932,Matt Bianco,Matt's Mood II
19375,192603,2984012131,Zopelar,Miles Away
19442,4486,3631059882,Tiga,You Gonna Want Me (I Know) (Extended Mix)
19442,13778,3935535111,Amour Propre,Blurred Signal
19442,16409,3871997181,Max Styler,One More (feat. Ad-Apt) (Solomun Remix)
19442,52315,3696727142,Kaufmann (DE),People Are Strange (Extended Mix)
19442,54693,3011650761,"Ruback, Amesens",SMACK MY BITCH UP
19442,59008,2995191681,Jon.K,Moet (2024 Edit)
19442,59609,3129407,Gorillaz,Feel Good Inc.
19442,68863,3215589431,Max Styler,I Know You Want To
19442,110555,3650920262,Millero,Dynamite
19442,120061,3790414582,Oliver Huntemann,Kontrol (Edit)
19442,139486,3293451421,Jay Crusoe,spontaneous combustion!
19442,178280,3349223261,Cherry (UA),Phantom
19442,193002,1830941307,Felix Cartal,Stranger Things Theme (Felix Cartal's After Dark Remix)
19442,193005,3770321342,Shiba San,Keep It Burning
19442,193006,78304462,Bodyrox,Yeah Yeah (Randy Katana Edit)
19442,314638,3806757272,Beltran,Culpa da Cachaça
19563,4144,3508344151,Mac Declos,Sexiness
19563,93355,3167467211,Kameliia,Investigator
19563,120463,3492894631,Marcal,Perpetuity Wing
19563,143397,3184853741,Obscur,Resonance 1
19563,149437,3340294101,Obscur,Soul Eater
19563,169971,3918756411,Sciahri,No More Time
19563,194079,3918763441,Sciahri,Drifting
19563,194081,2891663292,Sira,Reflections (Original Mix)
19572,80247,3537021221,Theo Nasa,Sexy Rhythms (Linear System Remix)
19572,86331,3478884591,Harvey McKay,Only 909
19572,102818,2607910722,Dusty Kid,Psika (Freedom Fighters Remix)
19572,193910,3529636961,Joaquin Ruiz,XX 24 B2
19572,194160,3481642411,Mohajer,Pause
19572,194161,3482384221,Ken Ishii,Autopilot
19572,194162,3531895241,Alexander Johansson & Mattias Fridell,Raljera
19572,194163,3553717031,Nakamo,Impacted
19572,194164,3501410051,Fhase 87,Minimalism 01
19572,194165,3450936641,AeFe,Robotik (Original Mix)
19572,194166,3553717051,Conrad Van Orton,Ludicrous Speed
19572,194167,3450936661,AeFe,BlipBlop (Original Mix)
19572,194168,3501410081,Fhase 87,Minimalism 04
19572,194169,3553717041,Nakamo,Lost in the Tailspin
19572,194170,3437540561,"FORMS, Brian Sanhaji, Monoloc",Emphaze
19572,194172,3446890451,Inigo Kennedy,Obsession
19572,194174,3450936651,AeFe,False signal (Original Mix)
19572,194175,3531895251,Alexander Johansson & Mattias Fridell,Pyspunka
19572,194176,3420122071,Procombo,Be Alive
19572,194177,3526951361,The Southern,Circle of Life
19572,194178,876341542,Kliment,Stranger
19572,194179,3209654581,Planetary Assault Systems,Surface Noise (Oscar Mulero Reassembly 2)
19635,48705,4009675581,Wipe The Needle,Wrong Side Of The Story (Original Mix)
19635,49735,3331298111,NameBrandSound,Head Down
19635,50137,3687229052,WheelUP,Take Me Higher
19635,55891,3924863131,Oliver Night,It's Alright (Coflo Remix)
19635,85630,3580648361,LCSM (Likwid Continual Space Motion),Medulla Oblongta (IZCO Remix)
19635,87410,2906124501,oOgo,Diggedy
19635,98404,3911323711,Dominic Balchin,Tropical Interlude
19635,113529,1273969442,MAW,Pienso En Ti (Nuyorican Mix)
19635,113543,3241510241,Brighter Days Family,Breathe
19635,119503,3968350721,T.Roy,Zaire (Bruk Rogers - Broken Beat Remix)
19635,159660,474275512,Cro Magnon,Patchwork Jazz
19635,171595,2709562322,XL Regular,Tiago's Joint
19635,178975,2301244035,Mark de Clive-Lowe,Day by Day (feat. Cherie Mathieson)
19635,181917,3687401382,Bruk Rogers,Get Low
19635,194771,2110974687,Fouk,I'll Be Down (Hugo LX Meteor Mix)
19635,194774,2197414577,Paul Murphy,Seven Samurai
19635,194775,3336206721,Divorce From New York,The Bowl
19635,194776,2514106361,K-LONE,Cinco
19658,39777,3325918471,Love In The Endz,THE HAVANA CHASE
19658,57049,3966004741,1OO1O,Step Up
19658,87542,3926168891,HLRTY,Nutriko
19658,88014,3904512751,HLRTY,Slingshooters
19658,95536,4144607662,Manga Saint Hilare,In The Dance
19658,116193,3827261011,Jakes,Wicked Set (Amy Kisnorbo RMX)
19658,122081,3947745761,Addison Groove,FKN SRS
19658,160894,3947745781,Sam Binga,TYP SHT
19658,181744,3947745821,Sam Binga,HIT THE MOOSE
19658,183665,3947745801,Sam Binga,SACUDE
19658,194957,1999837817,Nikki Nair,No Pulse
19658,194959,1905401917,KW,ZFGT0505
19658,194960,3947745831,Sam Binga,SQZME
19658,194961,3947745841,Sam Binga,M_Y_A
19664,67278,1015791452,"DJ Weirdo, DJ Sim",Go Get Busy (Extended Rave Version) (Extended Rave Version)
19664,98384,3604003842,"Amor Satyr, Toma Kami",Zuuuh
19664,152627,1252494492,Legend B,Lost in Love (Sysex Style Mix)
19664,165018,3788800502,Origin8a & Propa,100% Hardcore
19664,165129,3922849201,KRYM,Exclusive
19664,181545,3297732411,Vibena,Song of Unity
19664,181549,3297732421,Vibena,Toxic Shock
19664,183154,3783579402,Toby Ross,Scratch & Release
19664,195034,3078013291,"Jamie xx & Nia Archives feat. Romy, Oliver Sim & The xx",Waited All Night (Nia Archives Remix)
19664,195035,3661606262,Cheff the Boy,Werkout
19664,195036,2992320211,Sonicdriver,In Your Arms Tonight
19664,195037,98632918,DJ Seduction,It's Not Over
19664,195038,1269275432,"DJ Red Alert, Mike Slammer",In Effect
19664,195039,2827398142,Paul Elstak,Musica Rave
19664,195040,3648112732,"Dwarde, DJ B",I Aint Gonna Wait
19703,1230,3155618151,FCL,It's You (San Soda's Panorama Bar Acca Version)
19703,6658,15677973,Alisha,All Night Passion
19703,37757,2806039672,Prince,When Doves Cry
19703,70714,4060228141,Red Axes,Promo Only 1 (Refix)
19703,74264,105298354,"DJ Romain, Darryl D. Bonneau",It's The Spirit (83 West Vocal Mix)
19703,78340,3495843591,Joy Jenkins,Flowers
19703,79241,15677979,Alisha,All Night Passion (Extended Dance Mix)
19703,144344,987946,Karat,Der blaue Planet
19703,149045,54599511,Herbert,The Audience
19703,182547,2145183457,System Olympia,Jade Stones
19703,182601,3277799511,Zopelar,Gon Hard
19703,193488,3736868432,MANNY STEELO,Jackpot
19703,195442,2145183447,System Olympia,My Lincoln (feat. DXJX)
19703,195443,2206382617,Jacques Renault,High
19703,195444,2204824817,Runaway,D Time
19703,195445,812625482,Byron Stingily,Get Up (Everybody) (Dirtytwo Remix)
19703,195446,2224528557,PBR Streetgang,Big Wig
19703,195447,12598476,Azari & III,Manic
19703,195448,142511101,"Cool Peepl featuring Billy Love, Mike Grant, Amp Fiddler & Sundiatta O.M.",Free (Original Vocal Mix)
19703,195449,2803644,Missy Elliott,Beep Me 911 (feat. 702 & Magoo)
19724,38272,4019786771,Roska,Stop & Wave
19724,38491,1989264927,She's Drunk,Amadoda (De Grandi Remix)
19724,39543,1017995622,Bianca Oblivion,Bubble Pon Di Bed
19724,47131,3326509431,Klinical,Freaks
19724,72614,3771914602,PRESTi,Left Side
19724,90675,3924517181,Lorkestra,PIQUIZIN
19724,101886,797654342,Pinch,Send Out
19724,114964,1302413402,Visages,Dark Guru (Original Mix)
19724,115660,1422503222,Yoofee,Wings
19724,136592,1938644657,"Ternion Sound, PAV4N, Strategy",Relentless
19724,149564,3034579901,"Gardna, Jayahadadream",Fine Art
19724,158713,3506858171,Leo Cap,Bad Man
19724,194419,3654487662,Honeydrip,Dutty Business (Anna Morgan Remix)
19724,195630,3686588352,NoNames,Dads and Mums (Sumgii Remix Instrumental)
19724,195631,1861071617,The Widdler,Bloat
19724,195632,770448562,Skittles,Bumba (Original Mix)
19724,195633,2474611981,Wraz.,Mare (Hypho Remix)
19724,195634,2122955207,"FLO, ØZ, Q100",Screwface
19724,195635,1881521187,Ternion Sound,Clutch
19724,195636,1703715147,Xakra,Come Out (Instrumental Mix)
19724,195637,4094981221,Leo Cap,On Street
19724,195638,2664301042,MOREOFUS,Lost
19724,195639,3441890301,Kami-O,Chime
19724,195640,3134570611,Criso,Check It Out
19724,195641,2822059482,Conzi,Word
19724,195642,391357452,Titan,Corazón
19724,195643,3229519491,"MIEL, Entrañas",AMOR // QUE BIEN LO BAILA (ENTRAÑAS Remix)
19755,5849,3854525991,PPP,Wisco
19755,38266,3932932001,Lamsi,Nice + Slow
19755,38491,1989264927,She's Drunk,Amadoda (De Grandi Remix)
19755,52405,3414761591,26Degrees,Arithmetics
19755,60759,75526534,Disclosure,When A Fire Starts To Burn
19755,62279,377779111,Melé,Sunshowers
19755,64698,3381936971,Melé,Beat Up The Drum
19755,81738,3918602001,Los Pulpitos,Catfishy
19755,85883,3508411671,Roaming Data,UGOT
19755,88171,3877276941,Lamsi,Sweat
19755,95536,4144607662,Manga Saint Hilare,In The Dance
19755,106190,10047068,Katy B,Lights On (Single Mix)
19755,113543,3241510241,Brighter Days Family,Breathe
19755,116112,3347216901,Dutch Sauce,Exo Exo
19755,169209,3911861831,Ronnie Loko,Get It On
19755,177422,3705311902,Drumheller,Thru The Motions
19755,195879,4078684571,Idris Elba,Weh Mi Come From
19755,195880,3824151511,Kaval,Mechanical
19755,195881,3030624131,Duke Boara,Feel This Way
19755,195882,2834129282,"Dr Feel, Native Tribe & Da Q-Bic",Jungle Drums
19755,195883,2542143851,"Osquello, IZCO",Marnin
19755,195885,3573246591,Nadī,Veena
19755,195886,119848428,Bakongo,Grind
19755,195887,958556572,Buraka Som Sistema,Yah! (feat. Petty)
19755,195888,2548993772,NOIRE,Influenzer Funk
19755,195889,2378003295,Hockeysmith,Je Ne Serais Pas Là (SHE Spells Doom Remix)
19781,65590,2099044587,Burland,Dagobah (VIP Mix)
19781,87568,3968361581,Gardna,Snakes & Ladders
19781,87860,3947651011,JAY Z,Big Pimpin'
19781,92058,3929687841,Crate Classics,Rudeboy Sound (DJ Hype & Heist Remix)
19781,116685,3658617,Sizzla,(Dry Cry) Just One Of Those Days
19781,155828,63392369,Shelly Thunder,Kuff
19781,156853,11622585,Ini Kamoze,World A Music
19781,182998,4130926841,The Edwin Davids Jazz Band,Benny Hill (Main Theme) (2026 Remastered Version)
19781,183009,3596363472,"MC Joe Peng, DJ Bunjy",Ya Mad (MiddleGround Remix)
19781,183010,13174321,Jazmine Sullivan,Need U Bad
19781,183011,69800262,Jah9,Steamers a Bubble
19781,183012,1642550382,"EchoSlim, Bunny Lee",Do U Luv Me
19781,183013,63396653,Sizzla,Solid As A Rock
19781,183014,3276749901,"Max Romeo, The Heptones",War Inna Babylon
19781,183016,11568189,Jimmy Riley,Love And Devotion
19781,183017,133523420,Sugar Minott,Herb Man Hustling
19781,195028,4002956201,Dr Meaker,"Obayalo (Son, Kravitz & Dr Meaker Remix)"
19781,196141,3581434601,Gravit-E,Trumpet Riddim
19781,196142,3363418331,Dutta,Button
19781,196143,3513639101,Crystal Clear,Wild Side
19781,196144,3205814711,Knuckle,Come Thru
20066,198805,2255550457,Nu:Tone,Helarctos (feat. Georgia Train)
20066,198806,2255677167,Hugh Hardie,No Compromise
20066,198807,1357092402,Workforce,Don't Tell (Part II)
20066,198808,2516279731,"Waeys, Duskee",Bold Courage
20066,198809,2255550397,Nu:Tone,Girl On A Bike
20066,198810,2516282321,Enei,Ignit
20066,198811,2255550447,Nu:Tone,Shelter (feat. DJ Rae)
20066,198812,2255449837,Unglued,Sardinian Sunrise (feat. Singing Fats)
20066,198813,1357092392,Workforce,Apply the Breaks (Original Mix)
20069,63846,250834,Cortex,I Heard a Sigh
20069,95044,866886392,Knxwledge,makeitliveforever
20069,156191,753589,Yusef Lateef,Like It Is (Remastered)
20069,169363,716040452,Gloria Taylor,World That's Not Real
20069,198832,5152968,The Fabulous Three,No Names Bar
20069,198833,1095679,The RH Factor,I'll Stay
20069,198834,669863772,HNNY,Sunday
20069,198835,73283213,Esther Phillips,That's All Right with Me
20069,198836,2745614531,"Betty Wright, The Roots",Old Songs
20069,198837,542726772,Mocky,Music Save Me (One More Time)
20129,63200,3575146991,Pigeon Steve,Green Industry
20129,164119,3575147001,Pigeon Steve,A Pretty Big Stretch
20129,199635,3690770332,Angelo Cruzman,Welcome
20129,199636,2282361617,Girls Chat Room,Sleep Mask
20129,199637,577849982,Céline Gillain,Fight or Flight
20129,199638,3448885561,ROCH,Paralyzed (Viktor Udvari Remix)
20129,199639,3570098671,Niev,Superhero
20129,199640,3074240691,The Gospel of Thomas,For The Children Who Have Fallen From Grace
20129,199641,3474865081,Joshua Idehen,Once in a Lifetime
20129,199642,1988904767,Felix Laband,Go to Sleep Little Baby
20131,119544,3289207211,Cem Gemalmaz,Celeste
20131,159880,3459643981,Li.semm,Nothing
20131,199664,1759931437,Muratt,Ariam
20131,199665,641716052,The Oddness,Coming Home
20131,199666,2926464821,Organica,Kikimora (AmuAmu Remix)
20131,199667,3412049431,Manojpuri,Gold Limb
20131,199668,3511952121,Sergey Tutty,Iso
20131,199669,3738715692,AmuAmu,The Drink
20131,199670,3582885721,Bahri Bekil,Fifth Sun
20131,199671,2292188435,KADMON (Live),Shimpanzim (Kurup Remix)
20131,199672,3243088791,Exei,Matilda (Yassen Remix)
20131,199673,3676718642,John Key Om,Nativo
20131,199674,2947383861,Eternal Moment,Cut the Line (Gingembre Remix)
20177,40750,3704872412,Sir James,Special (Club Mix)
20177,50573,3161407091,MADVILLA,SLOPPY TOPPY
20177,66817,374283231,Prince & The Revolution,"Erotic City (Make Love Not War Erotic City Come Alive) (12"" Version)"
20177,68616,3372491211,Olsvangèr,The Core
20177,138375,3461339561,"James Pepper, Black Loops",Believe
20177,178939,412266392,Cube 40,You Make Me Function
20177,200076,3756677192,Reel 2 Real,Conway (feat. The Mad Stuntman)
20177,200077,3248465251,The Egyptian Lover,Dance Like U Used 2
20177,200078,88910911,Rockell,Take You Higher
20177,200079,2348494225,RuPaul,Supermodel (feat. Shirley Q. Liquor) [El Lay Toya Jam]
20177,200080,3580417,J.J. Fad,Blame It on the Muzick
20177,200082,3012577791,Marijn Jansen,Rising Temperature
20177,200083,3596743142,Jelsen,Curveball
20177,200084,2365974285,Madonna,Hollywood (Jacques Lu Cont's Thin White Duck Mix)
20177,200085,13355587,Britney Spears,Break The Ice (Jason Nevins Extended)
20177,200086,2321097565,Girls Aloud,No Good Advice (Dreadzone Vocal Mix)
20209,117072,3149911891,Whatever The Weather,26°C
20209,135808,1043991762,JTC,Innerloire Rendezvous
20209,200288,2585066592,crushed,waterlily
20209,200289,1043991852,Avalon Emerson,Dystopian Daddy
20209,200290,1043994272,"Project Pablo, Patrick Holland",Big Room Delusion
20209,200291,2243067637,Audion,Anything Else
20209,200292,1043994602,"Ciel, Wiretapping",Uri's Song (feat. Wiretapping)
20209,200293,1043994532,Ali Berger,Pattern Buffers Depolarizing
20209,200294,2459407895,Tom VR,Chaotic Folds
20209,200295,2643461272,Ludwig A.F.,Ginko
20209,200296,2248351677,Helios,Intertwine
20209,200297,1445475042,Hana Vu,I Got
20209,200298,3371000311,Joviale,Disappear
20269,4654,3128238191,Gerry Read,It'll All Be Over (DJ Koze Remix) (DJ Koze Remix)
20269,11512,1918400927,DJ Le Roi,I Get Deep (feat. Roland Clark) (Late Nite Tuff Guy Remix - Emanuel Satie Rework)
20269,74558,113409004,Dele Sosimi Afrobeat Orchestra,Too Much Information (Laolu Remix (Edit))
20269,89052,690032,Prince,Controversy
20269,119781,1111046192,"Catz 'n Dogz, Gerd Janson",Modern Romance
20269,138023,2131338107,Makèz,Different Planets
20269,156841,374216371,Quim Manuel O Espirito Santo,Senhor Doutor (Adam Port Edit)
20269,167255,3135336,Phoenix,If I Ever Feel Better
20269,200807,1192570692,Vhyce,The Heart Takes Fright
20269,200809,132279182,Snacks,Burnin'
20269,200811,2662477922,"Theus Mago, moderna",Pesos Not Besos (Cabaret Nocturne Remix)
20269,200812,3838721,Holden,10101
20269,200813,1753871717,Tom Bioly,Drop Wet Gorgeous
20269,200814,1095067542,Låpsley,Operator (DJ Koze's Disco Edit)
20269,200816,1377637232,"Fred Falke, Zen Freeman, Ampersounds",Sacrifice
20269,200817,671398332,Jack Priest,Phasin'
20269,200818,478315372,Lovebirds,Dove Sei (Sirs Cut)
20269,200819,386179231,Dionigi,We are the Funky Robots (Original Mix)
20269,200820,3513137761,"Mousse T., Hot'n'Juicy",Horny (Tiefschwarz Gets Horny Mix)
20269,200821,474861252,Vhyce,Basement Horns
20278,63362,1376628062,Gallegos,Coming in Hot (Original Mix)
20278,152553,1805096917,Megaphonim & Simple Symmetry,After of Disaster (Simple Symmetry Remix)
20278,200932,1776500747,"Dan Bay, Max Clouth",Toubkal
20278,200933,1782078697,Jack Essek,Khajuraho (original mix)
20278,200934,2505339951,Vimala Rani Britto,Zip Zip Zip
20278,200935,1797524727,Michael Felix,4 Days In Istanbul
20278,200936,1750458627,"Eliezer, Niv Ast",Automatic For The XYZ (Original)
20278,200937,3502905161,Bozart,Istambul à Facette
20278,200938,1738785737,"Gersh, Brodi (IL)",Patu
20278,200939,3633520162,Omerar Nanda,Hum Baha
20278,200940,2002329257,Dub Pepper & Jon.K,Hampi (Original Mix)
20278,200942,64807216,Red Axes,Queen Spade
20278,200943,1748621417,"Furor Exótica, Donald's House",Macchina Bum Bum (Donald's House Remix)
20278,200944,1376628082,Gallegos,This is a Brand New Day (Original Mix)
20308,193698,1683733187,"Sabo, Noema",Daikato (DJ T. Remix)
20308,200876,1399425152,Milio,Goenavund
20308,201082,1815137667,MATS,Syntetika
20308,201341,1905928547,PINTO.,Flame
20308,201342,1845033967,Nick Pappa,Reaktor
20308,201343,1911451667,"Yet More, Sem",Luna Nera
20308,201345,1895944887,Sound Support,Neptune
20308,201348,1151239752,Wolf Ear & Fassbender,Hummingbird (Arnas D Remix)
20308,201349,1414470362,Deividas Bagdanov,Serenità
20308,201350,1769082397,Deividas Bagdanov,Hashiva
20308,201351,931185152,Baril,Take Ur Time
20308,201352,2319485885,Jon Gurd,Star (Mixed)
20308,201353,3919249011,Oilst,Sophia (Amount Remix)
20308,201354,967158732,esteble,Amazonica (Powel Remix)
20308,201355,1727987627,Pedro Sanmartin,White Sand (Plecta's Vocal Remix)
20308,201356,1591790882,Matthias Meyer,The Choir
20308,201357,1449666712,Milio,Allround Player
20308,201358,667861802,Sex Of Insects,I Can Hear The Light (Dave Pad Remix)
20308,201359,1648719542,Milio,Surrounded By Night
20480,38266,3932932001,Lamsi,Nice + Slow
20480,46232,3886305011,Subb-an,Work It
20480,56571,3910599451,Jacob Meehan,Conjure
20480,73223,3450023791,"Siu Mata, Amor Satyr",Acidez
20480,85800,2752986241,Morelia,Dembowzer
20480,116068,4013776971,Triple Five Sol,Prime Time at the Sizzler (The Carry Nation Remix)
20480,128690,75521158,Doctor Jeep,Flash Area
20480,145838,3509970551,Paulete Lindacelva,Nena Ácida
20480,151033,2292935695,Glances,Lentil
20480,200155,958537102,Buraka Som Sistema,Tira O Pé
20480,205440,3435955951,Ananda,Yo te quiero
20480,213432,3669033212,Dj Warning,Dirty
20480,213433,3275921701,Cromby,Mystery Bag
20480,213434,4032623851,Masha Mar,Drumbo’s Clown Room
20561,16491,3996635661,Starr Traxx,My Deep (Extended Mix)
20561,37126,4116532881,Melé,Soul Makossa
20561,37153,4096696351,Bontan,Blowin' Up The Spot
20561,43301,4019333431,Harry Romero,The Corner (Deep In Jersey Dub)
20561,54547,4058686541,Avision,This Time (Extended Mix)
20561,75550,4050472931,Stacey Pullen,I Wanna Dance (Extended Mix)
20561,88351,3804407792,Sam Curran,Light The Candles
20561,113821,4104930311,J.O.S.H.U.A,Human Fundamentals
20561,116232,4116532891,Melé,Soul Makossa (Extended Mix)
20561,136009,4116552891,Oden & Fatzo,You Don't Want To Think About It (Extended Mix)
20561,136010,4113425171,Ahmed Spins,Phunky (Extended Mix)
20561,142377,4088806532,Dam Swindle,5 to 9
20561,148387,4083824281,A-Trak,Dancefloor (Extended Mix)
20561,148388,4136590981,Josh Butler,On The Dancefloor
20561,148391,4121649371,Christian Prommer,Tryin' Times (Crackazat Remix)
20561,148393,4105814401,Benni Ola,Can't Deny (Kid Fonque Extended Refix)
20561,202572,4155973502,Stryv,Patigo (Extended Mix)
20561,202990,4059929761,Davide Dev & Fimiania,Mama (Extended Version)
20734,1412,3340111711,Mau P,Like I Like It
20734,44622,3378458561,"Parallelle, Fulltone",Without Any Doubt
20734,64149,3839285711,Tim Paris,That Boy (Red Axes Remix)
20734,88976,3948929341,Did Virgo,Smooth & Fast
20734,109884,1947433307,Joyce Muniz,Arrivederci Bella
20734,173348,3401014671,Povar,Alive
20734,203951,3948906251,Archivist,Try Again (feat. Arthur Johnson)
20734,203952,3606549712,Møsard,Instagram
20734,203955,3231150231,"Madhouse, SAASH, Adrian Bluper",ya no estoy sad :(
20734,203956,3778208942,REMAIN,Shame Shell
20734,203957,3572620341,Did Virgo,Black Hall (feat. Lena)
20825,34863,882296522,Elias Rahbani and His Orchestra,Liza... Liza
20825,60095,3156062801,"Mike Dunn, MD III",Personal Problem
20825,65864,3304536981,Crystal,Santo Domingo
20825,66735,1284323992,"Jackie McLean, Michael Carvin",De I Comahlee Ah (extended)
20825,85091,2196157987,"Rog'e, Tanya Stevens",Body Fidelity (Percussapella Mix)
20825,107941,395872722,Gherkin Jerks,Parameters
20825,116212,80713944,Warda,Haramt Ahebak
20825,213289,112662416,Syreeta,"Can't Shake Your Love (Larry Levan 12"" Mix)"
20825,213291,2598060592,Secession,Touch (Part 4)
20825,213292,3030336941,Quai 21,Music Man
20825,213293,3338690981,"Collettivo Immaginario, Tommaso Cappellato, Alberto Lincetto",Tempo al Tempo
21010,1438,3234442241,Prospa,This Rhythm (feat. RAHH)
21010,43325,3025372091,The Blaze,TERRITORY (SOMMA REMIX) (SOMMA REMIX)
21010,91600,3020174091,Argy,RITMO
21010,129701,3006337111,Rossi.,FREAK IN THE SHEETS (Original Mix)
21010,207188,3050852361,"Sub Focus, Katy B",Push The Tempo
21010,207202,3042058391,"Sonny Fodera, D.O.D",Somedays (Marten Hørger Remix)
21010,207203,3034179361,"Bubble Love, Ross From Friends",Double Caper
21010,207204,3026484681,"Hayden James, AR/CO",We Could Be Love (Fideles Remix)
21010,207206,3030497551,Alex Adair,Living on Love
21010,207207,2997348311,Jaded,Jump N Twist
21010,207210,3026699091,"Chloé Caillet, SG Lewis",B Somebody
21010,207212,3028855121,Josh Hunter,My Trust
21010,207213,3061132901,"Kevin McKay, CERES",Sugarcane
21010,207214,3155567891,Eden Prince,Temptation (Night Mix)
21010,207216,3059050781,Dombresky,It's a Party (PRX002)
21010,207218,3438339221,"BYOR, joki",Loveline (Extended Mix)
21010,207219,3614625402,"Dave Winnel, The Melody Men",Just Like That
21010,207222,3069115071,"Sophie Ellis-Bextor, THEMBA",Murder On The Dancefloor (THEMBA Remix)
21010,207224,2504857171,Boris Brejcha,The Final (Mixed)
21010,207225,3069027821,Natascha Polké,Alelele
21010,207226,3044504371,Jex Opolis,Waste of Time
21010,207228,3061704871,Switch Disco,I FOUND YOU (Afro House Edit)
21160,37373,2527579841,Westbam & Nena,"Oldschool, Baby (Piano Mix)"
21160,43556,639139722,Genius Of Time,Peace Bird
21160,149041,2547903742,Elvin T,Get Close
21160,208267,436141832,The Brand New Heavies,"You Are The Universe (Roger's Universal 7"" Edit)"
21160,208273,878309482,Glass Candy,Beatific
21160,208274,1051681852,LA Priest,Beginning (TEED Remix)
21160,208275,62430798,Common Factor,Through
21160,208276,3776353862,Mon Qalamari,Quente (Ben Gomori's Smoke Show Remix)
21160,208277,123373152,Takuya Matsumoto,NY NY
21160,208278,123373154,Takuya Matsumoto,Requiem
21304,193396,486279382,Round Four,Found a Way
21304,205853,1031843072,Mike Schommer,Very Being (CV313 Spring Fling Dub)
21304,205854,478224112,Monomood,Wjnter
21304,205855,1575529582,Hydergine,Augmented Reality (Reshape)
21304,205856,1405513292,"Ohm, El Choop",Decryption
21304,205857,2340871495,Quince,For my Mr (Steve Rachmad Remix)
21304,205859,1495677642,"Van Bonn, Tim Kossmann",Adrift (Steve O'Sullivan Remix)
21304,205860,1741842347,Resoe,Chordiology (Luke Hess Remix)
21366,39992,1169627962,Mariya Takeuchi,Plastic Love
21366,108805,1743811747,"Noriko Miyamoto, Isao Suzuki",My Life
21366,209068,441888542,Masayoshi Takanaka,Nagisa Moderato
21366,209069,3702352792,Miki Matsubara,Mayonaka no Door~stay with me (Single ver.)
21366,209072,976569932,Yurie Kokubu,Just A Joke
21366,209074,976409602,Rajie,Hold Me Tight
21366,209075,924388822,Minako Yoshida,LOVE SHOWER
21366,209076,924378342,Minako Yoshida,Let's Do It
21399,1519,66124896,James Ingram,Yah Mo B There
21399,4920,521606812,Quincy Jones,Razzamatazz
21399,19770,3786403152,Positive Force,"We Got the Funk (12"" Mix)"
21399,34317,1379172842,McFadden & Whitehead,Ain't No Stoppin' Us Now (Single Version)
21399,65607,691615,Sister Sledge,He's the Greatest Dancer (2006 Remaster)
21399,117449,521606762,Quincy Jones,Ai No Corrida
21399,128980,2104921727,David Morales,Strings (Beats Mix)
21399,131689,893627432,Mikki Afflick,Thunder Drum Dance (David Morales Diridim Remix)
21399,134725,68171061,D Train,You're the One for Me (Labor of Love Mix)
21399,138231,82133828,Val Young,If You Should Ever Be Lonely (Single Version)
21399,177396,81840388,Donna Summer,(If It) Hurts Just a Little
21399,209333,3408849791,Ameer Brooks,Dreaming (David Morales Remix)
21399,209340,1797056597,"Afro Warriors, Dorivaldo Mix, Miranda Nicole, David Morales",Don't Look Away (David Morales Mix)
21399,209341,3155412871,Copyright,Roots (Torre Remix)
21399,209342,1629852032,"Wayne Williams, DJ Spen",Let God Work (Original Mix)
21399,209343,3069773941,Harry Soto,Every Time I Close My Eyes
21399,209344,2104921307,"David Morales, Timmy Regisford",Maka (David Morales DIRIDIM Mix)
21424,1045,502110832,Ministers de la Funk,Believe (Ministers Vocal Mix)
21424,9263,69008892,Geraldine Hunt,Can't Fake the Feeling
21424,52133,4677588,Diana Ross,Love Hangover (Alternate Version)
21424,58802,1045817702,Mariah Carey,Always Be My Baby (Always Club Mix)
21424,59051,4150031062,Mariah Carey,Fantasy (Sweet Dub Mix)
21424,62054,15797090,Robert Owens,I'll Be Your Friend (DEF Mix)
21424,66462,2104921567,David Morales,Gingerman
21424,81212,3803003452,Ultra Naté,Free (M&S Philly Klub Mix)
21424,134933,1064732872,Mariah Carey,I Still Believe (Morales Classic Club Mix)
21424,187287,897821,The Jacksons,Show You the Way to Go (Previously released material)
21424,209385,3155921381,Bobby D'Ambrosio,Optimistic (D'Ambrosio & Tappert Club Remix)
21424,209427,2104920887,David Morales,"Show Love (Diridim Mix, Pt. 2)"
21424,209439,2104923997,"David Morales, Michelle Perera",Never Give Up (Instrumental Mix)
21424,209440,2104924757,"David Morales, Tiger Wilson",Heartbeat
21424,209441,2104922757,"David Morales, Michelle Perera",VOODOO (Vocal Mix)
21424,209443,2104922147,David Morales,No Boundaries (Extended Mix)
21424,209445,2104922217,"David Morales, Michelle Perera",Life Is a Song (Ol' Skool Extended Mix)
21424,209476,2104921347,"David Morales, Timmy Regisford",Maka (David Morales Nyc Mix)
21424,209479,2104920727,"David Morales, Timmy Regisford","Nini, Pt. 1 (Diridim Mix)"
21424,209508,972558212,Saliva Commandos,Dirty Socks (Main Mix)
21424,209522,3155497591,Kathy Brown,Joy (David Morales Classic Club Mix)
21424,209523,3155566561,Kathy Brown,Don't Give Up (K Klass Club Mix)
21424,209525,62156970,Soul Avengerz,Love you feel (Original Mix)
21424,209526,476273172,Shades Of Love,(Keep In Touch) Body To Body
21424,209529,75063720,Céline Dion,Loved Me Back to Life (La Vie En Stereo Radio Edit - David Morales)
21424,209707,2104924627,David Morales,Never Give Up
21520,128980,2104921727,David Morales,Strings (Beats Mix)
21520,129582,460890122,Mr. Fingers,Electron
21520,132659,2344781205,David Morales,DIRIDIM Zone
21520,200892,1757541797,THEMBA & Nico de Andrea feat. Tasan,Disappear (Extended Mix)
21520,209673,2104924687,"David Morales, blondewearingblack",What Can I Do
21520,209774,1705093507,Joeski,Mother Africa
21520,209923,2104918017,"David Morales, Alex Uhlmann",Back Home (World Mix)
21520,209924,2125647967,Christos Fourkis,Arabhu
21611,5770,2486117711,Drake,Rich Baby Daddy
21611,37660,2710418072,"Tyla, Gunna, Skillibeng",Jump
21611,37664,1869174167,Bayanni,Ta Ta Ta
21611,38090,63908199,Donae'o,Party Hard
21611,38337,3216532281,Vanco,Ma Tnsani (Yalla Habibi)
21611,38429,1378697482,City Girls,Twerkulator
21611,87061,67929155,Kendrick Lamar,Backseat Freestyle
21611,90060,3582296821,Arlene MC,MamaZota
21611,90639,529886861,Charly Black featuring J Capri,Wine & Kotch
21611,115620,6611872,Sean Paul,Break It Off (feat. Rihanna)
21611,137892,580936,Destiny's Child,Say My Name
21611,150498,925108,Rihanna,Don't Stop The Music
21611,151259,2309786905,"El Alfa, Darell, Noriel",4K
21611,153172,569217,Ciara,Goodies
21611,162644,2585721882,Konshens,Bruk off Yuh Back
21611,182853,3564626051,Tiagz,Tacata
21611,189970,3625851282,TRATTO DE LA CALLE,Ritmo Dengue Da Bunda Batendo [Sped Up]
21611,210494,1748190317,Burna Boy,Last Last
21611,210515,3442257641,"MOLIY, Silent Addy, Sean Paul",Shake It To The Max (Tuff Remix)
21611,210516,354045851,J Hus,Friendly
21611,210517,537175142,Linky First,Jeune Femme (Low)
21611,210519,962588652,Mina,Sentah
21611,210520,2651066082,Caique Carvalho,Get It Right (Radio Edit)
21611,210521,2781673612,GIMS,SPIDER
21639,41611,3980968501,Decoder,Magical
21639,58510,4021292471,GEISTFREI,My Mind Is Consuming Me
21639,88124,3972102761,Deano (ZA),Kazoo (Stripped Version)
21639,116604,4063458451,Efdemin,Mirror Phase
21639,121035,4045305031,Border One,Spectral Tension
21639,136993,3556231511,Mython,Lite
21639,140217,4090591061,FVKS,Meson
21639,190172,2234938147,Vxlr,Score Line (Original Mix)
21639,210676,4050355181,Memandu,Worm
21639,210677,3948353231,Kushkusshhh,Deviate
21639,210679,4104868441,Idu Berg,Linting
21639,210681,4144227752,BLANKA (ES),Silly Move
21639,210682,2671970182,Translate,Framed
21639,210683,4116554331,LUAR,Monolith
21639,210684,4098975101,Mathys Lenne,Duel Au Soleil
21639,210685,3850007,Nathan Fake,The Sky Was Pink (Icelandic Version)
21660,4759,3938244691,Dam Swindle,Back to the Old School
21660,35657,3927712791,Gab Jr.,I Like U
21660,66570,2480483881,Fred P,Journey On
21660,82023,3199681211,Nick Curly,We Lu
21660,82312,2892757362,Dam Swindle,Touch Me Again
21660,91712,2679245862,"Sem Jacobs, Tagmann",DC Ten Thousand Dreams (Extended Mix)
21660,156943,3560038901,Mae-I,Sweet Melody (Anthem Dub)
21660,209882,2584340782,Lego,A Latin Summer's Groove
21660,210815,3560038941,TranceForm,I Will Be Strong (N.Y.C. Vibe)
21660,210816,1204331572,Coke Beats,"Ukiyo Lounge, Pt. 2 (Live)"
21660,210817,2420525435,"Mr. G, Duncan Forbes",Time To Dip (Duncan's Sherbert Dip)
21660,210819,3495844371,Prince Palmer,Polygon Island
21660,210820,826880632,Sandy B,Make The World Go Round (Stonebridge 12 Mix)
21693,45126,3855880571,Tara Clerkin Trio,Silently
21693,47859,3946482351,Khadija,Good
21693,48700,3923310951,Your Brother's Keeper,Ground Loop
21693,51482,3879260551,Jeff Parker,Like Swimwear
21693,55658,4003489641,Alex Nut,The Message (Boddhi Satva Ancestral Soul Dub)
21693,81837,508354682,Miles Davis,"Générique (Bande originale du film ""Ascenseur pour l'échafaud"")"
21693,94109,3677935742,Fabiano Do Nascimento,Tema Em Harmônicos
21693,113077,3959616901,Curió Curió,Vem pra Casa
21693,144979,4035583221,Floating Points,Movement 10 - Her Gift
21693,146154,12466866,Da Lata,Cores
21693,211063,512565382,"KEYNVOR, Sebastian Plano","Marazion (50.127932, -5.474548)"
21693,211065,4051556701,Sparklmami,in this body
21693,211066,3139975081,Harrison,Southwood
21693,211067,3938711411,Fatoumata Diawara,Fala
21693,211068,3855225761,Thee Marloes,Under the Silver Moon
21693,211070,3790508902,Chain Reaction,Quicksand
21766,47937,4022987761,H.LLS,FCUK
21766,211617,1000988132,Ama,Wire
21766,211618,3793600412,Sasha Keable,can't stop
21766,211619,652221602,Kadeem Tyrell,April 25th
21766,211620,750224122,Daniela Andrade,Ayayai
21766,211621,483570562,Robert Glasper Experiment,No One Like You (KAYTRANADA Remix)
21766,211622,3418755621,JONES,Don't Wanna Say Goodnight
21766,211623,3340785921,Khamari,Head in a Jar
21766,211624,1729072147,Ogi,Let Me Go
21766,211625,3559489221,"Hether, Orion Sun",Company
21766,211626,671135432,IAMDDB,Urban Jazz (Live @Albert Hall Manchester)
21766,211627,2124542187,Daniel Caesar,Do You Like Me?
21766,211628,2214773627,Daniel Caesar,Valentina
21807,94781,923439782,Kaidi Tatham,He Laughs She Cries
21807,127983,4082335991,Nate Smith,PEARL
21807,156278,3398040261,Moses Yoofee Trio,OCEAN
21807,210902,2715407402,"A Song For You, Theo Croker, Moses Yoofee",Limoux
21807,211886,3265335811,Alif Hilal,Rewild
21807,211887,3376432111,Yttling Jazz,Yttling Jazz #2 (Flox St.)
21807,211888,1490744332,corto.alto,Mayday
21807,211889,2200615517,aja monet,why my love?
21807,211890,3063803241,"takoda, daniel hayn",Always Late
21807,211891,3381716441,Omasta,Cornerstone
21807,211892,120683254,Victor Wooten,Song for My Father
21807,211893,2061338237,ILL CONSIDERED,Dawn Lit Metropolis
21807,211894,1469543652,Ben LaMar Gay,Dress Me in New Love
21823,6272,3344984901,PinkPantheress,Illegal
21823,6561,4006214471,MALUGI,Honestly
21823,17363,4060445161,Disco Lines & Maesic feat. Mason & Princess Superstar,Push It (Extended Mix)
21823,109962,1947216977,"Tiësto, Black Eyed Peas",Pump It Louder (Extended Mix)
21823,212001,3995885281,James Carter,Open Up Your Love
21823,212003,1097366392,BLACKPINK,How You Like That
21823,212005,11234004,Swedish House Mafia,Save The World
21823,212006,3550184291,"Hardwell, Sub Zero Project",Brace For Impact
21823,212007,4034010621,LUM!X,Self Aware
21823,212008,4001026601,BUNT.,One Two Police
21940,34660,6576264,Solid Groove,Throwing Stones
21940,36943,3155802271,Zappe,Larry's Exotic Blend
21940,53766,2206600697,Inner City,Do Ya (Sure Is Pure Remix)
21940,88121,2434063295,Lubelski,Don't Touch Me (While I'm Dancing)
21940,129649,58442221,Rudy's Playhouse,Got to Be Free (Acid Overdose Mix 2012 Remaster)
21940,154970,4006341431,Don Rimini,Ain't Nothing But The Funk
21940,212943,1541324442,Soulful Behaviour,Get To Groove (Jazznotic Groove Mix - Ben Gomori Edit)
21940,212944,2362281605,DJ Juanito,Feels So Good (JW)
21940,212945,3783889972,Circle Children,Indonesia (Sambal Badjak Mix)
21940,212946,1405834712,Kevin Knapp,Dangerous (Extended Mix)
21940,212947,851131752,Bodyjack,That's What She Said (DJ Haus Remix)
21956,39838,540509022,Rodriguez,Forget It
21956,120835,3691713892,Cathy Hamer,Lady Full Of Dreams
21956,213034,112485168,No Clear Mind,Babel
21956,213035,3427526251,Jonny Nash,Walk The Eighth Path
21956,213036,124605224,William Ackerman,Anne's Song
21956,213037,976314842,Isato Nakagawa,Yuudachi
21956,213038,991806,José Feliciano,Essence Of Your Love
21956,213039,1364807262,Guilherme Lamounier,Será que eu pus um grilo na sua cabeça?
21956,213040,3804572372,Nonkeen,Pink Flirt
21956,213041,3284114311,Negro Leo,Esferas
21956,213042,738631,Wilco,Impossible Germany
21956,213043,3399059241,Geese,Islands of Men
21956,213044,3713505912,Marcelo Cabral,O Herói Vai Cair
21956,213045,3140235351,Unknown Mortal Orchestra,Earth 2
22041,6266,101009326,Jamie xx,I Know There's Gonna Be (Good Times)
22041,95318,1402627072,Inhmost,Outer Thoughts Dub
22041,149017,2537920041,André 3000,Ninety Three 'Til Infinity And Beyoncé
22041,213856,3801561982,Fatboy Slim,Sunset (Bird Of Prey)
22041,213857,3618242242,IKSRE,bardi (night sounds)
22041,213858,2349008585,Mike Nigro,Low Light
22041,213859,2421766365,Monokle,1000Work
22041,213861,2582328672,Khruangbin,Les Petits Gris
22067,66156,3660917352,Mene,Our Town
22067,74025,3074414801,Discip,The Way I Like It
22067,75224,3000210231,"Malone, Cameron Jack",Groove Con Clase
22067,139025,3156093591,B Beat Girls,For The Same Man (Nic Fanciulli Extended Remix)
22067,213957,2171602877,Thomas Newson & Sllash & Doppe,Some Chants (Extended Mix)
22067,213958,2967861201,Jonathan Jaramillo,The Systems
22067,213959,1830781187,Rafa Barrios,Colores
22067,213960,3719970182,Ramon Bedoya,Who We Are
22116,40250,2785813762,Traumer,Don't Stahp (Edit)
22116,128990,2777173311,Andrew Azara,Get It Up
22116,214308,2754747691,Ollie S.,Stanton
22116,214309,2828307122,Dachshund,Distingt
22116,214310,2757660651,Jürgen Kirsch,Another Story
22116,214311,2969942281,"Pornbugs, Frink",Grasp
22116,214312,2933723921,Ross Kiser,Hidden Jungle
22116,214313,2804127482,Frink,Siloe
22116,214314,2906434291,Lito (AR),Discordance (Steve Kelley Remix)
22116,214315,2856342642,"Dilby, Cristina Lazic",Everlasting
22116,214316,2794218702,Squep,Realigned (Pornbugs Remix)
22116,214317,2856342622,"Dilby, Cristina Lazic",Infinity (Pornbugs Remix)
22116,214318,2630829442,MATHEI,Flawless (Mihai Popoviciu Remix)
22116,214319,2776219251,Politics Of Dancing,Mamma
22116,214320,2726563601,Pornbugs,Allecram
22116,214321,2683082282,Pornbugs,Solstice
22116,214322,2791937872,Jesse Maas,Goddess Of Flowers
22116,214323,2856342652,"Dilby, Cristina Lazic",Concentrate
22116,214324,2804127502,Frink,Conversa
22116,214325,2703909612,Jay Bliss,Europa Echoes
22116,214326,2828307112,Dachshund,Invisible Dub
22116,214327,45754571,Falko Brocksieper,Frantic Formula
22118,85230,2872764222,Yogg,Painless County
22118,212436,717238362,HTRK,Dream Symbol
22118,214335,2775476771,Box5ive,Sour Kiss
22118,214336,2661739472,Quasar,Reminiscence Dub
22118,214337,2715215542,Panoram,Limbo
22118,214338,2815636512,Lea Lisa,Poem For The Lost Souls (Session Victim Version)
22118,214339,2982841541,Ruti,Lungs (Calibre Extended Remix)
22118,214340,2746842131,Charlotte Day Wilson,Dovetail
22118,214341,2742775271,"NxWorries, Anderson .Paak, Knxwledge, Snoop Dogg, October London",FromHere (feat. Snoop Dogg & October London)
22118,214342,2832124692,ZG,Left Outside
22321,1097,144576706,Paperclip People,Throw
22321,83822,3584532281,Mazzy Star,Fade Into You (Edit)
22321,109812,4275772,Bomb The Bass,Bug Powder Dust (Kruder & Dorfmeister Dub)
22321,161247,90261499,Sub Sub,Past
22321,167009,2766285,Alex Gopher,The Child
22321,187389,3394695,Bent,I Love My Man
22321,211568,15744134,Faithless,Sunday 8 p.m.
22321,215530,967299,Dido,My Life
22321,215531,487057972,Tindersticks,Another Night In
22561,1182,111027984,Black Sheep,Strobelite Honey (Def Mix)
22561,4498,29368651,LFO,LFO (Leeds Warehouse Mix)
22561,6095,1736701287,Bam Bam,Give It to Me
22561,39500,12204815,60 Hertz Project,Capricorn (Ralf GUM Remix)
22561,39578,678756942,Daphne,When You Love Someone (Groove Instrumental)
22561,216734,2708902482,Elements of Life,Moment of Creation
22561,216735,82382002,2001 Remixes,Love Commandments (Ricky Brickyno Remix)
22561,216738,3297153631,Derrick May,R-Theme
22669,70054,3575586401,Charly Lownoise & Mental Theo,Rebel
22669,70092,3575547791,Charly Lownoise & Mental Theo,Live At London (Hardcore Mix)
22669,217785,3575586391,Charly Lownoise & Mental Theo,Your Smile (Happy Hardcore Edit)
22669,228642,3575547811,Charly Lownoise & Mental Theo,Ultimate Sextrack (Bass D & King Matthew Remix)
22669,228855,3576268661,Charly Lownoise & Mental Theo,The Bird (Original Mix)
22669,230000,3575547761,Charly Lownoise & Mental Theo,Get Free (Original Mix)
22669,230001,3575586431,Charly Lownoise & Mental Theo,Once Again
22669,230002,3575586461,Charly Lownoise & Mental Theo,DJ Fuck (Bass-D & King Matthew Remix)
22669,230003,3575586471,Charly Lownoise & Mental Theo,Speedcity (M-Jay & Dan Vee Remix)
22669,230004,3575547741,Charly Lownoise & Mental Theo,Together In Wonderland (Hardcore Mix)
22669,230005,3575586541,Charly Lownoise & Mental Theo,Motherfuck (1996 Remix)
22669,230006,3575547821,Charly Lownoise & Mental Theo,Angels In Your Head (Original Mix)
22669,230007,3575586411,Charly Lownoise & Mental Theo,Skills (Straight Mix)
22669,230008,3575586511,Charly Lownoise & Mental Theo,Verrotted (Stunned Guys Remix)
22669,230009,3575586501,Charly Lownoise & Mental Theo,Gabberfood (Step On Stage Mix)
22669,230010,3575547841,Charly Lownoise & Mental Theo,Descontrolla (Original Mix)
22669,230011,3575586421,Charly Lownoise & Mental Theo,Hardcore Dance (Sydney Remix)
22679,67481,422513222,The Horrorist,Flesh Is the Fever
22679,68440,2832055882,Black Knight,Back to tha 'O' School
22679,217539,2832055902,Black Knight,Keep It Going Now
22679,228645,2898435311,Altar Of Sacrifice,Bang the Drum
22679,229943,2832055892,Black Knight,Bring the Basze
22679,229944,3041877351,Boom-Bastic,Leaders of the New School
22679,229946,2914545891,Attic & Stylzz,Top of the 40
22679,229948,2524662961,Refraction,Hardcore To The Bone
22679,229949,1399663372,Zolex presents Carat Trax,Beautiful Inside (Original Mix)
22957,37303,3679266042,HDER,Johnny Cage
22957,80249,3519038431,KUSS,Capture
22957,195365,3713029522,West Code,Tribalmente
22957,218756,3254081701,Jan Fleck,Machine Learning
22957,218757,2968337141,POST PARANOIA,Third Ear
22957,218758,1817871717,Mython,Die Unverstandenen
22957,218759,3614991792,MÄUK,Distressful Silence
22957,218760,3670374712,Beau Didier,Clips
22957,218761,3517598561,Lake Hills,Brand New Mirror
22960,58549,3158141231,Alien9,Prasaar
22960,82929,2384033185,Ignez,Spirit
22960,97773,3935501081,Sinergy,3&D
22960,124033,3391136081,Avant.OCS,Quantum Shift
22960,173268,3367042441,Serge Taub,Sentinel
22960,180861,3923200681,DJ Dextro,Obliteread Beauty
22960,218777,3805688702,"Vril, Rødhåd, Out Of Place Artefacts",Intergalactic Announcement
22960,218778,3182242511,Volyk Artem,Hyperloop Static (Louis The 4th Remix)
22960,218779,2874809342,Mython,Fuel
22960,218780,3694349452,Roberto Guerrero,La Lágrima (Toru Ikemoto Remix)
22967,56951,3815696002,Silent G,Rapid Eye Movement
22967,58593,2540299461,AES Dana,Ab Initio (Pax Edit)
22967,59222,4139963441,LYRIC,Stop
22967,80951,3761615072,Franco Rossi,Antiqua
22967,110011,2954935571,Vxlr,Fiasko
22967,112581,3669141162,Arkan,Get In
22967,161202,3167467191,Bailey Ibbs,Break Theory
22967,176670,3626671132,Vil,Padrada
22967,179573,3588290871,"Mees Javois, Frenzy",Eigen Risico
22967,189663,3815696022,Silent G,Nightmares on Melatonin
22967,204015,3618747282,Chloe Lula,Rhythm Zero
22967,218819,3717108052,Cimadevilla,Lila
22967,218820,3297248571,OFF / GRID,Protect Ya Deck
22967,218822,2893630661,Lawrence English,...And Clouds For Company (15th Anniversary Edition)
23369,1271,3155480551,Arnold Jarvis,Take Some Time Out (Club)
23369,1532,2444201,Rufus & Chaka Khan,Any Love
23369,6257,4288235,Prince,I Wanna Be Your Lover
23369,34527,68426247,Empress,Dyin' to Be Dancin' (Remix)
23369,43448,2241444227,Men From The Nile featuring Peven Everett,Watch Them Come (Original Mix)
23369,44206,4094974,Chaka Khan,Clouds
23369,61455,7245752,Freddie Hubbard,Red Clay
23369,66384,769293,Wayne Gardiner,Rapid Winds (Wayne Gardiner's 75 mph Mix)
23369,66578,15716660,Steve Miller Band,Macho City
23369,66667,17826701,Brainstorm,Journey To The Light
23369,66817,374283231,Prince & The Revolution,"Erotic City (Make Love Not War Erotic City Come Alive) (12"" Version)"
23369,100910,655501642,Archie Bell & The Drells,Let's Groove
23369,101390,3156074681,The DangerFeel Newbies,What Am I Here For? (NDATL Vocal)
23369,104332,3443323,Donald Byrd,Lansana's Priestess
23369,107852,14874837,The Jacksons,Enjoy Yourself
23369,161281,677418,"Prince, The New Power Generation",Sexy M.F.
23369,179282,4288237,Prince,Sexy Dancer
23369,204686,819500452,Prince,Lady Cab Driver (2019 Remaster)
23369,209612,1635041982,The Stylistics,People Make The World Go Round (LP Version)
23369,221818,24243511,Cameo,She's Strange
23369,221819,80209376,40 Thieves,The Sandpiper (Psychemagik Remix)
23369,221820,69018966,Holy Ghost!,Hold On
23369,221821,3223178421,Ian Dury & The Blockheads,Hit Me with Your Rhythm Stick
23384,1061,2368039545,Soft House Company,What you need
23384,44458,3255476831,Holy Ghost Inc,Walk On Air (Sun & Moon Mix)
23384,58824,674998,Nuyorican Soul,The Nervous Track
23384,125578,3753987682,280 West,Love Masquerade (Sound Foundation Mix)
23384,158942,2278994547,Edgar Winter,Above And Beyond [Original Mix]
23384,180186,1004463932,Soft House Company,A Little Piano
23384,190383,464501992,Sandee,Notice Me (Notice the House Mix)
23384,221977,121588440,Man Friday,"Love Honey, Love Heartache"
23393,52796,420333272,Charles Earland,Coming to You Live
23393,62100,689791852,Sandy Barber,I Think I'll Do Some Stepping (On My Own)
23393,84440,2454254195,Mad Honey & Another Taste,Time Is On Our Side (Edit)
23393,101194,73323618,Barbara Mason,Darling Come Back Home
23393,147022,2454254185,Mad Honey,Setback (Edit)
23393,185922,1749559077,"Lord Funk, Moar",Bella Menina
23393,210324,906514652,"Okyerema Asante, Black Fire, Plunky",Sabi (Black Fire Mix)
23393,222049,477316232,Smith & Mudd,Janet 50 (I:Cube Remix)
23393,222050,2143804747,Nichola Richards,Going Back Where I Belong
23393,222051,1062217122,UC Beatz,Untitled Track 11
23393,222052,2180284567,Alex Rodríguez,El Mercado
23404,34545,3807054782,Crown Heights Affair,"Say a Prayer for Two (12"" Remix)"
23404,43494,676011722,Stevie Wonder,As
23404,64993,1563757,Grace Jones,Private Life (Long Version 2)
23404,66682,1758533507,Thelma Houston,I'm Here Again (Extended Version)
23404,95649,129341712,The Joubert Singers,Stand on the Word (1982 Version)
23404,109051,4191863422,Whitney Houston,Love Will Save The Day (Extended Remix)
23404,140528,93025310,Ashford & Simpson,Stay Free
23404,222131,880300812,Marcus Miller,My Best Friend's Girlfriend
23404,222132,68515325,Depeche Mode,Enjoy the Silence (Timo Maas Extended Remix)
23404,222134,211331,Mario Biondi,This Is What You Are
23404,222136,511109192,Ozo,Anambra (Edited Version)
23404,222137,140449445,Risco Connection,Ain't No Stopping Us Now
23588,36282,1998149317,"Altinbas, Cirkle",Bold
23588,117995,1983052207,Kr!z,Nautilus (Marcal Remix)
23588,128462,2249069547,Justyn Nell,Visions
23588,138755,2435914825,Kr!z,Surge
23588,138861,2892947321,Kashpitzky,False Tales (Original Mix)
23588,178926,2757960501,Linear System,Expander
23588,213253,669774652,Alexander Kowalski,The Path (Psyk Remix)
23588,223344,2106406327,Arthur Robert,You Cannot Hurt Me (Long Version)
23588,223345,1983052177,Kr!z,Atlantis
23588,223346,2102780437,Klint,Knot Theory
23588,223347,2179814877,Linear System,Executive Function
23588,223348,2708028562,Takt,Hip Shaker
23588,223349,1279552012,LHVB,Perspective
23588,223350,2550265382,Falling Echoes,Submersion
23588,223351,2634093192,DJ Handikap,Prayer
23962,37743,69991404,A$AP Ferg,Shabba
23962,47593,3448954741,2star,i want sped up
23962,114154,3718442942,LoveRance,UP! (Beat The Pussy UP) [Radio]
23962,126838,1184324,Kanye West,Gone
23962,153109,1141677,50 Cent,21 Questions
23962,229374,1207003242,Tony Vasquez,Barrington Levy (Original Mix)
23962,229375,2567064772,Lil Wayne,Mrs. Officer (Sped Up)
23962,229377,595746782,BOUTCHA BWA,Police National
23962,229378,2736140851,Asmara,Deviant Eyes
23962,229379,528869531,Kanye West,The New Workout Plan
23962,229380,15489388,Justin Timberlake,LoveStoned / I Think She Knows Interlude
23962,229381,1842063587,Beyoncé,AMERICA HAS A PROBLEM
23962,229382,2323077045,Eric Bellinger,Bed Medicine
23962,229383,2215437577,"Tyler, The Creator",WUSYANAME
23980,34366,3775980822,INVT,AYO DJ
23980,95535,4058527391,D.O.K,Nokia
23980,95536,4144607662,Manga Saint Hilare,In The Dance
23980,95541,3613653432,DE SCHUURMAN,If You Like
23980,103367,3745765812,Hijinx,St[r]utter
23980,107300,3656681742,NC,Do What The Sound Say
23980,107311,609809322,DJ Zinc,Blunt Edge
23980,143941,2721603862,De Schuurman,Bounce (Exclusive Real 09 Bubbling)
23980,229469,3626779482,Henry Greenleaf,All That You Hold Dear
23980,229470,2967949491,Illegal Shipment,Exchange
23980,229472,2811180672,"Oddkut, Logan_olm",No Drama
23980,229473,4037284361,Jarreau Vandal,Dance For Me
23980,229474,4173449362,Yung Felix,Baff Baff
23980,229475,375382331,Terror Danjah,Lyrical Weapon (Instrumental)
24012,60130,3769571492,Entrañas,Pontinha (DJ Motu Remix)
24012,103579,571541,Bow Wow,Like You
24012,106872,3638221062,Mina,Jiggle Saw
24012,157762,3692636742,B I L L Y G,Qual é a dica?
24012,171852,2343648305,Black K,Ca va me donner quoi (feat. Fior 2 Bior)
24012,229655,3310660651,BAMBII,Spit
24012,229656,1363784442,Mulatoh Prod,Tom Tom
24012,229657,3623356672,"Mikado, Yozo",Gadé Sa
24012,229658,2667942982,FLW,Hé Baby
24070,80371,3950952581,Calibre,Pigeon Luncheon
24070,84212,3694047432,Acopia,Anything You Want
24070,122159,3972585321,Gi Gi,Pink Dirt
24070,125878,4151757922,Infant,Piedra Lumbre
24070,127526,414331682,Satoshi & Makoto,Crepuscule Leger
24070,161142,3950952511,Calibre,Little Blend
24070,225859,4184724822,MPU101,Montana Interface
24070,225861,4169779932,Eden Aurelius,Acquiescence
24093,59939,2730601471,Arkajo,Inari
24093,108074,1037549842,Al Wootton,Ender
24093,225774,3360527121,NVST,Backseat Queen (Boss Version)
24093,225959,407231952,Peverelist,Burning Sea
24093,225961,3355933381,R-010,Accidents are unexpected
24093,225962,10881619,"Cardopusher, Atki2",Keep on Truckin
24093,225963,2391339775,freq444,JW12
24093,225964,1648719592,Small Crab,Blue Margarita
24093,225965,1169779762,Artroniks,Intruder
24093,225966,2751363061,Nouveau Monica,See The Light (Hodge Remix)
24093,225967,2758034091,LFL,Non Verbal
24093,225968,2548993732,EM + STAV,Warp
24151,226388,3355828931,"Mary Sue, Clementi Sound Appreciation Club",Intro
24151,226389,3265123021,"Mary Sue, Clementi Sound Appreciation Club",Oracle Bone Script
24151,226390,757643762,Howie Lee,Taihe Blues
24151,226391,3355829051,"Mary Sue, Clementi Sound Appreciation Club",Crabs
24151,226392,3904589,Carabao,Made in Thailand (Instrument)
24151,226393,3355828951,"Mary Sue, Clementi Sound Appreciation Club",Mosquito
24151,226394,115318882,Wu Yuxia,Music of the Taoist Ceremony
24151,226395,3355829031,"Mary Sue, Clementi Sound Appreciation Club",Tiger and the Ceiling
24151,226396,3355829021,"Mary Sue, Clementi Sound Appreciation Club",Minesweeper
24151,226397,3355828961,"Mary Sue, Clementi Sound Appreciation Club",Thief and the Bell
24151,226398,1525464732,JPEGMAFIA,DIRTY!
24151,226399,4028478051,Rezzett,Third Shoe
24151,226400,70595457,Laurel Halo,Chance of Rain
24151,226401,825709642,Lolina,The Missing Evidence
24179,49177,2844590052,Isgwan,Dressed
24179,52354,3974606201,"Reelow, Samira",Ghetto Soul
24179,60853,3288887531,KOLTER,Infinite Slammin (Edit) (Edit)
24179,80628,2494639691,Stacie Fields,Mi Scusi
24179,190649,2205335277,Bushwacka!,All Night In Heaven
24179,193260,2800879882,Ranger Trucco,Milkshake (Original Mix)
24179,226615,3073303551,Somersault,Like This
24179,226616,4039827281,Eletronic Pulse,Los Pollos
24179,226617,2715995972,CESRV,Avisa
24179,226618,2744380571,Milion,Back In The Spot
24179,226619,1403372762,"Marc Spence, Dr Love",Like Dat (Extended Mix)
24330,226605,2462293245,NRBQ,Magnet (The Tour And Other Things Version)
24330,227733,565776222,We All Together,Young people
24330,227734,3637023,Nico,I'm Not Sayin'
24330,227736,970161,The Lovin' Spoonful,You're A Big Boy Now
24330,227737,4116709901,Dave Bartholomew,The Monkey
24330,227738,3982060291,Jon Spencer,No More
24330,227739,2161381607,De La Soul,Oooh / Ghost Weed Skit 01
24330,227740,128774475,The Turtles,You Showed Me (Remastered)
24330,227741,2453853225,Anna Webber,Swell
24330,227742,3002120591,Rat Paws,Sad Girls
24330,227743,788741012,Dusty Springfield,The Other Side Of Life
24330,227744,4644953,Sebadoh,Jaundice
24330,227745,2427840715,"Cecilia Lopez, Ingrid Laubrock",I DON’T SEE IT
24330,227746,1172138132,Little Benny & The Masters,Cat In the Hat
24330,227747,1172138142,Little Benny & The Masters,Do It Fluid
24330,227748,1172138152,Little Benny & The Masters,Back It Up
24570,19784,3750707232,The Salsoul Orchestra,Runaway
24570,43434,1164201832,Asha Puthli,Space Talk
24570,49927,3221211651,Gasper Lawal,Kita-Kita
24570,55473,3340246,Maze,Twilight
24570,55865,3332283,Minnie Riperton,Reasons
24570,57289,1575375,Damian Marley,Welcome To Jamrock
24570,83843,3111140101,Doctor Rockit,Café de Flore
24570,92294,3104611,Bobbi Humphrey,Harlem River Drive
24570,100444,3431638,David Axelrod,Holy Thursday
24570,103710,1003612682,Andreas Vollenweider,Belladonna
24570,107161,1444371422,Sergio Mendes,The Real Thing
24570,107767,1141810,Stargard,"Theme From ""Which Way Is Up"""
24570,116687,11622585,Ini Kamoze,World-A-Music (World A Music)
24570,122303,70880515,CAN,Sunday Jam
24570,154632,1359256572,Compass Point All Stars,Peanut Butter (Remastered 2013)
24570,156853,11622585,Ini Kamoze,World A Music
24570,193048,3209132871,Hubbabubbaklubb,Mopedbart
24570,225420,3104614,Bobbi Humphrey,Jasper Country Man
24570,225609,1733896187,Louis Armstrong,Give Peace a Chance
24570,230450,142105445,Defunkt,"Razor's Edge 12"" Version"
24570,230560,894702642,African Head Charge,Pursuit (Underpulse Motion Dj Edit)
24570,230563,143042950,War,Lonely Feelin' (Live Version)
24570,230564,462926972,Davis Import,I'm Glad You're Mine
24570,230565,70880517,CAN,A spectacle
24570,230566,70207649,Jean-Luc Ponty,Cosmic Messenger
24570,230567,549266582,The Neville Brothers,Sister Rosa
24570,230568,3340844,"Maze, Frankie Beverly",Joy And Pain (Remastered 2004)
24614,62127,643791852,Louie Vega,Cerca de Mi
24614,63901,3491704051,Karma,High Priestess
24614,66231,63793038,Mato,Tribe
24614,84061,12316856,Brooklyn Express,You Need A Change Of Mind
24614,120609,2608267082,Axel Boman,Radionova (Essential Mix)
24614,149045,54599511,Herbert,The Audience
24614,166065,446327662,Depeche Mode,Enjoy the Silence (Hands and Feet Mix)
24614,166906,3155869791,Blaze,Klubtrance
24614,181200,12990819,Ian O'Brien,Yemura
24614,188083,15593563,Michael Jackson,Remember the Time
24614,192023,3148103,Air,La femme d'argent
24614,221472,73988086,Blamma! Blamma!,Zsa Zsa (Psychemagik Remix)
24614,221849,3702051772,Perry Day,Take It Easy
24614,225643,384374451,Cantoma,Talva Lumi (Apiento Remix)
24614,230433,70141952,Ganga,Luna
24614,230550,6408429,Donso,Waati
24614,230935,1618617222,The Art Of Noise,Dreaming In Colour (Wet Dream)
24614,230936,347326631,Talamanca System,My Past Is Your Future
24614,230937,2206533947,Toby Tobias,A Little Bit More
24614,230938,487623662,9DW,Right On (Mushrooms Project Remix)
24657,63824,3668061,Deodato,Skatin'
24657,127281,775764772,Chris Rea,Josephine (2019 Remaster)
24657,221903,3114243,John Tropea,Living in the Jungle
24657,231224,129313254,Nao,DYWM
24657,231226,3823368051,94 East,If You See Me
24657,231227,446040462,"Guilty Simpson, Spacek",Smoking
24657,231228,663326872,Rasa,When Will the Day Come (Instrumental)
24657,231229,818659972,Easy Going,A Gay Time Latin Lover
24657,231230,1218475332,Dorthy Norwood,He's a Friend
24657,231231,130854752,GoldLink,Fall in Love
24657,231232,3045964001,Sander Mölder,In Your Eyes (Lay-Far Remix)
24657,231233,530962051,VanJess,Touch the Floor
24671,93009,3701273722,Abacus,Ancient Technology
24671,158178,3858147281,Warehouse Preservation Society,Data Bliss
24671,159728,3795133402,Slope114,We'll Find Our Way (Radio Slave Remix)
24671,210591,3558168951,"Soulstatejazz, Tom Ellis",Acid Jazz
24671,231297,3805718982,Frank Situation,Horseradish
24671,231298,2204988587,Jovonn,Give It 2 Me
24671,231299,3858147211,5 ATMs,A Dub Called Mondo
24671,231301,2677924212,"Advokkat, Robert Owens",Dreamin (Doc Martin Subwarp Remix)
24678,1324,78304465,Michael Gray,The Weekend (Original 12 Inch Mix)
24678,34405,2198209367,Felix Da Housecat,Rocket Ride (Soulwax Rock It Right Remix)
24678,39449,3356918691,D Stone,Venga People
24678,50230,2794574562,Luuk van Dijk,Get My Lu
24678,231344,3367018461,Easttown,Going Down (Extended)
24678,231345,3082129421,L.P. Rhythm,Changes
24678,231347,2671711042,Vitess,Blue Vision
24678,231348,3343721581,J.K. Rollin,Where's The Party At?
24857,89638,3551641951,Nala Sinephro,Grand Prix
24857,232640,109509094,Michael Brook,Err
24857,232641,3237272101,Ambala,Through The Gate
24857,232642,432161872,The Durutti Column,Portrait For Frazer
24857,232643,2110195187,M. Sage,Mercy Lowlands
24857,232644,2182933537,Peter Culshaw,The Lights are Different
24857,232645,1609549932,Charles Ditto,Western
24857,232646,16502003,Damien Jurado,Maraqopa
24857,232647,2979811551,White Magic for Lovers,Axelrod
24857,232648,3678307142,Nenad Vilović,Sjećanje
24857,232649,2720878702,The Octopus Project,New Horizon
25049,37424,3689886522,Ben Reymann,Rundown
25049,43836,3892264851,Kabay,Unspoken
25049,59228,3615235112,Ben Klock & Fadi Mohem featuring Coby Sey,Clean Slate (Alarico Remix)
25049,143489,3012783071,Franco Rossi,Marina Mercante
25049,170652,3803114442,Raho,Veyrun
25049,179454,1869198017,Quelza,Valkarr
25049,204817,2953774911,KaioBarssalos,Add This To Your Layer
25049,233907,3328486651,Ben Reymann,Meeting in the Dark
25072,43611,3820218541,LWS,Where Did The Time Go (DJ Yirvin & WOST Changa Mix)
25072,71821,3613223572,Sazzle,Shake The Floor
25072,115504,4156274862,holandês,Firme
25072,115973,3727662362,Lamsi,Bend Yo Back
25072,234068,3294113971,Trae Joly,The Thrill
25072,234069,3157722511,"Del Bloque, Monkey Junkie Funky",Fina Edit
25072,234070,3536379981,J. Córdova,Hotwire
25072,234072,3231342771,holandês,GHETTO KIDDO
25175,2560,3946873971,Natural Born Chillers,Rock The Funky Beat
25175,129465,2629694252,Björk,Cover me
25175,234720,3946873861,Natural Born Chillers,Rock The Funky Beat (Original Version)
25175,234750,2517206531,Bombay Jayashri,Kalimaheshwari
25175,234751,1376210782,Nickodemus,Cleopatra in New York (Karuan '07 Remix)
25175,234752,1245302182,Basses Terres,Hebi No Tori
25175,234755,2869400362,Adiel,Inari Dreaming
25175,234757,2660857082,Pastaman,Fear
25175,234758,1926137187,Hired Gun,Try Again
25175,234759,1482440772,Klinical,Around Me VIP
25175,234760,2968371361,Objekt,Ganzfeld (DjRUM Remix - Short Edit)
25316,217210,821153792,I.Q.,Mindtransfer (Hardsurfmix)
25316,228513,3509333941,4-Mega,Drop This
25316,235338,2209288837,Dubwise,Hold Me Real Tight (Escape Mix)
25316,235339,698896322,Illuminatae,Tremora Del Terra (Len Faki Hardspace Mix)
25316,235340,1020031912,Dr. Fernando!,1-3H(N)
25316,235341,68098847,Brett,Davaric
25316,235342,1981339967,Hole In One,N-Counter of the 4th kind
25316,235343,3496836801,Ajax,4 Windows
25472,34000,684815122,Confesser,Old Rocky (Radio Edit)
25472,83813,2534973251,Original Koffee,Toast
25472,197813,763763922,"Amine Edge & DANCE, SerGy, Matt Sassari",Club Lit (Matt Sassari Remix)
25472,236365,699690942,Classmatic,Freakin' Bitch (Radio Edit)
25472,236366,696140212,Jack Whitworth,Amusement (Original Mix)
25472,236368,825634202,Kormak,Keep On (Amine Edge & Dance Remix)
25472,236370,681377412,Allen(IT),Dip & Dip (Radio Edit)
25472,236372,664168852,"Chicks Luv US, Armando (PT)",Too Many Things (Radio Edit)
25522,63951,3594058612,"STATE OFFF, Miss Jay, Omagoqa, Unticipated Soundz, Senarh",Jozi Club
25522,71129,3017712131,Objekt,Worm Dance
25522,116489,3582085041,"Beatrice M., Sub Basics",Slowly Drifting
25522,166539,3207589041,Breaka,Dream Sequence 19
25522,171423,3772938612,"Will Hofbauer, Sangre Voss",UKA
25522,179162,3407900771,inesse,Poltergeist
25522,180733,2462320895,Tristan Arp,Liquid
25522,236832,2656175382,MXC,Tik Tik
25522,236833,3878332121,Junn,Electrónica Disfuncional
25527,44271,1379122832,Purelink,Maintain The Bliss
25527,45746,1625518162,Healion,Vetiver
25527,49772,3918174131,Kincaid,A Second Ending
25527,90907,3833249321,Hoavi,After the Cyclone
25527,151219,105683651,Feingold,Offering
25527,236866,2720971382,Marucoporoporo,Cycle of Love
25527,236867,857812192,Process,Smp-K Option 2
25527,236868,418396652,Linkwood,Love Lost (Musephased By Area)
25527,236869,1699876087,First Epoque,Sequoia Affinis
25527,236870,1570828572,FM Pause,Loop Holes
25527,236871,2268670727,"Perko, Cucina Povera",Sisu (feat. Cucina Povera)
25527,236872,2840407572,Polido,Fuzil
25527,236873,1488540192,Less-O,A Third
25647,138021,1502655372,Fabio Fabor,Idolo moresco
25647,201654,3966835741,Tom Dissevelt,Song Of The Second Moon (Remastered 2026)
25647,237669,7230296,Andrew Rudin,Hybris
25647,237670,3261123911,Oksana Linde,Mariposas Acuáticas
25647,237671,1675166327,Martin Denny,Midnight Cowboy
25647,237674,1677382937,Broadcast,Microtronics 06
25647,237675,743002792,"Ataraxia, Mort Garson",Astral Projection
25647,237676,3908665851,Powell,pamela!
25647,237677,130412278,Silver Apples,Velvet Cave
25647,237679,880381292,Omar Khorshid,Pop Corn
25647,237680,2044567707,Dorsey Dodd,You're So Vain
25807,36508,3599596362,x3butterfly,Abysmal Yearning
25807,38256,3265911631,Tracey,Sex Life
25807,73560,3691368742,Trois-Quarts Taxi System,Vision
25807,182580,3585532001,"Yes Stanley, Donija",Electrolux 2.0
25807,184028,2445508085,La Dame,Conscious
25807,227929,3034665321,King Softy,Selobrate!
25807,238936,3282935881,royalbrut,so haub
25807,238937,3789458942,Pal Parallax,Bee Mask
25807,238938,382278001,The Illuminated,Scavenger (TMSV Remix) (Remix)
25807,238939,770344082,Compa,Earths Orbit (Original Mix)
25946,104039,3319328811,Andreas Tilliander & Goran Kajfes,Montes Caucasus
25946,239938,5785968,Mira Calix,Memoryofamomentlost
25946,239939,3646812102,David Shea,Memories Of Sitting In A Painted Cave
25946,239940,3777779762,Laura Cannell,The Toil of Day is Ebbing
25946,239941,3470347701,Anton Friisgaard,Solesia
25946,239942,1476443952,Houeida Hedfi,Echos de Medjerda
25946,239943,3935215711,Matteo Scaioli,Aspettando il tempo
25946,239944,3099441301,Vox Vulgaris,Ave donna santissima
25946,239945,2507309041,"Andreas Gerth, Carl Oesterhelt",Les cycles extatiques
25974,36148,1918840977,w1b0,Program Yourself to Feel
25974,95765,1622472722,Mr. Ho,Quit Startin'
25974,179845,1038262152,CRISPR,Chromosomal Islands
25974,240123,448278792,Dwellz,Hanibal Lectro
25974,240124,1401565642,Carl Finlow,Engines of Creation
25974,240125,2644096722,214,Ground Patching
25974,240126,6310815,Bass Junkie,R.M.T.S
25974,240127,67113181,Plant43,Cogs Are Turning
25974,240128,1781865917,Ben Pest,1 4 The Team
25974,240129,571140082,"DJ Freaky Fred, MC Nas-D",Push It Real Good
25974,240131,2866716712,MCR-T,OG LOC
26023,53494,646312932,Edwin Starr,War
26023,58184,3613215,Yes,Owner of a Lonely Heart
26023,87511,1040835432,Liam Bailey,Champion
26023,107825,2582922132,Caribou,Sun
26023,222246,15528002,Fugees,How Many Mics
26023,240429,1635040072,Handsome Boy Modeling School,The Truth
26023,240430,3886149851,De Strangers,Bad Energies
26023,240431,1408771902,Rotary Connection,Sunshine Of Your Love
26023,240432,2245005307,Obongjayar,Just Cool
26023,240433,3893192521,gt1boiavantcsurr,COCO
26023,240434,3857822141,Marlon Craft,Come Back Home
26023,240435,1019795,Gino Paoli,Il cielo in una stanza
26023,240436,1151747,Bettye Crutcher,Sleepy People (Album Version)
26023,240437,764314562,Lucio Battisti,Il tempo di morire
26023,240438,3788851542,Danno,Il blues di Gundabad
26023,240439,13185887,Aswad,Natural Progression (Remastered Album Version)
26023,240440,3842705521,Thundercat,She Knows Too Much
26023,240441,74692167,MC Serch,Back To The Grill
26023,240442,3329519,Motel Connection,Db Volante
26023,240443,3836413311,KeepVibesNear,Love N Drugs
26023,240444,3135651,Guru's Jazzmatazz,Night Vision (feat. Isaac Hayes)
26023,240445,3590305251,Chronixx,Love Is on the Mountain
26070,44455,1391840652,Nice Girl,The Coming
26070,67228,1002342862,Yssue,Riddim The Dirt
26070,72732,2530927941,Leo Cap,Don't Move
26070,74471,3741845352,Mytron,Quasar
26070,96510,2617224452,TSVI,Parhasar
26070,156454,3704668292,Jana Koubková,Nijana (Trent Remix)
26070,166443,2812633642,Zadeh,Payam (Dub)
26070,169393,2297321945,Toya Delazy,QOBA
26070,240803,2983028061,Dumbo Tracks,Always Something (Indra Dunis Vocal Version)
26070,240804,3077915761,Mada.Mada,Sin Sax
26070,240805,1610201462,Kusht,Lorenzo's Forest
26070,240806,3448825461,Upercent,Choo Choo
26070,240807,2644652672,Zen Baboon,The ring (Summer mixes)
26070,240808,3865321961,Verito Asprilla,Malo H
26070,240809,4022332631,Bontan,La Candelaria
26070,240810,2866902622,Colter Carson,Alto Voltaje
26133,51637,3593393042,"Yet More, MANTi, Bákayan, Auggië",Trust Me
26133,67914,3531834141,"Yet More, Selim Sivade",TELL HER NEVER
26133,68761,3689808952,Jimi Jules,Turbo Rosso
26133,142378,4114179801,Jimi Jules,Whisper To Me
26133,153667,3567162661,Argia,Dont Fight
26133,202864,3356505661,Âme,Don't Waste My Time
26133,223983,3241493871,"Trikk, MEUTE",Raiva
26133,251222,3558185301,Vilusic,Just Wanna Fly
26142,977,65436681,Maya Jane Coles,Nowhere (Original Mix)
26142,68529,486420362,Murr,Fables and Fairytales (Adam Marshall into the Sprit Lands Mix)
26142,83764,2334303565,AFAR,Low High (Jonathan Kaspar Remix)
26142,109309,3241443681,Secret Echoes,Particles (Angelos Remix)
26142,165150,3200803771,"Baime, VALON",Movement of Love (Golden Hour Remix)
26142,251164,3180813571,King Julian,Let Me Go
26142,251165,3180813581,King Julian,Let Me Go (Extended Mix)
26142,251168,3441279551,Dole & Kom,Move On (Radio-Edit)
26142,251170,3371813761,Motip White,Mango (Golden Hour Remix)
26349,453,3265498371,Barry Can’t Swim,Different
26349,4686,2197089507,"Jackmaster, Skream",The Attention Deficit Track (Terrace Mix)
26349,34625,1011114312,Layo and bushwacka!,Love Story (vs Finally) (Tim Deluxe Club Mix)
26349,54625,2696294422,Saoirse,Mangomouse
26349,65351,2353576045,Redlight,Drop Down
26349,82698,1047390262,"Love Regenerator, Steve Lacy",Live Without Your Love (Mark Broom Remix)
26349,88397,2465912505,Nic Fanciulli,U Gotta
26349,106259,2688783862,"The Martinez Brothers, Tokischa, Nick León",KILO (Nick León Remix)
26349,110543,2883035272,Sally C,Hit It
26349,122329,3290757631,Bambounou,Levantarse
26349,147404,1683623457,LSDXOXO,Mutant Exotic (BADSISTA Remix)
26349,179052,3179248541,Eden Burns,Trick
26349,207098,1012446372,Layo & Bushwacka,Love Story (Original Version)
26349,241996,2993964451,Breach,Everything You Never Had (We Had It All) (Extended Mix)
26349,241998,2693290722,Lost Souls Of Saturn,Click (Pangaea Remix)
26349,241999,2808876742,Daisy Moon,Tonyo
26349,242000,3157815071,"Armand Van Helden, Brittles",NEMO
26349,242001,1726457217,Redshape,Release Me (Base Mix)
26354,5632,4050308921,Love Revolution,Give It To Me Baby
26354,24415,937488,The Prodigy,Charly (Alley Cat Mix)
26354,85051,2206618147,Austin,I Get High (Munchies Mix)
26354,217232,1880807567,The Badman Presents N.D.X,Come with Me (Naked Dance Mix)
26354,218004,1095835212,Rotor,Kaleidoscope (2020 Remaster)
26354,242023,61234799,P.W.M.,Are You Ready To Move (Cuhrch Mix)
26354,242024,2351909015,"Kevin Saunderson, Santonio","The Savage & Beyond, Faces And Phases (Special Sampler Vinyl Pack)"
26354,242026,2208356117,easymo,nightmare
26354,242027,1464160242,Automation,Drone
26354,242029,2010568897,Colonel Trip,Flash Two
26379,88679,484807982,Tjark,"Tjark ""Fulltime"" (Original Tjark Version)"
26379,99077,11667122,Jas,Belly
26379,144057,109713890,Röyksopp,Poor Leno
26379,163200,11677828,Descent,Projection
26379,242120,493005172,Luke Le Mans,The Docks
26379,242121,22463211,C.I.T.,Like Hell
26379,242122,2199694917,Oriol Benedet,Genetica
26379,242123,1043955292,Kill,France
26729,6466,80196130,Obsessive,Tune in Turn out-1
26729,78776,13739864,Igor,Talking about god
26729,228855,3576268661,Charly Lownoise & Mental Theo,The Bird (Original Mix)
26729,230216,3000393341,WasteLand,Is It Acceptable?
26729,243170,1355526052,The Speed Freak,Red Poison Part 3 (Redrum by Stormtrooper)
26729,243171,3186859261,The Undertaker,You're Finished
26729,243172,1971789217,Hardsequencer,Sequencer Orgasm
26729,243173,3585345721,Sperminator,Overkill
26729,243175,3197900941,WasteLand,Get Off Your Ass!
26729,243176,635260282,B.C. Kid,Go Boom!
26729,243177,77427816,RMB,The Place to Be
26741,67630,5740502,Dj Skinhead,Extreme Terror (Pain Mix)
26741,70244,648078732,Disciples of Annihilation,Wanna Be a Gangster
26741,93547,2830611932,Euromasters,Alles naar de klote (Wij doen niet mee aan de moduh Mix)
26741,229974,2960400201,Warlock,Reality Is a Nightmare (South of Heaven Mix)
26741,230117,2960400221,Warlock,Ultra Hard Frequencies
26741,234925,1043319422,Disciples of Annihilation,My House
26741,235082,2832085582,Two Terrorists,I Come from Brooklyn
26741,240974,2960400231,Warlock,Yo DJ
26741,241083,2969712431,T.O.P.D.R.O.P.,Achtung! (Rob Gee Remix)
26741,241142,2349026,Lenny Dee,I Made A Change
26741,241265,530300701,Bob Marley & The Wailers,I Shot the Sheriff
26741,242041,2930054351,DJ Gizmo,Ghost
26741,242719,2831933342,Rotterdam Termination Source,Child Abuser
26741,243103,5740493,Dj Skinhead,Remixen
26741,243222,2960400211,Warlock,Reality Is a Nightmare (Satanic Mix)
26848,102176,2906661761,Ludwig Wandinger,Vien
26848,102493,2246483947,Richie Culver,Love Like an Abscess (Aho Ssan Remix)
26848,227512,2952176281,HULUBALANG,Budakkawan
26848,243518,959873052,Nahash,The Horns (Elvin Brandhi Remix)
26848,243519,2652254002,bela,The Sage
26848,243520,799415052,Liturgy,HAJJ
26848,243521,1417454832,Paraadiso,Unisono
26848,243522,2406586795,emptyset,cinder
26848,243523,2665569672,Tristan Tzara,Ah Feel Like Ah Said
26858,109752,3515287181,Bendik Giske,Slipping (Carmen Villain remix)
26858,140469,1064810172,Panda Lassow,Stability
26858,158863,3314376161,"Cardozo, BZZHOUND",Sobelooo
26858,189242,850875112,Tlaotlon,Myriade
26858,196615,3560922261,Pharma,Unity
26858,243565,1566279062,Carmen Villain,Liminal Space
26858,243566,828151832,The Nag's Head,Transaction Ritual
26858,243567,901397912,Laurine Frost,Scouting The Innocence During Snowfall
26858,243568,82703088,Ramadanman,Tumble
26858,243569,2438562285,Wishmountain,Headrush
26858,243570,3444605821,KALOZIN,Jussara Chapada
26858,243572,2940310361,flywheel,Writ Large
26858,243573,2999766691,Lechuga Zafiro,Tero Sex (Danza para piedra volcánica y tero)
26858,243574,2468009235,Undrwght,Tritón
26858,243575,2946246111,"Chants, Dave Schoepke",Cavernicole
26858,243576,2999766661,Lechuga Zafiro,Botellharpa
26858,243577,3380144111,Robert Johnson and Punchdrunks,Not Today Satan
26858,243578,3487750711,CxBxT,Hoshi o Atsumete
26952,38452,2421127645,Brazy,Attends
26952,38456,3710456602,BLNDE,Omo To Sexy (Remix)
26952,50785,3307440641,Bab Lee,Sous les cocotiers
26952,57868,2389970545,Dennis Ferrer,How Do I Let Go (Instrumental)
26952,64797,2905959641,Biggy Lass,This Is How We Celebrate
26952,85101,484861392,"Kentphonik, Khensy",Hiya Kaya (Rocco Deep Mix)
26952,86499,422610862,Toyin Agbetu,Heartbreaker
26952,91448,1919173307,Freezy,Split In di Middle
26952,93778,3401350401,"LoMalo, Jstlbby",Get Motivated
26952,244289,1516823022,Fiyahdred,Da Mellowdee
26952,244290,3962190741,Dennis Ferrer,How Do I Let Go (Mixed)
26952,244291,141340367,Rihanna,Sex With Me (Salva Remix)
26952,244294,2876974952,Rema,MARCH AM
26952,244295,3293348791,"MC Lizzie, #estudeofunk",Casada
26955,73729,696931002,"Fonzo, aæe",Bowow
26955,113210,62681340,Redlight,What You Talking About!? (A Cappella)
26955,147633,3916014521,Grace Wolfe,Scratch the Itch
26955,163549,3690043532,Danny Byrd,Made In Romania (Anaïs 140 VIP)
26955,165020,3299192541,Sierpinski,Goulash
26955,165123,3809222342,Tom Oakley,E-Ssential
26955,181497,2656103342,Krust,Angles
26955,182630,3116549041,Arkyn (UK),Lovin' That You're Givin'
26955,184227,3625000472,Tim Reaper,Z Shell
26955,228462,632782462,Oaysis,Incredible Bass (Slipmatt Remix)
26955,244309,3325019681,Vextra,Be There (Mister Squiz Remix)
26955,244310,2364934085,Dunman,Abyss
26955,244311,1627134652,Jason Code,Bodyyy
26955,244313,3411699081,"Jaikea, JT",4x4 Symphony in Eb Minor
26955,244314,3630109082,J2S,Jawbreaker (4X4 SWITCH)
26955,244315,3954822941,Some Guest,Skooma
26955,244316,2488097451,Dwarde,So True
26955,244317,3648112752,DJ B,Steal My Man
26955,244320,2865314892,Dj Kos,Out of Reach (Ascend Remix)
26955,244321,3916014551,Grace Wolfe,Promoter
27024,72919,1740075817,Murder He Wrote,Drop
27024,141895,2240311427,"Duowe, Picasso",Everl00p
27024,221879,68357602,Sahib Shihab,Om Mani Padme Hum
27024,229097,74617039,Wen,Swingin' (LDN Mix)
27024,236624,3974897671,Kercha,Disarray
27024,245026,129531344,Aged in Harmony,Trust Me
27024,245027,1755835467,Longhair,Angry Professor
27024,245028,1768956097,Reda Saiarh,Kiki
27024,245029,1731803657,Nicola Cruz,Neo Costeno
27024,245030,1732913127,DJ Chrysalis,I Want To Dance
27024,245032,1727232687,Brandon Coleman,We Change (Part II)
27024,245033,1745260927,Zeitgeist Freedom Energy Exchange,Rendezvous (Close Counters Lazer Tag Flip)
27024,245034,3686633112,Rebecca Vasmant,Procrastination
27024,245035,1747431957,Ngoni Egan,Kalahari to Fingal
27024,245036,1384208182,Boxcutter,A Good Reason
27024,245037,1550184572,Bellita & Jazztumbatá,Oyelo Sonar
27024,245038,4101361461,XXXY,Iridescent
27024,245039,1709554007,Re:fill,Impulse (SofaTalk Remix)
27024,245040,1725464887,"LJ, Paul Domino",Colour Blind
27024,245041,1709444967,"Lord, Dego",Metonymy and Synecdoche
27024,245042,2764748681,B9,Biocup
27026,61997,2374005165,Paul Johnson,A Little Suntin Suntin
27026,65271,1676046597,Simisea,Dámelo
27026,132282,1630428652,Jack J,Clues (Part II)
27026,141895,2240311427,"Duowe, Picasso",Everl00p
27026,149206,2515803411,Ronan,Geodesis
27026,155030,1597466092,Forest Drive West,Anchor
27026,215985,3637670552,Soichi Terada,CPM
27026,245000,3637670492,Soichi Terada,Saturday Love Sunday
27026,245046,1788694677,Shamos,H.D
27026,245047,2676063762,Omar S,Inner Love (Instrumental Mix)
27026,245048,480709192,Charles Webster,Feeling Good
27026,245051,14002255,Sully,Encona
27026,245052,456687682,"Subance, Uncle Ellis",Back Bend (Remix)
27026,245053,143733976,95 South,Club Mix
27026,245054,2424485405,Priori,2-9-1 (Bambounou Remix)
27046,166802,862032752,"Batu, Lurka",Curved (Bambounou Hyper Street Remix)
27046,245224,1489737012,Neinzer,Elliptical Footsteps
27046,245225,901397812,Benoit B,Nanga
27046,245226,864755192,Crooked Finger,Hands On the Hips and Elbows Turned Outwards (Hodge Remix)
27046,245227,863759582,Wolfram,Automatic Dub (Cabletoy Remix)
27046,245228,3149559651,Delroy Edwards,Slap Happy
27046,245229,1212600112,Phillipi,Gelo Seco
27046,245230,2201976937,Blake Baxter,Combustable (Four Track Remix)
27046,245231,2432568585,Heritage,Suburban Dreams
27046,245232,887639882,Holloway,Echo Tone (Original Mix)
27046,245234,422512862,Ian Pooley,900 Degrees (Tom Middleton Dub)
27046,245235,378794431,Tony Di Bart,The Real Thing (Radio Edit)
27046,245236,2102956277,Diamonds & Pearls,What You Do To Disco
27046,245237,2450189705,Stones Taro,Digital Vintage
27121,94411,660489402,Petar Dundo,Rain (Echospace Reduction)
27121,110464,3702432622,Lisière Collectif,L - 1805 - 14
27121,224598,3311444511,Joachim Spieth,Chain (Original Mix)
27121,245870,418296972,Alfonso,Drifted Away
27121,245871,3390184041,cv313,Our Life With The Wave (cv313 + Federsen Dub)
27121,245872,1373256302,Sirko Müller,Explore (Original Mix)
27121,245873,478107202,Smyglyssna,Insvept I Papper
27121,245874,88824199,Conforce,Machine Conspiracy
27121,245876,3210748361,Alexander Wirth,Another Round (feat. Mantsche)
27121,245877,15838346,XDB,FEB
27128,48249,3889434471,Dry Cleaning,Sliced by a Fingernail
27128,121536,3834180101,Star Moles,Overdog
27128,129654,3833249271,Hoavi,Song of the Forgotten
27128,245938,1637422652,Richard & Linda Thompson,"Dark End Of The Street (Live At Queen Elizabeth Hall, London / 1975)"
27128,245939,675358642,Sparklehorse,Apple Bed
27128,245941,3833249291,Hoavi,Keris
27128,245942,3876578321,Alba Akvama,Blue Body
27128,245944,4308659,Nick Drake,Hanging On A Star
27156,246187,572316792,Nelson Cavaquinho,Juízo Final
27156,246188,3119951,Clementina De Jesus,Marinheiro Só
27156,246189,559706802,"Christina, João Nogueira",Linguagem Do Morro / Favela / O Samba Do Operario
27156,246190,3411558,Cartola,Alvorada
27156,246191,3530247,Leci Brandão,Zé Do Caroço
27156,246192,116227568,Estação Primeira de Mangueira,Lendas do Abaeté
27156,246193,876366722,Nelson Sargento,Agoniza Mas Não Morre
27156,246194,804990572,Marina Iris,História Pra Ninar Gente Grande
27156,246195,16093635,Jamelão,Exaltação À Mangueira
27156,246197,1591976961,Samba academy,Las Fiestas
27156,246198,895411152,Thobias Da Vai-Vai,Caymmi Mostra Ao Mundo o Que a Bahia e Mangueira Têm
27225,38052,357502961,Mount Kimbie,Marilyn
27225,40959,7599596,Slowdive,Crazy for You (Alternative Version (Demo Version))
27225,60967,3902405211,mu tate,choreography of life
27225,62530,65704120,John Beltran,Seasons Go
27225,83592,79169299,Kool Music,Green Mountain Beauties
27225,93586,3769671272,Will Graefe,I Envy Light
27225,97250,4064165401,Junior Mesa,"Quit Your Job, Runaway!"
27225,103902,3877361871,Marc Leclair,114e jour
27225,146281,2000640837,Emahoy Tsege Mariam Gebru,The Homeless Wanderer
27225,158088,3454031931,Sister Irene O'Connor,Messe du Saint Esprit
27225,176394,3785970062,Ali Farka Touré,Cinquante six
27225,246716,3680129922,Shane Parish,Slip
27225,246746,3893240401,Competition,exercise i
27225,246747,3104892,Fred Neil,Faretheewell (Fred's Tune)
27225,246748,968199892,"Andy Irvine & Paul Brady, Andy Irvine, Paul Brady",Lough Erne Shore
27225,246749,1649367312,"Mairéad Ní Mhaonaigh, Frankie Kennedy",An Clár Bog Déil
27225,246751,89285699,Lamont Dozier,Interlude
27225,246752,3786041692,Moby,Memory Gospel
27225,246753,1375444122,Washington Phillips,Take Your Burden to the Lord and Leave It There
27260,146089,3749735102,Racecourse,Caledonia
27260,159598,3562060611,Oneohtrix Point Never,Fear of Symmetry
27260,225346,552374902,Mandrill,Fencewalk
27260,247032,1073116,Prefab Sprout,Couldn't Bear to Be Special
27260,247033,11135606,Lorna,Understanding Heavy Metal Parts I And II
27260,247034,2660196842,sugar plant,rise (2024 Remaster)
27260,247035,1579598832,SALON MUSIC,WANNA BE TIED
27260,247036,3693893342,Mother Soki,Joneses
27260,247037,2135428397,Blu Bone,WICKED WOMB
27260,247038,3282858121,Eternal,Remember
27260,247039,77542263,Linda Bruner,Wichita Lineman
27260,247040,95085776,Led Zeppelin,Houses of the Holy (Remaster)
27331,78202,3713180812,Axel Boman,Bhuka Dub
27331,112564,539128,Groove Armada,Superstylin' (GA10 Version)
27331,122149,3649958322,DJ Himitsu,Echo Dub
27331,157159,3529854071,Tolouse Low Trax,Amp
27331,158360,10239727,The Irresistible Force,Power - Mixmaster Morris remix
27331,247569,3647552712,Plants Heal,Yarrow
27331,247570,3571626301,"N1_SOUND, Ras Yunchie",Never Knew
27331,247571,3184399,Tranquility Bass,We All Want To Be Free (Ultramarine Remix)
27331,247572,2255222087,E.S.T,Scrutiny
27331,247574,105179224,Riccicomoto,Jeggedy Quest
27331,247575,3574951051,Tiombé Lockhart,I Divine
27377,38522,2009970157,Donald's House,VGF (DUB)
27377,113868,89867341,King Tutt,You've Got Me Hung Up
27377,131488,1070333722,Barrabas,Turn to Love
27377,147528,3702051042,Yam Who?,Higher
27377,157917,424565892,Tears For Fears,Head Over Heels
27377,195175,2312049,Bill Withers,Sweet Wanomi
27377,247877,3113217061,Soft Keys,Bubbles (Soap Mix)
27377,247878,3155434151,Peven Everett,This Just In
27377,247879,1901149347,Dena,Imaginary Friends
27479,905,3155507911,Jon Cutler,It's Yours (Distant Music Mix)
27479,1248,3155869741,Blaze,My Beat
27479,1315,3155977141,Michelle Ayers,Respect (Def Classic Mix)
27479,6387,3155873281,Funky People,Funky People (Klubhead Vocal)
27479,215758,3155890401,"Urban Blues Project, Michael Procter",Deliver Me (UBP Vocal Mix)
27479,220642,3155419491,WAWA,No Problem (Dub Mix)
27479,257726,2746055651,Nars,I Wanna Know
27479,257727,3155888681,Kings Of Tomorrow,I Hear My Calling (Vocal Mix)
27479,257728,3155867801,Amira,My Desire (Blaze's Klubhead Vocal)
27479,257729,3155500621,"Mike Dunn, MD X-Spress",This Here Is House Muzik (Mike Dunn Main Vocal Mixx)
27479,257730,3155605631,Olene Kadar,Baby Keep It Up (Pooley's Main Mix)
27479,257731,3155868241,DJ Gregory,And (Kerri Chandler Remix)
27479,257732,3155482271,Guy Costley,"Somebody Here (Larry Patterson 12"" Mix)"
27495,924,3156086621,Boys Noize,Mvinline (Extended Mix)
27495,34646,1647666182,Gladys Knight & The Pips,"Bourgie', Bourgie'"
27495,144205,2288314,Stephanie Mills,Never Knew Love Like This Before
27495,175256,3156112971,Mike Dunn,Natural High (Dirty Channels Remix)
27495,200587,581145342,Lindstrøm,Vōs-Sākō-Rv (Todd Terje Extended Mix - Dub Version)
27495,257657,3155866491,Mark Picchiotti,Pump The Boogie (Mark Picchiotti's Re-Pumped Extended Mix)
27495,257658,3155858401,Debbie Jacobs,Don't You Want My Love (Full Intention Disco Mix)
27495,257659,729445652,Dan Shake,Bert's Groove
27495,257660,3155933711,The UK Shapeshifters,Lola's Theme Recut (Dr Packer Extended Remix)
27495,257661,3156033801,Horse Meat Disco,Let's Go Dancing (Dr Packer Extended Remix)
27495,257662,3669256332,Jessie Ware,Save A Kiss (TEED Remix)
27495,257663,3706346932,Róisín Murphy,Incapable (Dimitri From Paris & Aeroplane Remix)
27520,43228,407666502,Bassbear,Dancefloor Jam
27520,46781,770610202,MikeQ,Don'tUUU
27520,94421,730649182,Djrum,Hard to Say
27520,248408,714477522,PlayPlay,Truromance
27520,248410,428924772,Dj Lilman,Pop Anthem
27520,248411,31311751,DJ Lilman,Sexy Walk (feat. Ms Porsh)
27520,248412,11860244,Dj Nelson,El Sonido (Del Ritmo)
27520,248414,139523861,Raito,Speaker Burner
27520,248415,2202001847,Skin On Skin,Got Me Fucked Up (Mall Grab Remix)
27520,248416,3204760591,Chrissy,U Can't Stop (Remastered)
27520,248417,2205242607,Raven (CA),Saint
27520,248418,908615982,aamourocean,Undrgrnd
27520,248419,109613181,Supraman & Kieran Loftus,All Yaw Tracks Wack
27520,248420,703149532,RUI HO,The Heat
27520,248421,1053953612,Dasychira,Swing
27520,248422,3251248071,Stasya,Culpa
27545,38107,3156009831,Shuya Okino,Still In Love (Kyodai Extended Remix)
27545,66592,1081654432,Dave Lee feat. Billy Valentine,Power of the Mind (JN Redemption Mix)
27545,225290,1053310422,Jungle Wonz,Human Condition
27545,248634,3156052931,Horse Meat Disco,"Love If You Need It (Extended 12"" Mix)"
27545,257530,722087712,Zo!,Step Up Front
27545,257531,3562732421,Laroye,Twisted
27545,257532,3155991201,K London Posse,I Believe (ATFC Extended Remix)
27545,257533,2007894167,The Sunburst Band,He Is (Dave Lee Remastered Spotify Edit)
27545,257534,1013297342,Jon Gravy,Golden Hour (Original Mix)
27545,257535,2148867787,Kassian,Apollo
27545,257536,3156117791,Thernero,Faith (Extended Mix)
27545,257537,3562732991,Black Loops,Fresh 16
27545,257538,3156117781,Thernero,Look Ahead (Extended Mix)
27545,257539,3156118601,Moon Rocket,Melting Pot (Angelo Ferreri Extended Remix)
27545,257540,3156124791,Low Steppa,Love Jam (Extended Mix)
27545,257541,882959512,"Simon Adams, Stefano Mango",Me & You (Miguel Migs Remix)
27545,257542,1413151402,Jay Vegas,Everybody (Jay Vegas Edit)
27590,5977,3801693252,Fatboy Slim,Ya Mama
27590,68129,3801693262,Fatboy Slim,Ya Mama (FBS Loves MOGUAI and Carola Edit)
27590,88636,3735935192,Jacq (UK),Helter Skelter
27590,88638,2496404341,Afriqua,Da Whip
27590,88639,3210524511,Fatboy Slim,Bus Stop Please
27590,224616,3616544,The Doobie Brothers,Long Train Runnin'
27590,248779,404235782,Steve Miller Band,Space Intro (Remastered 2017)
27590,248781,2585014362,Simioli,Burning Down the House (Extended Mix)
27590,248782,3735927052,"David Morales, Wh0, Sam Frandisco & Steve Martano",Needin' U (Extended Mix)
27590,248784,3382633411,Poolhaus,Bad Boi (Extended Mix)
27590,248785,2376332975,Poolhaus,Bad Boi
27655,959,3155489561,DJ Gregory,Attend 1
27655,58300,3155984761,NYC Live & Direct,Move Like This (Chronicles Mix)
27655,63114,3156096461,Honey Dijon,Not About You (Extended Mix)
27655,82380,2676118142,Bob Sinclar,Disco 2000 Selector
27655,96677,141443757,Mr. G,Miss Nasty
27655,113183,1512074702,Ash Lauryn,Life Is Back
27655,160369,3228928771,Sophie Lloyd,Calling Out (Floorplan Extended Revival Mix)
27655,176301,1189731,Kleeer,I Love to Dance
27655,233479,1473560392,Ruf Dug,Make This Right
27655,248965,1431439622,DJ Kemit & Luke Austin present The Lounge Lizards,Intro To Dance
27655,248981,2471732211,Flight Facilities,Lights Up (Honey Dijon Remix)
27655,249050,1435845802,Malfie,Swinging A Beat Like This
27655,249097,2706140992,Kameelah Waheed,America the Beautiful (With Guitar)
27655,249099,2090394387,Camille Safiya,Coco Kane
27655,249100,3788485342,Jeff Dougler & Balu,Coming Down (Original Mix)
27655,249101,1469191152,Anané,Tell Me That I'm Dreaming (Louie Vega Mix Instrumental)
27672,114084,426976312,Whitney Houston,I'm Every Woman (Clivilles & Cole House Mix I)
27672,209788,1675832247,Dirty Channels,Let Love In (Extended Vocal Mix)
27672,209813,3156096991,"Mark Picchiotti, The Absolute",I Believe (Sophie Lloyd Extended Remix)
27672,221893,95962062,Gladys Knight & The Pips,It's a Better Than Good Time (Full Extended Mix)
27672,248948,2813630,Starpoint,It's All Yours
27672,249183,1461144282,"Mark Funk, Danny Cruz, Mirko, Meex",Good Lovin
27672,249184,2447505275,Husko,Goodnight
27672,249185,2472007781,Flight Facilities,Heavy (Folamour Remix)
27672,249186,3156033981,Spiller,Groovejet (If This Ain't Love) (Breakbot & Irfane Remix)
27692,67995,740084862,Rockers Revenge,Walking On Sunshine (Full Intention Vocal Dub)
27692,176241,1501621342,"Joey Negro, Dave Lee, The Sunburst Band",Everyday (Joey Negro Radio Edit)
27692,244499,140801633,Johnick,Good Time
27692,248795,3155870811,"Ron Hall, The MuthaFunkaz",The Way You Love Me (Dim's T.S.O.P. Version - Dimitri from Paris Glitterbox Retouch)
27692,249236,3156192491,"Riva Starr, Soul City Connection",Brotherly Love Divine (Extended Bootleg Edit)
27692,249288,493897142,René & Angela,Free And Easy
27692,249289,3850879871,Bosq,Can't Seem to Hide
27692,249290,3642641072,Nyra,Love Safari
27692,249291,467762852,Chemise,She Can't Love You (Remix)
27709,41504,4053479241,Deer Jade,Acid Groove Theory
27709,69039,3938333421,Kebin van Reeken,Tribalism
27709,170325,4076720441,Kostya Outta,Feel It
27709,249388,4096419981,Aler,Rising Kelly (Extended Mix)
27709,249389,4097731581,J.P. Velardi,Triangle (Seesko Remix)
27709,249391,4121400591,Will Daley,Beyond Logic
27709,249392,4115487631,Sinkix,Hyperion (K Loveski Remix)
27709,249393,3950579401,Menkee,Spectral Rush
27709,249395,3773726502,Mayonie,Break
27891,39499,486329932,Head High,Rave (Dirt Mix)
27891,60316,3964969791,Jinjé,Tokyoto
27891,61469,3859834151,Salt Queen,ARE U OK (Freak Nasty Club Mix)
27891,64343,3968341261,Demuja,Stop Asking Me
27891,96700,3631628112,C.L.A.W.S.,Wild Slugs United
27891,110145,3868419411,Jon Dasilva,Sun Brings Joy (feat. Donald Waugh) [Isle of Acid Mix] (Isle of Acid Mix)
27891,156584,3788828032,Underground Resistance,The Outer Darkness
27891,163469,3761385342,Pigeon Steve,Unboxing A Mantis Shrimp (82J6 Maison Mix)
27891,167802,2832378132,Olof Dreijer & Diva Cruz,Acuyuye
27891,171129,3927197481,Dimitri Andreas,Jungle Circus
27891,250205,3811262922,Hiatt dB,Wild Wild West
27891,250206,2432778295,Alexander East,Have U Ever (Remaster)
27891,250207,3534737431,Seed Selector,Keep Holding
27891,250208,3451914901,oOgo,Phô Real
27891,250209,3957763031,Charles Petersohn,Myth Versus Reality (Als420 Remix)
27891,250210,2922996291,Tamarugo,Salto House
27891,250211,64996576,Stranger Bay,So Unnecessary
27891,250212,1760859737,Siren,Paradise (Siren Remix)
27891,250213,934170292,Fabrizio Fattore,Namid (Original Mix)
28024,75428,3381459361,Codec And Flexor,Time Has Changed
28024,93770,3588874591,Gerd,Tape Machine
28024,113447,2344914955,John Tejada,Unit B1656
28024,251644,2442374325,Patrick Cowley & Jorge Socarras,Memory Fails Me - Vinyl Version (Oni Ayhun Remix)
28024,251645,474152572,Sergej Auto,"Knip, Hopka, Hui"
28024,251646,21724271,Jacek Sienkiewicz,350
28024,251647,2178262237,Cleveland,Kobu
28024,251648,62995380,Santigold,Santigold - Lights Out (DJ Mehdi Remix)
28024,251649,15834900,B(if)tek,Modern Women
28107,95012,2168018037,blood club,forever
28107,252151,1655713412,Crime of Passing,Tender Fixation
28107,252152,1554954762,The Serfs,Stimuli
28107,252153,1137087322,Finom,Mine
28107,252154,3200804041,Motorbike,Afraid of Guns
28107,252155,3550775051,Sneaks,X.T.Y.
28107,252156,3000137751,Corker,Forever Silent
28107,252157,742830552,Pure Adult,I Am Shitting in a Room
28107,252158,871631982,Erik Nervous and the Beta Blockers,Horseshit
28107,252159,1730888197,Green/Blue,Moving On
28107,252160,3359607061,Ganser,Creature Habits
28107,252161,973508242,Bugs and Rats,Love Still Exists
28107,252162,3299945891,Fruit LoOops,Appendicitis
28107,252163,2682247372,Magazine Beach,Vacuum
28107,252164,2622702712,Choncy,Dead Meat
28130,252374,3580061071,kwes e,juggin
28130,252375,3923497381,PureSnow,I'm Never Looking Back
28130,252376,2923311141,Fimiguerrero,Gucci
28130,252377,3298820311,POLO PERKS <3 <3 <3,Skatepark
28130,252378,3475005401,Young Eman,ion trust
28130,252379,2685235652,Subiibabii,comeback home
28130,252380,3298820371,AyooLii,Pinky
28130,252381,3486840441,xaviersobased,worth it
28130,252382,2923311101,Fimiguerrero,Racks Up
28130,252383,3298802311,Xaviersobased,Aight
28130,252384,3907564371,ksuuvi,runnin
28130,252385,3504812931,phreshboyswag,in the vip
28130,252386,3406111801,fakemink,Truffle
28130,252387,3298820431,AyooLii,Alicia Keys
28130,252388,3516077301,xaviersobased,Need Me
28130,252389,3907555471,ksuuvi,not tuesday
28130,252390,3389029051,fakemink,Music and Me
28130,252391,3298820361,POLO PERKS <3 <3 <3,ANSWERS
28130,252392,3506407701,phreshboyswag,skinny jeans w the platform boots
28130,252393,3907555511,ksuuvi,bape shit
28130,252394,2955440891,Nettspend,shine n peace
28130,252395,3248638511,YT,The One (Just Got My Degree)
28130,252396,3642405112,Babyxsosa,DRAMA BABY / MALIBU
28130,252397,3551702371,fakemink,Kacey Lola
28130,252398,2802108422,Yhapojj,Fine Too
28194,2765,3293342831,Chris Lake,Toxic
28194,52319,3498798891,"Max Styler, Deomid",Get Down
28194,54694,3520878421,"Adam Sellouk, Zerky",Touch It (Extended Mix)
28194,99087,3368101391,Ewerseen & Jaquet,Soft (Extended Mix)
28194,101818,78304464,Michael Gray,The Weekend (Extended Vocal Mix)
28194,119579,3922576001,MOGUAI,Sympathy For The Devil (Extended Mix)
28194,159155,3665768902,Kosheen,Catch (Extended Mix)
28194,208351,3925758901,Tensnake,Everybody (Extended Mix)
28194,248252,2632869652,RE\MIND,1995
28194,252851,3839362531,Jubaa,Tabu
28194,252856,3459552521,Domek,Over Again
28194,252857,2947834,Ladyhawke,My Delirium (Radio Edit)
28218,1435,3670172732,Luke Alessi,After Five
28218,4530,3245367981,"Tripolism, Avangart Tabldot",Groove On (Extended Mix)
28218,36004,3125822591,Mita Gami,All By Myself
28218,43325,3025372091,The Blaze,TERRITORY (SOMMA REMIX) (SOMMA REMIX)
28218,49454,3129141581,"Jazzy, KILIMANJARO",No Bad Vibes (Extended Mix)
28218,62918,2645179592,"HoneyLuv, Roland Clark",This Is My Life (Bontan Extended Mix) (Bontan Extended Mix)
28218,65943,3554329531,Tripolism,Swim (Extended Mix)
28218,67719,3190712101,"The Shapeshifters, Tripolism",Lola's Theme (Tripolism Extended Remix)
28218,126302,3036978491,Demayä,You Are (Extended Mix)
28218,144507,3298324261,"Tripolism, Nandu",Sunrise (Extended Mix)
28218,149770,3562769791,Betical,Do It Again
28218,195722,3067368811,"Samm (BE), Ajna (BE)",Move (Maz Remix)
28218,208145,2455586395,RE\MIND,NOBODY (Extended Mix)
28218,253001,3208537671,Monkey Safari,Voices
28218,253002,3175382531,Monkey Safari,Searching For Myself
28218,253003,3024201741,DESIREE,Intersexy
28218,253004,2791375922,Djammin,Bounce
28218,253007,2606752452,"Liva K, atsou, Lazarusman",100 Horses
28252,94365,3644730252,Félicia Atkinson,Film Still / The Sea
28252,130675,3934985161,Radio Hito,Sono dei viventi
28252,166478,1418854062,Simo Cell,Farts
28252,191200,2693334032,Max Graef,Gost
28252,211714,1733155957,Marina Herlop,shaolin mantis
28252,253312,3921089121,Jamira Estrada,ORANGE SKY
28252,253313,3892514131,J. TRIPP,Laic (ft. Lutto Lento)
28252,253314,2181883657,"Speakers Corner Quartet, Kwake Bass, Raven Bush, Peter Bennie, Biscuit, Mica Levi",Karainagar
28252,253315,3962528911,aJaJ,uhwahhh
28252,253316,1995736667,Hanakiv,Meditation III
28252,253317,2856073252,Otay:onii,They Said That's FRIENDSHIP and I Mourned
28252,253318,2563534892,claire rousay,iii
28252,253319,2802885982,"Ruggero Fornari, Héctor Cavallaro",paisaje vertical
28252,253320,3481365641,TLF Trio,Dancer
28290,157409,3034939811,"NandaTsunami, YORI",Pontos de Aura
28290,192095,2307921785,Criolo,Subirusdoistiozin (Instrumental)
28290,253606,3761523552,fab godamn,JIGSAW
28290,253607,3507376441,DESSIIIK,D&$
28290,253608,3612295312,"kouth, Purp",LÚCIDA
28290,253609,3925916451,Baby T,AI QUE PESO
28290,253610,3198617031,"Dnovaees, Iluvped, Kenji",A NATA
28290,253611,3336081511,Cashley,Oi?
28290,253612,3903954361,Barona,Paty Maionese
28290,253613,3824615831,Mehndel,Homebaddie
28290,253614,3385639801,"Slipmami, Mahai, Beat do Ávila, MOVIMENTO",SALA VERMELHA #31 - Slipmami
28290,253615,2592319502,"Baby T, Sayle, Vamp",Dois Lados
28290,253616,3537912421,AJULLIACOSTA,Dharma
28290,253617,3862189021,CAE,groupies (homem é sobremesa)
28290,253618,1689421227,Brocasito,Depressao & Tráfico
28290,253619,3785681612,BigFett,EU ENRIQUEI MÃE
28290,253620,3857196261,JREI,Presentinho
28290,253621,3509124251,"Ruas Mc, Arcanjo Ras, André Miquelotti",BOMBOCLATT
28290,253622,2766989811,"Sayle, Bryvn977",Piratinha 2
28290,253623,3923816151,Sayle,movimento
28290,253624,140640911,Racionais Mc's,"Vida Loka, Pt. 2"
28290,253625,1564556962,"Flora Matos, WaraBeats",TEIA
28461,86,3847276431,Storm Mollison,Act Like That
28461,37622,1974484157,Deetron presents Soulmate,Tribe One (Vocal Edit)
28461,59481,64293358,Soho,Subway Series
28461,119507,3761624532,IZCO,Japan Greatly (feat. Reek0 and S.I)
28461,188182,3900091461,Divorce From New York,"Jazzthetics (feat. Sticky Dub, Quiet Dawn)"
28461,191439,2061074827,Yoofee,One is None
28461,211956,3865664491,Sean Green,Green Alot
28461,244753,1456740812,EVM128,Dance Don't Sleep
28461,247625,3865664481,Sean Green,Really Love
28461,252746,3959144221,S.I,It's the Meaning
28461,254810,3141482451,EDB,The Bow Chock
28461,254812,2326244665,Jazz Oasis,Real Jazz
28461,254814,3893083421,Ralph Richards,From The Top
28461,254815,3842562501,Misto Kay,Rave Jazz Edition
28461,254816,3443687931,Roy Ayers,Brand New Feeling (Yoruba Soul Mix Part 2 Edit)
28461,254817,1952412367,Rob LFO,They're Energised
28461,254818,1798289717,Henry Keen,Herb Chick
28461,254819,3776387932,GLOCKTA,10 Piece
28724,58854,675989612,Olivier Weiter,Toyger (Mees Salomé Remix)
28724,256615,704969962,Whirl,Target Practice
28724,256616,679070342,Joseph DL,Humility
28724,256617,610900822,Oliver Winters,Helios
28724,256618,745749172,Arude,Apophenia
28724,256619,737942182,MIDØ,Abstract (Javier Ho Remix)
28724,256620,729128542,Nasser Tawfik,Magma (Rojan Remix)
28724,256621,697459182,Dyzen,Discovery
28724,256622,688416072,Moritz Tischer,Centerpiece
28724,256624,714929812,Moodayz,Karm
28724,256625,727734492,Voices Of Valley,My Fall To Love
28724,256626,741489582,Eleven Of July,Quasiparticles
28724,256627,1189472792,"Gorkiz, Pedrada",Antitension
28724,256628,737941242,George Alvarez,Apnea (ChulyDDK Remix)
28724,256629,736676232,Carlos Pires,Driver (WO - CORE Remix)
28724,256630,1076965182,"Hells Kitchen, Morphing Spot",Magni (Original Mix)
28724,256631,763615912,Stan Kolev,Trouvaille
28724,256632,578870352,Maximalism,Magical
28724,256633,773936312,Moonbeam,Koan
28724,256634,729854602,Mila Journée,Wine
28745,205875,680784312,D-Nox,Escape
28745,256885,2195444087,Tim Green,Vacation to Life
28745,256942,3788190092,Clay Smith,Shadow Walker (Original Mix)
28745,256943,2204544177,Hermanez,Flame Keeper
28745,256944,2117714997,Island After,Sun God's Prophecy
28745,256945,878565782,Sean & Dee,Sea Turtle (Mila Journée Remix)
28745,256946,1507983892,Stan Kolev & Matan Caspi,Barakah (Original Mix)
28745,256947,1016751152,"XIASOU, Contribute Translation",Kaleidoscope
28745,256948,2665020812,Lèrr,Endless Sun
28745,256949,953570732,Facundo Sosa,Eternity
28745,256950,1413371832,Dylan Deck,Sahodaraya (NOIYSE PROJECT Remix)
28745,256951,497174742,EDLands,Open the Universe (Alex Vidal Remix)
28745,256953,857749632,"Peter Makto, Gregory S",Love in the Rain
28745,256954,3996377461,Ricardo Piedra,Graviton (Sebastian Sellares Remix)
28745,256955,938578352,Mariano Mellino,Kailash
28745,256956,1881251087,Kamilo Sanclemente,Lesath
28745,256957,636108982,Musson,Mute
28787,67692,2295818745,Kassian,X-303
28787,67893,3791248192,Temple Rat,Moon Cave
28787,93353,4038356151,Uväll,Free Roam
28787,149884,548499162,Primal Code,Varanasi
28787,169408,3968327381,Function,City of Luz
28787,169541,3717180462,Caue,El Mago
28787,178109,3274730951,Svreca,Seda Muerta (CONCEPTUAL (IT) Remix)
28787,257290,2647239222,Chve,Eternit
28787,257291,2480798041,Öjskog,Enner loop
28787,257292,680100782,Luigi Tozzi,Dune
28787,257293,2622688432,Droneghost,Purgatory (Original Mix)
28787,257294,4125956201,Adriano Migliorino,Psychic Space
28787,257295,4004656211,Isabel Soto,Soul Lesson
28787,257296,365256931,Modvs,Distinguished From Fear (Original Mix)
28787,257297,3856787491,Notzing,Cinnabrax
28787,257298,2961586031,Morpha,Tāṇḍava
28787,257299,3241833071,Mersel,Conspiracy (Original Mix)
28787,257301,1834514317,Ólafur Arnalds,"The Past Is The Past (From ""Surface"")"
28787,257302,1509729812,Alva Noto,HYbr:ID oval hadron II
28787,257303,3820093531,Tomas More,Machine's Perfume
28787,257304,856561102,Svarog,Walking Through
28787,257306,802382422,Dorian Gray,Airy Gravity (Blazej Malinowski Remix)
28787,257308,3916938911,ANFS,Periergo
28787,257309,900813972,Kato De Vidts,Mehns
29027,38214,1456879292,"Ms Nina, Beauty Brain",Tu Sicaria
29027,38264,10984904,Santigold,Unstoppable
29027,54393,3190638161,Khadija Al Hanafi,Yeah I Like aH
29027,258975,2415890265,"John Glacier, SURF GANG",FRIENDLY FIRE
29027,258976,3191520471,Sophia Stel,Object Permanence (Vitesse X Remix)
29027,258978,1012911,Vicious,Nika (Album Version)
29027,258979,2876561632,"Entrañas, Kema",Enlace
29027,258981,10237253,Spank Rock,Backyard Betty
29027,258982,1095034092,Basement Jaxx,U Can't Stop Me
29027,258983,3329939781,Selena,Como La Flor (Remastered 2025)
29027,258984,2425613185,Ariana Grande,The Way (Live from London)
29027,258986,1761450627,N.E.R.D.,Spaz (Album Version (Edited))
29027,258987,3629535672,HORNET,Cafe L
29030,90837,4083810711,YHWH Nailgun,Sickle Walk
29030,157527,17956922,Ebo Taylor,Love and Death
29030,181002,3708190062,Jeshi,champagne
29030,181129,2629621212,Cody ChesnuTT,With Me In Mind
29030,183514,79383067,Minnie Riperton,"Baby, This Love I Have"
29030,258999,3557722981,Max Winter,Buttercup
29030,259000,798571762,Wiki,Promises (feat. Duendita)
29030,259001,2885063402,Fcukers,Heart Dub
29030,259002,1283864342,John FM feat. L,Lockjaw (7 Deadly Winnin')
29046,47582,2982937451,Cameron Winter,Nausicaä (Love Will Be Revealed)
29046,93589,4024045531,Way Dynamic,Miffed It
29046,96231,4550444,The Large Professor,I Juswanna Chill
29046,100231,2721775672,P.M. Dawn,Set Adrift On Memory Bliss
29046,181677,4157661402,Mac DeMarco,Still Beating
29046,186209,68976288,The Smashing Pumpkins,The Boy
29046,259142,3783409162,Ash,Jack Names the Planets
29046,259143,3786382232,The Subways,No Goodbyes
29046,259144,1687517357,Momma,Medicine
29046,259145,3238035531,BRONCHO,Think I Pass
29046,259147,937330,Vampire Weekend,Oxford Comma
29046,259148,97334288,Alex G,Mary
29046,259149,141378007,Her's,What Once Was
29046,259150,816250282,Niki & The Dove,Play It on My Radio
29074,593,3260687771,Shanti Celeste,Romance
29074,92386,410111782,Underworld,Jumbo (Remastered 2016)
29074,92895,3386419621,Manni Dee,Crocodile
29074,94023,1805106587,Steve Lacy,Bad Habit
29074,155048,3157112571,John Glacier & Sampha,Ocean Steppin'
29074,158696,1952541187,Little Simz,Selfish
29074,189383,13191382,Blood Orange,Champagne Coast
29074,259329,2928358851,Fontaines D.C.,Starburster
29074,259330,3572657891,object blue,you're all I wanted
29074,259331,3608202722,Miguel,Nearsight [SID]
29074,259332,3536376391,Ruthlss,Feel Good
29074,259334,3611117582,"HEDDA, Young Lychee",IRL Fatigue
29074,259335,3590254491,Pink Concrete,Noctural Species
29074,259336,3126030901,Wata Igarashi,Steaming
29174,26221,3097499,Starsailor,Four to the Floor (Thin White Duke Mix; Short Version)
29174,37198,2236974907,XANDL,Zeppelin
29174,45488,3488101541,"Watermät, James Mac",Make a Livin'
29174,73474,2987806491,Fahlberg,We Got Rhythms for Sale
29174,109804,3908898301,Darlow,Apple Packet (Original Mix)
29174,109805,3603698992,"Helsloot, Tom Zeta",Impulse (Extended Mix)
29174,109806,3690343982,Jean Massey,Freedom Fighters
29174,109807,3277638791,Beyond the Struttosphere,Replicants (Rigopolar Remix)
29174,112481,2926441351,Gledd,Get Back
29174,129665,3346471321,"DJ T., Get Physical Radio",Dis (2023 Remake - Mixed - May 2025)
29174,166122,3156160651,LP Giobbi,Time Expands (Extended Mix)
29174,259902,3774343632,Amirali,The Gospel of Rust
29174,259905,2521108041,"David Tort, Ka (Col)",Amanecida (Extended Mix)
29280,34129,3495843431,Yaleesa Hall,Feral
29280,42705,3275920501,Dexter,I Don't Care
29280,57160,133732166,CC Dust,New Ways
29280,58822,74355677,Ann Consuelo,See The Day (StoneBridge 1991 Mix)
29280,69179,2842862702,"Classmatic, Ruffneck",Everybody Be Somebody (feat. Yavahn)
29280,95022,486291532,Maurizio,Ploy (Ur Mix)
29280,120759,2249682107,2 Bad Mice,Bombscare
29280,233266,15776824,The Beatmasters,Rok Da House (W.E.F.U.N.K.)
29280,244642,2895340561,Hard Ton,Not Again
29280,260635,2366798835,Ann Consuelo,See The Day (2020 Remaster) (StoneBridge Club Mix)
29280,260636,119223462,Borrowed Identity,Mary Jane
29280,260637,95372976,Aksel Friberg,Viking Music (Disco Mix)
29280,260638,11128054,"Darryl D'Bonneau, 83 West",A Better Way
29280,260639,2932458921,Nuron,Viva Cherating
29280,260640,3786105662,Moby,Hymn (Dirty Hypo)
29280,260641,2424148545,DJ Dan,Put That Record Back On (Peace Division Remix)
29280,260642,372931631,DJ Quicksilver,Andromeda
29280,260643,3201716731,Yaleesa Hall,Halfway Gone
29280,260645,2384768985,Laroze,Wildest Desire
29280,260646,1021426752,Shawn Cartier,Parking Lot (Original Mix)
29280,260647,893234282,DART,Only The Strong (X-Coast Da Vibe Mix)
29333,144191,1036586,Wham!,Last Christmas
29333,198857,3198359,Carol Williams,Can't Get Away (From Your Love) (Edit)
29333,252491,369240471,Kim Cummings,Your Attitude (Club Vocal)
29333,261068,3855150481,Nayanka Bell,Just A Boogie
29333,261069,1667397422,Steve Monite,Only You (Frankie Francis Disco Jam Edit)
29333,261070,1653488182,Dolly Parton,I Wanna Fall In Love (Disco Mix)
29333,261072,3889719131,Shay Jones,Good Love (Original Club Mix)
29333,261076,700721512,Ohio Players,Glad To Know You're Mine
29409,43653,717534,Anita Baker,Sweet Love
29409,65608,1030651942,Sade,The Sweetest Taboo
29409,163003,3536743,Loose Ends,Golden Years
29409,165542,1581357,Marvin Gaye,Is That Enough (Album Version)
29409,177606,1128807,Kleeer,Tonight
29409,185692,1627634982,BOBBY CALDWELL,DOWN FOR THE THIRD TIME
29409,220057,2335183065,Flair,Chasin' the Rain
29409,261697,32140151,Paul Simon,Graceland
29409,261698,64608078,Jamiroquai,"If I Like It, I Do It"
29409,261700,16400944,Alexander O'Neal,The Little Drummer Boy
29409,261701,7508249,Marvin Gaye,Life Is For Learning (Album Version)
29409,261703,76143287,Genobia Jeter,All of My Love
29437,6349,102535234,Michael Henderson,Riding
29437,84269,3339431,Meli'sa Morgan,Fool's Paradise
29437,171730,56322711,Cutty Ranks,The Stopper
29437,194970,3358452,Hue & Cry,Labour Of Love (Edit)
29437,195821,2928648241,Jarren,Round & Round
29437,196766,3542041551,Crazy P,Disc Odyssey (Remix)
29437,233518,3325285841,Mystic Jungle,Some Lovin'
29437,242239,436142452,"SHY FX, T-Power",Shake Ur Body (Original Mix)
29437,258858,671140,Missy Elliott,Get Ur Freak On
29437,260378,3826533991,SHY FX,Everyday
29437,261447,91248180,Prince Charles & The City Beat Band,Jungle Stomp
29437,261703,76143287,Genobia Jeter,All of My Love
29437,261959,1103281852,Space Age Sunset,Yvonne de Carlo Is Sleeping
29437,261960,408711342,Rodney Franklin,Parkay Man
29437,261961,15177596,Luther Vandross,See Me
29437,261963,3116053,Huey Lewis & The News,Back In Time
29437,261964,1028208672,Sepalot feat. Ladi6,Go Get It (Zed Bias Club Dub)
29437,261965,76017988,Mungo's Hi Fi,Gimme Gimme (feat. Kenny Knots)
29437,261966,89102697,Lou Rawls,"See You When I Git There (Live at the Mark Hellinger Theatre, New York, NY - November 1977)"
29463,45334,1819262307,Virgilio Armas y su Grupo,Sobre el Orinoco
29463,54418,3541734,Lou Donaldson,One Cylinder
29463,96362,75702958,Miles Davis,Frelon Brun
29463,124792,623697,Herbie Hancock,Rain Dance
29463,140832,3171844281,Work Money Death,The River Becomes the Stream
29463,158782,78386096,Bobby Hutcherson,Montara
29463,190520,769627,John Coltrane,Ole
29463,262123,61592664,Jan Johansson,Polska efter Höök Olle
29463,262124,2150412,Bill Evans Trio,"My Man's Gone Now (Live At The Village Vanguard, NYC; 6/25/1961)"
29463,262125,71306897,Medeski Martin & Wood,"Your Lady (Live at Tonic, New York City, NY/1999)"
29463,262126,481826942,Kiefer,Thinkin of
29694,43508,2256301757,"Kiko Navarro, Dj Pippi, Willie Graff",N'Fumbei
29694,115824,1644080812,Johnny Bravo,COLOU
29694,192648,1771015997,Dj Scriby,Siyangqongqoza
29694,228156,3432535271,DJ Bboy,A ginga Tia Maria Produções
29694,260105,3626926342,Noge,Drop It Please
29694,264783,2353741025,313 Bass Mechanics,"Puff, Puff, Pass"
29694,264784,3014605371,Frits Wentink,Ambassador
29694,264785,3265326471,Kareem Ali,Reach Into Your Soul
29694,264786,3262562391,Milo & Fabio,Ai Não
29694,264789,1564263032,Mirrorgate,Project Pat
29730,4657,564722222,God Within,Infinitely Gentle Blows (Aural Hallucination Mix)
29730,77164,2276305957,Global Communication,9:25
29730,86285,1150428142,Banco de Gaia,Kincajou
29730,102252,1720793097,oli xl,Clumsy
29730,137415,3468088,The Future Sound Of London,Glass
29730,264985,817787,Opus III,Flow
29730,264986,59028581,Cagedbaby,Never See More
29730,264987,2736929831,A. G. Cook,Emerald
29730,264988,3135036,The Chemical Brothers,Dream On
29885,54065,3125092,Loose Ends,Slow Down
29885,57438,10331838,Loose Ends,"Hangin' On A String (Original 12"" Mix)"
29885,61888,124922858,DJ Nature,Let's Break the Rules
29885,83555,2134332667,Nkono Teles,Martin Street Special
29885,84300,3537552,Loose Ends,Don't You Ever (Try To Change Me)
29885,91096,3361483,Loose Ends,Gonna Make You Mine
29885,95500,3125098,Loose Ends,Nights Of Pleasure
29885,95892,3362447,Loose Ends,Choose Me (Rescue Me)
29885,155887,3537146,Loose Ends,A Little Spice
29885,163003,3536743,Loose Ends,Golden Years
29885,203224,3362442,Loose Ends,Magic Touch
29885,215092,3282734771,Tears For Fears,Everybody Wants To Rule The World (Single Version)
29885,226664,509419722,Kaidi Tatham,It's About Who You Know
29885,227036,3537555,Loose Ends,Don't Be A Fool
29885,266187,3536746,Loose Ends,The Sweetest Pain
29885,266188,3536750,Loose Ends,(There's No) Gratitude
29885,266189,3537142,Loose Ends,So Much In Love
29885,266191,1439278632,"Afrodesia, Mystic Jungle, Whodamanny",Meet In Tunis
29885,266192,1754642757,Crazy P,Night Rain (Ilija Rudman's Higher Ground Mix)
29988,165405,3325864651,Specific Objects,Reaffirmation Tool
29988,173425,3104949971,Emmanuel Top,Turkish Bazar (Chris Liebing Remake)
29988,198671,3081491221,Yan Cook,Surface Tension
29988,246634,2966769631,Dax J,Anti Gravity Racing
29988,266902,3111012321,TRAKKAN,Dark Chapel
29988,266903,3443561211,Aoud,NKS
29988,266904,3355772151,Pit,Crimini e Misfatti
29988,266905,1372704622,CHRS,Austenite
29988,266906,3377531801,Andreas Kraemer & Shadym,Control
29988,266907,17673840,Oliver Huntemann,The End
30011,54156,2015796847,Hojo,Dojo
30011,72371,2008202737,Voigtmann,Emu Emu
30011,76713,889259132,Kassian,Midnight District Line
30011,84093,867037982,Dorothy Ashby,For Some We Loved
30011,86371,1781717167,Jon Sable,Soft Focus
30011,164295,1995629857,Kaval,Júnior Dub
30011,267138,2184424077,Space Ghost,Virtual Age
30011,267139,2011787487,Pilgrims of the Mind,Nothing Can Pull Us Apart
30011,267140,2637414102,Eli Escobar,Do It Now
30011,267141,2000452797,LWS,Pendrum
30011,267142,395188142,Fort Romeau,Emu III (Birdy Bonus Beat)
30011,267143,2045381217,Absen,Hunting Horn
30011,267144,4002835981,Sousk,The People
30011,267145,1984009797,Toumba,Multipack of Limes
30011,267146,1938933367,SPD,Caught Nappin'
30011,267147,1952412227,Korzi,Airfoil
30011,267148,1938499497,PanicMan,Vibe In Order
30011,267149,1909642447,Keita Sano,Blur Ceramics
30011,267150,1850513247,fleet.dreams,Temperamental
30011,267151,1791207037,Bliss & Ritmo,One with the Universe (Side B)
30111,96671,368635211,Identified Patient,Het Infuus
30111,139297,2643400622,privacy,U Can Tell
30111,155184,77928561,Neil Landstrumm,Things come Apart (Original Mix)
30111,187375,138292747,"Ogoya Nengo, The Dodo Women's Group",Orutu Run (Lena Willikens Remix)
30111,199951,371059411,Pletnev,St. Bones (Inga Mauer Remix)
30111,267856,83848010,Bernard Szajner,Ibad
30111,267857,3191036731,Matthew Herbert,The Peacock
30111,267858,137873979,Randomer,Woodwork
30111,267860,121872428,Interstellar Funk,Ama Diver
30111,267862,133261852,Melamina Ponderosa,Chicas
30111,267863,1622938302,De Ambassade,Verloren
30181,97975,1206972302,Optic Nerve,Techno Programming (Instrumental Mix)
30181,141438,2204578617,Robert Hood,Ignite A War
30181,184901,2204606207,Marco Faraone,Frog Face (Gene Richards Jr Jackin' Cut)
30181,223559,1197997892,Versalife,Transient Vesicle Fusion
30181,244118,3472166441,Dold,No Need to Brag
30181,263950,4021079121,Big Ever,Burst Dial
30181,263951,1073602232,Youandewan,Pinger (Goodies Edit)
30181,263952,851131302,Skatebård,Cat Trapped In A Crab Trap
30181,263953,674637322,Pris,Bogano
30181,263954,486261282,Basic Channel,Phylyps Trak Ii/I
30181,263955,1329986292,Mode_1,Offtrack
30181,263956,1360765592,Konrad Wehrmeister,Senking
30181,263957,3472166461,Kuf,Shadow
30181,263958,1101324742,Russell E.L. Butler,Krymska
30219,44009,1432134482,Yanamaste,Au Revoir
30219,91750,1172974242,Oscar Mulero,Gradiente de Voltaje
30219,91825,1117947732,Michel Lauriola,Bending The Arm (Original Mix)
30219,99936,1978187367,Linear System,Transmission 5 (Original Mix)
30219,112797,1923905977,Adriana Lopez,Hidden Motive (Original Mix)
30219,112847,1862748817,Dimi Angelis,Hidden Spider
30219,152649,2223592737,Milo Raad,Turnover
30219,168662,1763660747,PTTRNRCRRNT,Cut 2
30219,168756,1090907672,Vladw,Yezhov
30219,179456,1598416562,Nørbak,His Reign is Over
30219,264241,797209032,Oscar Mulero,Solarized (Original mix)
30219,264242,1978187357,Linear System,Binary Code (Original Mix)
30219,264243,2216493647,Tøtal,Pure Substance
30219,264245,923237152,Setaoc Mass,Complete To None
30279,58551,3210404851,Yanamaste,Pwiu
30279,59223,3439178311,Fran LF,Disco Sentimento
30279,62779,3210404801,Yanamaste,Lahante
30279,99394,2693364442,BENZA,Killer Whale
30279,166626,2723175432,Rove Ranger,Workout
30279,173385,2323721755,Chontane,Schima
30279,204125,2284929957,Lars Huismann,Dusty Lick
30279,262327,3432526721,Human Safari,Phantom
30279,278256,3274965611,Filtrack,Standing on one foot
30279,278257,3363051321,Obscure Shape,Sanjuro
30279,278258,2243535867,Mental Duality,Tráemelo
30279,278259,3092126851,Danny Wabbit,Gergin (Original mix)
30279,278260,3193756381,Obscure Shape,Reborn Identity
30279,278261,2739086731,Ned Bennett,Navigation
30279,278262,3087701881,Lars Huismann,Functions
30279,278263,2683718312,ANNĒ,Moon Lander
30279,278264,2631822572,Bours?,Enter The Library
30279,278265,3193756441,Obscure Shape,Stranger Eyes
30279,278266,3316602171,Aidan Rudd,Connect
30279,278267,2472919361,Bours?,Khazad-Dûm
30279,278268,3362767721,BOYCA,Scream
30279,278271,3193756451,Obscure Shape,Your Deadline Is Over
30279,278273,3273099021,SLV,Lost You
30316,69534,3989928541,ACA (YU),Illegal Rave
30316,73988,4052565241,Ryan Nicholls,Rush
30316,73993,4059156321,Ryan Resso,Kick It
30316,111174,3989928551,ACA (YU),Cold Evidence
30316,113130,4093862371,Ellis Garner,Higher Heights
30316,143743,3954050441,Funk Cartel,Saints Row
30316,148369,4046886801,Jorge Mattos,Unity Sounds
30316,149456,3996632821,KONXIOUS,Ride or Die
30316,229543,4033542691,ALISHA,Can't Touch Us
30316,277918,3974606211,Reelow,Ghetto Soul (Ramin Rezaie Remix)
30316,277919,3906838851,ACA (YU),What I Want (Simon Erar Remix)
30316,277920,4003609581,Funk Cartel,Question Marks (Radio Edit)
30316,277921,3914147421,Kristof L,Open Your Mind (ACA Remix)
30316,277922,4033542701,ALISHA,Frequencies
30316,277923,4059156381,Ryan Resso,Stimulation
30316,277924,4059156331,Ryan Resso,Turn It Up
30316,277925,3988328281,Julian Post,Natural Electronic
30316,277926,4059156341,Ryan Resso,The Future
30316,277927,4059156361,Ryan Resso,Fading Light
30316,277928,3919141271,ACA (YU),At the Jam (Original Mix)
30316,277929,4018503841,Jorge Mattos,Vision
30316,277930,4010294321,Mariche,Back Pressure
30316,277931,4023844141,Dimmish,Ministry Of Bass
30316,277932,3263866101,Alev Tav,Whats Going On
30316,277933,4010294331,Mariche,Locked Groove
30316,277934,3988328291,Julian Post,DBTL
30316,277935,3994969401,Dale Howard,Hypnotic (Radio Edit)
30316,277936,3988328301,Julian Post,Natural Electronic (GIGSTA Remix)
30316,277937,3333760391,Juampi Saillen,Carnival Sunset
30316,277938,3848398121,Ollie Nick,Showin' Up
30357,43707,3173130101,Neo (AU),The Present is a Gift
30357,76671,1872521087,Chlär,Early Morning Acceleration
30357,94965,1973789347,Beau Didier,Bit 2 [BEAU002]
30357,99487,3087422411,Sera J,Your Soul Is Art
30357,115416,2774800151,Ferdinger,High Voltage
30357,162108,1195766632,VIL,The Groove Dealer
30357,190979,3918756521,Clotur,Ghost Transmission
30357,198460,3364376041,Hemka,I Can't Shine
30357,260145,3328799331,Danny Wabbit,B12
30357,276652,1862808297,Kenji Hina,Club 49 (Original Mix)
30357,276653,1946082277,KUSS,Artificial Serenity
30357,277274,3239327681,DJ SUN,Highway Rituals (Klint Remix)
30357,277275,3249993201,Seki Yuki,Later (Original Mix)
30357,277276,2242119387,Nicolas Vogler,Dangerous Games (Original Mix)
30357,277277,3295949161,"Fran LF, FENIM0RE",Give (Original Mix)
30357,277278,3284549621,Kirk Paxman,Chidori
30357,277279,3087422501,ANNĒ,Starburst
30357,277303,3087422461,ANNĒ,Sweet Seventeen
30357,277304,1264935462,Yan Cook,Olympus Mons
30363,93883,3407640731,"ANDREASZ, LUKA",What You Want
30363,110286,4003118411,JOKESONYOU,Warehouse Tool
30363,110303,3388349551,Pleasant Michelle,I Feel You
30363,112151,3175681191,mischluft,Tick Tock
30363,112346,3473442001,"Butschi, Sandsy",one of these days (dyfmh flip)
30363,261893,3327156291,"Jude Bradshaw, HACKETT",On My Mind
30363,277162,2833350502,Parfait,Gotnolove
30363,277163,3259494801,Jawis Fallon,Distrustia
30363,277164,3448261191,Serafin,Echo D'amor
30363,277165,3419333831,DJ Reiz,System D
30363,277166,3024046871,"Panteros666, DJ Dings, Tim Rausch",Atomic Pulse
30363,277167,3376020641,Aleye,Imma Kickback
30363,277168,3385241571,Leo Pol,Dax Motion
30363,277170,3253634341,David Rust,The Truth
30363,277171,3395887191,"Dj Sonnenbrand, Butschi",Transmission 2000
30363,277172,4003118441,JOKESONYOU,Hypno Dance
30445,112516,1956513197,Maurin,Downtown (David Phoenix Remix)
30445,176542,1572665152,Phoenix Movement,Nova
30445,221785,3695708502,Electrypnose,F__k With the Android (Miles From Mars 2025 Remix)
30445,268713,2104710157,YVC,Cosmic Sounds (Original Mix)
30445,268714,2110663807,"Luis M, Greenwolve",Cosmorph
30445,268715,1968417477,south zone,Hypnotic Tones
30445,268716,2209208087,PROGroyal,Injection (Carbon Remix)
30445,268717,716818992,Le Son Du Placard,Droplet (Original Mix)
30445,268718,2289761185,One Million Toys,Save All (Unknown Concept Remix)
30445,268719,1955955817,Munkler,Rhythm Diary
30445,268720,1626221832,Transcode,Synesthesia
30445,268721,2287748877,Chriss Jay,Definite
30445,268722,2191161047,David Phoenix,Neural Partitioning (Shadowmaw Remix)
30445,268723,2064709397,Roman Adam,Riddim
30445,268724,1880905417,Jay Lumen,Mandala
30445,268725,2283712067,Julius Jung,Der Rülpsende Esel
30445,268726,2237893387,Thomas Helmich,Magna
30445,268727,2226747917,Berto (DE),Tanzlokal (Peku & Bluntac Remix)
30445,268728,2160030047,Carlo Ruetz,Concept One
30445,268729,2223198717,"LEKTRK, Tomchilla",Space (Is All You Need) (BANDO Remix)
30445,268730,1534620292,Chriss Jay,Danger
30445,268731,2237187347,"Greenwolve, Unknown Concept",Squid (Luis M Remix)
30445,268732,2399609565,Jickow,All I Need
30445,268734,2218523017,SOURCE+RUMITZ,Red Wedding
30498,103107,2788203132,Mateo!,Ranch (Original Mix)
30498,200395,2117782797,Matthias Schuell,Scarabaeus
30498,202910,81327164,Matthias Meyer,Becuz
30498,269562,2197310787,"Audiofly, Patrice Bäumel",Atacama
30498,269563,411105642,Jonathan Kaspar,Khaya
30498,269564,1918404987,Djuma Soundsystem,Duende
30498,269565,100388624,Rafael Cerato feat. Solaire,Dioniso (Gorge & Markus Homm Remix)
30498,269566,1419460852,Luis Leon,Eta Carinae
30498,269567,1174612812,Alex Niggemann,Primary
30498,269568,1210244412,Kaiserdisco,Jet Stream (H.O.S.H. Remix)
30498,269569,740832892,Vom Feisten,Toilet Tales (Daniel Jaeger & Joseph Disco Remix)
30498,269570,349808501,Dusty Kid,Bolero
30498,269571,1773723947,Boris Brejcha,Dark Planet (Remastered)
30498,269572,466262872,Danic,Rej (Stefano Noferini Mix)
30498,269573,83048080,"Stefano Noferini, Samuel Dan",Dark Passenger (Original Mix)
30498,269574,488579252,Frederic Stunkel,Be Different (Carlo Ruetz Remix)
30498,269576,3820604531,Sam Paganini,Dusty
30498,269577,129170568,Cliff de Zoete,I Killed Bowser
30498,269578,365561581,Jobe,Brought to Me (Original Mix)
30498,269579,1068817652,Paco Maroto,Oxium (Gallya Remix)
30498,269580,129904942,SQL,Velour (Wehhba Remix)
30498,269581,2200714297,Matt Sassari,Pushin’ (The YellowHeads Remix)
30498,269582,3382590171,André Winter & Hatzler,Mirage
30498,269583,4198530502,Robert Babicz,Dark Flower (Joris Voorn Remix) [Remastered]
30498,269584,114373170,Gaudier,Neverland
30508,35756,3826798501,Thievery Corporation,All That We Perceive
30508,62048,3155870941,Blaze,Black Byrd Flying Free
30508,64967,224802,Mulatu Astatke,Yèkèrmo Sèw
30508,94876,3155985351,Dames Brown,What Would You Do? (Expansions NYC Extended Dub Vocal)
30508,122662,7506253,Miles Davis,Mystery (2002 Remaster)
30508,180208,3614596992,Blue Six,Sweeter Love
30508,269672,1302440742,Kokoroko,Uman
30508,269673,3495042761,Adebowale and the Pioneers,Unnecessary Visitor (Bamia Remix)
30508,269674,551161332,Warren Raww,Meekong
30508,269675,2509889291,MAREEN,SMOOTH OPERATOR
30574,56099,3450011041,HNGT,I Don't Care
30574,139470,3430863321,"Victor Ruiz, Mila Journée",All Night Long
30574,165350,3493062201,Jay Lumen,Take Control
30574,216368,2627925092,Unknown Concept,Close Call (Greenwolve Remix)
30574,255041,3416660971,Boatech,Future
30574,270091,3478153751,SOLANCE,Mantra
30574,270092,2690975762,Martisse,Era
30574,270093,3462038481,Waleed ZD,War Machine
30574,270094,3480811761,"Patrick Scuro, Daniel Weirdo",Got It (Extended Mix)
30574,270096,3462425841,Paxtech,Astral Odyssey
30574,270097,3705876522,Marcel Dusk,Hot Hips
30574,270098,3462038511,Waleed ZD,Trial Of The Tribunal
30574,270099,3468355001,Sabura,Fukushima
30574,270100,2690975752,Martisse,Exhale
30574,270101,3462420471,"Gaga, Mateo!",Rebel (Innervoix Remix)
30574,270102,3501032811,Monococ,The Phantom
30574,270103,3362741101,"Mindslash, INLINE",Out of Control
30574,270104,3485802781,"Patrick Scuro, Papitos",Anything for You (Extended Mix)
30581,90172,3992709981,Diego Straube,Relaxation Method
30581,111580,3585440701,Roman Adam,Voices
30581,169575,3585440711,Roman Adam,Situations
30581,173451,3629054152,Muttiah Ashnim,Mind (Verschallt Remix)
30581,174419,3830406411,Viapo,Renegade
30581,270124,3647603062,"vietzen, Verschallt",Fading Light (Shabiki Remix)
30581,270147,3833083271,VA O.N.E.,Imperium (Monococ Remix)
30581,270148,3739323672,FEUX,Corp
30581,270149,3714553782,Eremitage,Fly Away
30581,270150,3857981611,Eremitage,Die Welt Steht Still
30581,270151,3484524451,"Kreisel, Monococ",Die Stille Schreit
30581,270152,3857981641,TOLEE,Stay Focus
30581,270153,3541939981,Aender,Codec (Roman Adam Remix)
30711,190402,3704864142,Sainte Vie,Light Beams
30711,190403,3704864182,Sainte Vie,Unconditional
30711,190404,3704864132,Sainte Vie,Sobrevive (feat. Juan Son)
30711,190405,1487585852,Sainte Vie,Heart
30711,190408,3516669251,Sainte Vie,Cenote
30711,190409,692247442,Sainte Vie,High Seas
30711,190410,3704864192,Sainte Vie,Tres
30711,190411,3510269291,Sainte Vie,Fear
30711,190412,1487585862,Sainte Vie,Phantom
30775,43701,3364656381,Psyk,Scope Drift
30775,46820,2615294172,Delta Funktionen,Consumer Recreation Institute
30775,58525,1958749007,Exium,Dark Voids
30775,73554,2223422827,Luigi Tozzi,Sorcery (Psyk Remix)
30775,100103,3242713171,Milo Raad,Flash point
30775,118937,414886832,Kessell,Souls Collector
30775,123033,2947690051,Sard,Pocket Dusk (feat. Anabasine)
30775,198493,1735626697,Function,Zahlensender
30775,221549,421758822,"Oscar Mulero, Inigo Kennedy",Catharsis
30775,241714,2947690111,Scotia,Cecilia Gentili
30775,260268,542907882,CUB,Seeing from above
30775,272334,1735626727,Function,Alphabet City
30775,272336,2223422837,Luigi Tozzi,Suspiria (Evigt Mörker Remix)
30775,272337,2947690081,Lonefront,Symmetry Response
30775,272338,2947690141,Guilt Attendant,"Without A Free Palestine, The World Knows No Peace"
30775,272339,1253428882,Kwartz,Beneath the Surface
30775,272340,3054706751,Mist Gasp,Fractal Resonance
30775,272341,2181014487,Alexander Johansson & Mattias Fridell,Tonkonst
30775,272342,2836604922,Alexander Johansson & Mattias Fridell,Rask
30775,272343,2114971217,Kmyle,Rythmatic
30775,272344,1731509607,JLTZ,Rise From The Abyss
30940,138213,11221894,De-Ja,You And Me Tonight
30940,273747,3059647,AZ,Love Me (Album Version (Explicit))
30940,273748,3156001171,Charles Dockins,Great Day
30940,273749,1580826,Drizabone,Conspiracy (Album Version)
30940,273750,77240834,YBU,Soul Magic (Freestyle Vocal)
30940,273751,579860,Candy Dulfer,Compared To What
30940,273752,1580821,Drizabone,Neighbourhood (Album Version)
30940,273753,2748669991,Shirley Lewis,Realistic
30940,273754,1637408852,Gavin Christopher,Tell The Truth
30960,49736,3582085031,Beatrice M.,Midnight Swim
30960,49762,3623435572,DJ ADHD,Let Go
30960,56659,1817952217,"Strange & Huey, Huey Mnemonic, D. Strange",Exoframe
30960,88169,3345044401,LU2K,Tactical Dub 1.6
30960,89843,3771602412,Trustee,Right Now
30960,111403,3663621532,Zora Jones,Hoes Link Up
30960,116643,3626779472,Henry Greenleaf,Ghost Town
30960,120615,4156298512,Fortunato,TECNOMAGIA
30960,160394,3649688332,elBarto,Dash
30960,182571,3574039631,Roaming Data,Unfold
30960,235898,3671279922,An Avrin,4LYFE
30960,254870,2810964592,Kaval,Toadfish
30960,273910,3517712351,Sir Hiss,Memory Leak
30960,273911,3046608661,Footclan,Loaded
31106,56433,3871117641,Pablo Fierro,Yali
31106,58884,3681503642,"Kermesse, Turu Anasi",Riders
31106,124515,3858348461,Francis Mercier,Halala
31106,159921,3120002281,"Ben & Vincent, Will Hyde",Emily's Prelude
31106,159929,3453937991,Mula (FR),Waves of Khadija
31106,190993,3651709202,Slow Nomaden,Bird Vision
31106,274825,1922610347,jiony,Sloth
31106,274826,3067043171,Zoonido,Jaguar (Arkay Koo Vision)
31106,274827,1577270872,"Ishdub, Tata-Wati",Numa
31106,274829,3315400361,Nyvs,Alphymba
31106,274830,4127466091,Vinzoo,Bienvenue (Yemanjo Remix)
31106,274831,1588113822,Rodrigo Gallardo,Corazón Emplumado
31106,274832,3414013481,"Namirí, La Forastería",Cura
31106,274833,3625372212,Salvo Migliorini,EtnArabic (Tamer ElDerini Remix)
31106,274834,3704558062,Siddeffects,Prayana
31106,274835,3027388411,"Mose, Rodrigo Gallardo",Al Contemplar
31106,274836,3337165361,"Rønhöff, Qualista",Nebulae
31106,274837,3813591302,Catteh,Habanera
31106,274838,3791285192,Zuma Dionys,Obsession
31106,274839,3453938021,Musical Religion,Nebula Bazaar
31106,274840,3604143462,Liquid Bloom,Heartbeat Of The Sacred Valley (J.Pool Remix)
31106,274841,3328944471,Red Circle,Dara
31106,274842,2080841577,Troja,Jungle Dance (Goldcap Remix)
31106,274843,3320329051,Rameff,Devotion
31106,274845,3771893222,MESTIZA,Salam
31132,37331,1925795617,Double 99,Ripgroove (feat. Top Cat) [Rerecorded] (Rerecorded)
31132,52331,3187296641,SP:MC,Trust Nobody
31132,64782,1532827972,Loefah,Disco Rekah
31132,72578,408310572,Pinch,Get Up (Jack Sparrow Remix)
31132,78482,3298870461,Buckley,Vitamins
31132,95536,4144607662,Manga Saint Hilare,In The Dance
31132,107313,3415973251,Drone,Devil's Hands
31132,157942,10768315,Cooly G,Love Dub (Refix)
31132,164820,704951832,Slowie,BRSlang
31132,274974,3625285022,Qwirk,Bulldozer
31132,274975,86118547,Jakes,Warp 9
31132,274976,408192262,RSD,Good Energy
31132,274978,3187297401,Skream,Oskillatah
31132,275003,2945926841,Gemmy,Supligen
31132,275004,3894547401,Joker,Elastic Band
31132,275006,3817703661,Sukh Knight,Fury
31132,275007,3066069531,Rukus,Closure
31132,275008,2244588577,Mitch Geist,talk2me
31132,275009,995841692,Von D,Miss Maui
31183,6381,99637490,DeBarge,I Like It
31183,34453,1578982472,Teddy Pendergrass,You Can't Hide from Yourself (Dimitri From Paris Super Disco Instrumental)
31183,41540,77860389,Dan Hartman,Vertigo/Relight My Fire
31183,47475,2857271322,Nina,Love Is In The Air (El Amor Està) Bengi Jumping Rework
31183,52911,63480993,Fleetwood Mac,You Make Loving Fun
31183,63140,1555697962,Earl Young,Take Them in Prayer
31183,100705,635832502,Suzy Q,Tonight
31183,107793,1938435627,"Discothèque, Kamma, Masalo",For Your Love (Kamma & Masalo Radio Mix)
31183,109168,16222625,Teddy Pendergrass,Only You
31183,119883,1578982392,Harold Melvin & The Blue Notes,The Love I Lost (Dimitri From Paris Super Disco Blend)
31183,141299,68515650,Sylvester,Band of Gold
31183,147667,625751,Barbra Streisand,No More Tears (Enough Is Enough)
31183,165025,1705159847,Harold Melvin & The Blue Notes,Don't Leave Me This Way (John Morales M + M Mix)
31183,264942,568354312,Frankie Kao,Ai Xiang Qing Gan Lan
31183,275392,640713832,Teddy Pendergrass,"The More I Get, The More I Want (DJ Pierre's Music Box Remix)"
31183,275393,14525090,Wham!,I'm Your Man
31237,65532,11098280,ANA TIJOUX,1977
31237,89971,1462089392,Los Mirlos,Sonido Amazónico
31237,194544,1883663587,Robert Parker,I Caught You in a Lie
31237,275756,3489108,Homer Banks,Aint That A Lot Of Love
31237,275757,3628161752,Saxie Russell,Psychedelic Soul (Part 1)
31237,275758,438864252,Bunny Sigler,Sunny Sunday (Stereo)
31237,275759,3663087,Flora Purim,From the Lonely Afternoon
31237,275760,4621117,Willie Hutch,Theme Of Foxy Brown / Overture Of Foxy Brown (Medley)
31237,275761,13392943,Cliff Nobles,My Love Is Getting Stronger
31237,275762,3862095871,Esther Williams,"Last Night Changed It All (I Really Had A Ball) (12"" Version)"
31237,275763,471203162,Soopasoul,"If It Ain't Funky Back It Up, Pt. 1"
31237,275764,1383750292,Barbara Mercer,Call On Me
31237,275765,10909344,Mystic Moods Orchestra,Astral Trip
31237,275766,2289680765,Los Corralero De Colombia,La Cumbia Serrena
31237,275767,3208927601,Herman H. Harper II,Headed for the Streets
31237,275768,1758512607,Leon Haywood,That's What Time It Is
31237,275770,9745370,Various Artists,Too Careless With My Love - Dee Edwards
31237,275772,834951052,Myrth,Gotta Find a Way
31298,1179,3763131682,CLS,Can You Feel It? (In House Dub)
31298,1291,123129234,Joey Beltram,Energy Flash
31298,2144,527723471,The Ultimate Seduction,House Nation
31298,25286,3684675102,Maddix,The Ultimate Seduction
31298,76815,3285895431,Fargetta,The Music Is Moving
31298,76820,3703433892,Endangered Species,Endangered Species
31298,217958,1156968492,Meng Syndicate,Sonar System (Speedy J Mix)
31298,228458,387387101,Mainx,88 To Piano (Terrif X Mix)
31298,271846,937837962,X-Force,Dead Pool (DJ Attack's Digital Mess Mix)
31299,35100,2522015391,NTTR-909,Hyperbell
31299,92840,1650274472,Deniro,700
31299,98619,3026108331,Dimi Angelis,Endorama
31299,138970,1399604632,Head Front Panel,Vocalize
31299,150908,505184512,Blawan,Vented
31299,271796,877959922,ORBE,Unreal
31299,271797,471748232,Eduardo De La Calle,Proto Karma
31299,271798,139443943,Eduardo de La Calle,Shift 002 A1
31299,271799,3964897141,Alexander Kowalski,Beside The Line
31299,271801,1543463902,Aleksi Perala,FI3AC2030010
31316,19770,3786403152,Positive Force,"We Got the Funk (12"" Mix)"
31316,51853,84384921,Master C & J,Face It (Dub It)
31316,69757,6640582,Sister Sledge,Lost in Music (1984 Bernard Edwards & Nile Rodgers Remix) (1995 Remaster)
31316,85624,16161591,Billy Paul,Only the Strong Survive
31316,132965,3398475641,N9ne Lives,So Good
31316,160373,3783321542,First Choice,Let No Man Put Asunder (Tommy Musto Club Remix)
31316,197192,1523674742,Sleezy D,Space Side
31316,224784,76694312,J.M. Silk,Intro (House in E-Flat Minor)
31316,224906,2865660962,Cultural Vibe,Ma Foom Bey (Special ZZB Version)
31316,271763,137022036,Den Harrow,Future Brain
31316,276257,87682087,Sweet D,Turn It
31316,276258,548739022,DeBarge,You Wear It Well (M&M Dub Mix)
31316,276259,1429638122,Billy Paul,Only the Strong Survive (Single Version)
31464,50156,2214088847,"Watch The Ride, Nia Archives",Mash up the Dance
31464,85105,3484016261,"Jeremiah Asiamah, Yung Saber",Wicked
31464,115872,64559719,Jah Shaka,Kings Music
31464,143592,3411416801,Skream & Benga,Good Things Come To Those Who Wait
31464,149220,3461102811,"Arthi, Sam Interface",RUFFEST
31464,183006,1426697702,Chopstick Dubplate,Herbs Toast (Original Mix)
31464,183007,2594907802,"Run In The Jungle, D*Minds, T>I & Critical Impact",Mainstream
31464,183008,3513639061,Crystal Clear & Nymfo,Losing Your Mind
31464,183009,3596363472,"MC Joe Peng, DJ Bunjy",Ya Mad (MiddleGround Remix)
31464,195098,3432780961,Lila Iké,Scatter
31464,196142,3363418331,Dutta,Button
31464,196533,3663456472,T-Cuts,Dub Plate Pressure
31464,236021,64559664,Jah Shaka,Shaka Special
31464,236031,3528034611,dubmones,Sheena Is A Rudie Now (Paolo Baldini DubFiles Remix)
31464,236032,3432781021,Lila Iké,All That and More
31464,274965,973966102,Morgan Heritage,Strictly Roots
31464,278990,70173908,Dubmatix,Champion Sound
31464,278991,3472496761,Dub Spencer & Trance Hill,Dubnium
31464,278992,63395257,Colin Roach,Champion Sound
31464,278993,3677644502,Blank Canvas,See Through You
31464,278994,3267932661,12Bit Jungle Out There,I Can't stand
31464,278995,3267932691,MSDOS,Wu-Tang Style
31464,278996,3267932681,"Greg Even, Jah Garvey",Roots & Culture (Baktrax Remix)
31464,278997,3267932621,"Jah Mason, Mad Sam, Serial Killaz",Wrap Up A Spliff (Serial Killaz Remix)
31464,278998,3267932671,Guzi,Joke Ting
31464,278999,84364027,Tone-Loc,On Fire (Remix)
31568,88008,3793415372,Chloé Robinson,cookie cutter
31568,122985,3599621012,Stones Taro,Bailey
31568,123251,3385020331,CLIPZ,Bam Bam
31568,165061,3923697611,Raybee,Swag
31568,200098,773522232,DJ Die,Drop Bear (Remastered)
31568,259279,3570323031,Janaway,50/50 Vision
31568,272937,2516282641,"Sam Binga, Chimpo",Rude AF
31568,278101,2747131711,Miss Jay,Suku's Skooter (Skit)
31568,278814,3553909921,Numatix,High Rollers
31568,279653,3669966582,Redlight,System B
31568,279654,3923698271,Dedman,Bad Man Pull Up
31568,279655,771712392,Distro,Bad Hood (Original Mix)
31568,279656,3227098831,ZeroFG,Dabber
31568,279657,3707747582,Bladerunner,Musical Murda
31627,48613,3662831,Cibo Matto,Sugar Water (Mike D. / Russell Simins / Mario Caldato Jr. Remix)
31627,68581,3542693061,"Idjut Boys, Minjung Kate Kim",WTF (Word Salad Version)
31627,71939,1266589292,my bloody valentine,instrumental no. 2
31627,129004,553735602,Chris Carter,Sublev
31627,159321,436370112,Guem,Le Serpent
31627,280097,2714196262,MADMADMAD,Flute And the Hobo
31627,280098,3470901911,Dania,Personal Assistant
31627,280099,398016472,Orson Wells,Multipass
31627,280100,2560622822,Anton Fier,Dreamspeed 1
31715,152846,3679615592,Paul Franc,Phaseloop
31715,236119,4006341871,Daniel Meister,I See It On You
31715,280756,3713806412,Ollie Ballyn,Red Asahi
31715,280757,3365443671,Alexey Mogutin,G2V-019
31715,280758,2195020427,Matheiu,Beautiful Mind
31715,280759,2873728882,Max Jacobson,Shine
31715,280760,3374763421,Paul Franc,Drift Logic (Original Mix)
31715,280761,2670335362,Koliseum,Let The Bullets Fly 讓子彈飛 (Fedo Remix)
31774,71988,967431,Outkast,Skew It on the Bar-B
31774,113340,541308,Wu-Tang Clan,Shame On a Nigga
31774,155787,2466305,Wu-Tang Clan,Gravel Pit
31774,263296,13378270,Wu-Tang Clan,"Careful (Click, Click) (Explicit Version)"
31774,281146,865464,Wu-Tang Clan,For Heavens Sake
31774,281147,3298149711,Tha Alkaholiks,Hip Hop Drunkies (Rerecorded)
31774,281148,14925822,"Redman, Method Man",Redman & Method Man - Freestyle
31774,281149,623743,Ghostface Killah,Motherless Child
31774,281151,126846281,Pete Rock,Strange Fruit
31774,281152,735852102,RZA,So High (G-13)
31774,281153,1762570627,"Ghostface Killah, Trife Da God",Be Easy (Album Version (Edited))
31774,281154,1580087,GZA,Liquid Swords
32094,36023,2370877065,Bartig Move,Nordica
32094,148594,2370877055,Bartig Move,Contacta
32094,169113,3514597211,Bartig Move,Meiga
32094,223382,3514597161,Bartig Move,Asta
32094,266741,2009158107,Mist Gasp,The Cleaner
32094,283292,2249158057,Bartig Move,Gerada (Original)
32094,283293,1673771347,Bartig Move,Inercia (Original Mix)
32094,283294,1673771367,Bartig Move,Decadencia (Original Mix)
32094,283295,3323856561,Robert Hoff,Phase Space (Mist Gasp Remix)
32094,283296,3046481701,Bartig Move,Quimera
32094,283297,2009158097,Mist Gasp,Melting Shoes
32094,283298,1952348527,Vara de Garganta,Pandelium
32094,283299,2751362901,Mist Gasp,The Season
32094,283300,2249158087,Bartig Move,Nautica (Original)
32094,283301,2669020502,Bartig Move,Desgracia
32094,283302,2669020562,Bartig Move,Diversia
32113,59248,2141570127,"Ø [Phase], Dispar Vulgo",As It Is
32113,73555,2937533761,Kangding Ray,Ypox
32113,112794,3052103871,Mike Parker,Atom Soldiers
32113,143001,346064711,UVB,Least At Last
32113,167847,3102404761,Adriana Lopez,Broken
32113,272355,2695036732,KØLPØS,Amane (Pyramidal Decode Remix)
32113,283419,2528450611,Christian Smith,Polished Chrome (Electro Mix)
32113,283421,3104333301,Lorenzo Fasano,Dark Passenger (Original Mix)
32113,283422,2928745821,Viels,Wujhca
32113,283423,3066064851,Yositoko,Yosi 01.1 (Original Mix)
32113,283424,1840147807,Temudo,20 Minute Challenge
32113,283425,3105960621,Vegim,Autostatic (Original Mix)
32113,283426,3239253231,Lakej,Assimilation (Oxygeno Remix)
32113,283427,2747576701,Pfirter,Access
32113,283428,3373502081,P.A.ǝ.Z,Master forces
32113,283429,3025750881,Lidvall,Like To Your Story
32113,283430,2935711841,"Sterac, FJAAK",Hop On (FJAAK Remix)
32156,41160,570835822,Fafá de Belém,Doce Mistério
32156,104293,1976154977,Patrick Cowley,Low Down Dirty Rhythm
32156,104362,416836512,Splendor,Special Lady
32156,117257,764291652,Lucio Battisti,"Neanche un minuto di ""non amore"""
32156,155482,3707997952,Whodamanny,Sambar
32156,181699,17774351,Alice,A Cosa Pensano (2005 Remaster)
32156,183519,3813355922,Peter Matson,Underappreciated
32156,194254,3331297131,Playground,Rainy Day Woman
32156,222636,145096558,Rae & Christian,Spellbound
32156,232670,59657391,Laserdance,Moon Dusk
32156,283710,1869484527,Giorgio Lopez,via Faro
32156,283711,7410263,Shuggie Otis,Sparkle City
32156,283712,2575059262,"Betty, The Code Red",Hard Working
32156,283713,2584953712,"Adriano Celentano, Mina, MinaCelentano",Specchi riflessi
32156,283714,2195092247,Stanislas Tohon,Magnifirec
32156,283715,69305597,Frankie Hi-Nrg MC,Fight da faida (Original Version)
32156,283716,3869919481,Andromeda,Andromeda (Original 45 Version)
32156,283717,3325286001,Mystic Jungle,Sunset Breaker
32272,23274,3819970411,Jark Prongo,Movin' Thru Your System (Dave Clarke Remix)
32272,42539,820652572,DJ Lil' Tal,Funkin' With Another Drum (Original Mix)
32272,168640,3547769351,Blue Hour,Untitled 4
32272,168777,3655637252,Stefan Vincent,Tyrant (Original Mix)
32272,171075,2335243845,Robert Hood,SH-101
32272,224578,3547768891,Kuf,Minimal shit
32272,244118,3472166441,Dold,No Need to Brag
32272,285163,2625320082,Dying in Beauty,Kinbaku Groove
32272,285164,1651431912,"Fergus Sweetland, Casual Treatment",Dorian Moods (Original)
32272,285167,2058654937,Speedy J,Glov (Remastered 2021)
32412,4698,2150143887,"Skrillex, Nai Barghouti",XENA
32412,59603,506222192,Mura Masa,Lotus Eater
32412,125595,138547279,MssingNo,Fones
32412,183307,2639919172,Some Guest,Who u Trust
32412,183670,3400991461,Throwing Snow,Forged
32412,285902,1858179307,Sketchi,Osami
32412,285908,3303056521,Skrillex,"KORABU (feat. Varg2™, Whitearmor, Eurohead, jamesjamesjames)"
32412,286136,121017554,Bonzai,Daniel Gets It Wrong
32412,286137,628151282,Cherie Lily,Drip Drop (Wristboi Remix)
32412,286138,830813712,Rude Kid,India
32412,286139,511514932,Rico Nasty,Bitch I'm Nasty
32412,286140,393819192,TSVI,Yeah
32412,286141,2383153255,Zheani,BRING WET CUNT
32412,286143,1549295582,siouxxie sixxsta,masquerade
32428,46529,63428623,Kerri Chandler,Rain (Atjazz Remix)
32428,72031,3239713821,Seph Martin,Rainy Nights
32428,82512,1939641647,Janet Jackson,Go Deep (Masters At Work Thunder Mix)
32428,177660,3513496721,Giles Smith,I Can Change Your Life (Deep Dub)
32428,247343,1665501352,Mike Dunn,Deep Lat'n Soul Thoughts
32428,286258,2300004775,Kayenne Live,Rain Fall Down
32428,286260,3505966461,"Logo Alloy, Zam T",Don't Go Stay
32428,286261,3451124641,Josh Milan,Starlight (Honeycomb Radio Mix)
32428,286262,3542149771,Luciano Esse,CALLING YOU (Original Mix)
32428,286263,3515263821,"Sean Ali, Andre Espeut",Love What You Do to Me (Bang the Drum Instrumental Mix)
32428,286265,2796410682,KlevaKeys,A Groove's Testament (KlevaKeys Main Mix)
32446,35773,1030087,Lisa Lisa & Cult Jam,I Wonder If I Take You Home
32446,37757,2806039672,Prince,When Doves Cry
32446,39852,716523032,The S.O.S. Band,The Finest
32446,58813,1110807,Patti LaBelle,New Attitude
32446,64752,1088064,Snoop Dogg,Sexual Eruption (Instrumental)
32446,66817,374283231,Prince & The Revolution,"Erotic City (Make Love Not War Erotic City Come Alive) (12"" Version)"
32446,103446,66190257,Beyoncé,Schoolin' Life
32446,107096,3470152981,"Tyler, The Creator",Ring Ring Ring
32446,107720,2164370897,Donna Summer,She Works Hard For The Money (Club Mix)
32446,114451,91383926,Jazmine Sullivan,Let It Burn
32446,136407,1758924057,Janet Jackson,Funny How Time Flies (When You're Having Fun)
32446,145448,571865222,Janet Jackson,When I Think Of You
32446,188568,853679062,Thundercat,Funny Thing
32446,252440,925894,The-Dream,Fast Car
32446,285655,1937656427,Solange,Locked In Closets
32446,286393,3316204361,Jae Stephens,SMH
32446,286394,3514216471,Doja Cat,Jealous Type
32446,286395,1385974392,Q,It Won't Get Ya
32446,286396,435109522,Shelley FKA DRAM,Outta Sight / Dark Lavender (Interlude)
32446,286398,2120549027,Q,LUV (I KNOW I WANT THIS FOR REAL)
32446,286399,1873714637,Steve Lacy,Guide
32446,286400,2078291437,Sugababes,Flatline
32446,286402,2459641,Janet Jackson,Miss You Much
32446,286403,907803,Cameo,Word Up! (Extended Version)
32446,286404,529902161,Janet Jackson,The Pleasure Principle (Edit)
32446,286405,529902211,Janet Jackson,Let's Wait Awhile
32446,286406,571865212,Janet Jackson,Nasty
32450,1412,3340111711,Mau P,Like I Like It
32450,2767,3297619671,Prospa,Don't Stop
32450,43654,630821712,Alicia Myers,I Want To Thank You
32450,58261,2655876942,Ossie,Dreams
32450,94889,3679720822,Boss Priester,Keep the Crowd Moving (Radio Edit) (Radio Edit)
32450,124625,2826128612,"Block & Crown, Marc Rousso",I Want To Thank You
32450,207162,2969938001,Robbie Doherty,Rock The Beat
32450,286422,3484767431,Joshwa,Say My Name (Extended Mix)
32450,286423,1683824887,"GAGH, Ariel Sacone",Someone
32463,53096,3923213691,Lyra Pramuk,Oracle
32463,64691,3524652331,Blood Orange,The Field
32463,78414,3287269601,Purelink,Circle of Dust
32463,111969,3340334261,Facta,Skyline 4
32463,145314,3335311941,Erika de Casier,Delusional
32463,146549,3373611081,ear,Valley Serpent
32463,194813,3371189161,Villager,PAUSE
32463,286495,3198322011,John Glacier,Heavens Sent
32463,286497,3059391161,Becky and the Birds,To trust you
32463,286498,3265494261,Disiniblud,Give-upping
32463,286499,3369315461,Sam Austins,River stream (feat. Cecile Believe)
32463,286500,3401290321,"Jasper Tygner, Art School Girlfriend",Hold You
32463,286501,2616708102,Clarissa Connelly,An Embroidery
32479,92014,3454558671,Justin Bieber,YUKON
32479,100303,2157406,Lumidee,"Never Leave You (Uh Oooh, Uh Oooh)"
32479,188667,494998592,Lexxus,Taxi Fare (feat. Mr. Vegas)
32479,212763,90408907,Beyoncé,Standing on the Sun Remix
32479,272081,3397850531,Addison Rae,High Fashion
32479,286602,1375430382,Ahya Simone,Frostbite (Remix) (Asmara meets Tapiwa on Planet Kizomba)
32479,286603,10370619,Toni Braxton,Take This Ring
32479,286605,3523887121,Raman Bains,Gulabi Rangiye
32479,286606,618145242,Suku,Barb Wire Riddim (Instrumental)
32479,286608,3286894971,Vybz Kartel,Whine Fi Mi Gyal
32479,286611,2349425535,Majid Jordan,All I Do
32576,51359,3879251041,1tbsp,Pink Dress
32576,78409,2990597401,"petrus.wav, DJ Rafinha Duarte, Mc Gw",FODE PRA KARALHO
32576,88142,3794914792,LATINCORE,SAD GIRLZ LUV CUMBIA
32576,90013,3944531021,Ms Nina,Pilates
32576,94594,3729174792,Bony Fly,Envidiosos
32576,95541,3613653432,DE SCHUURMAN,If You Like
32576,95992,3877277011,KARYO,We Need Some More Girls In Here
32576,113627,3890845871,Susobrino,Cumbia De La Chikungunya
32576,114399,3879794781,Bad Gyal,Tic Tac (Hour Love)
32576,140257,3821287161,Conjunto Media Luna,Kumbia Tequendama
32576,162648,3876631061,A.CHAL,CHOLOGANTE
32576,246435,3893486211,Tokischa,SURFBOARD
32576,287325,3896785991,Carlos Corté$,no hay lío
32576,287326,3820573561,Pepo Mix,KadEreAnDoOoOo
32576,287327,3698249582,Rojuu,Splendor (Любовь втроём)
32576,287328,3929028491,dj mega us,CHAKATON (Somos Los Bellakos)
32576,287329,3909037631,Feid,TRANKAITO
32576,287330,3891862321,King Doudou,DIGDIS
32576,287331,3881683871,8.am,Faltosear
32576,287333,3650439282,"Syztema, Rosa Pistola",Clarividencia
32576,287334,3854856951,Ed Lalo,Miel ฅ^>⩊<^ ฅ
32579,387,2620898152,Shygirl,mr useless
32579,1743,3439503611,Sonique,It Feels So Good
32579,2115,887994902,Claptone,Drop The Pressure
32579,4672,2247350867,Overmono,So U Kno
32579,23723,1504992812,Carl Cox,I Want You (Forever) (Josh Butler Remix - Radio Edit)
32579,39796,3147071161,Wordcolour,Fundamentals
32579,59792,10522492,Burial,South London Boroughs
32579,65427,2885063412,Fcukers,Homie Don’t Shake
32579,67058,2849037292,Bambounou,The Life of a Touring DJ
32579,69886,2162693827,"Torren Foot, Azealia Banks",New Bottega
32579,72359,3501630461,ATRIP,Sinai Ray
32579,82968,3239136771,Conducta,Handle With Care
32579,137861,2930493871,Eris Drew,I Can Move Move (Baby Rollén Remix)
32579,173304,2961225141,"Leonce, Girl Unit",Thankful
32579,253716,407622672,Four Tet,Parallel Jalebi
32579,287339,2793749302,Sasha,Cut Me Down
32579,287341,137654831,Joe Goddard,Gabriel
32579,287343,3838719,Holden,Lump
32579,287344,509689412,Ross from Friends,Wear Me Down
32579,287345,2680492382,Jam City,LLTB (Glimji Remix)
32579,287346,4058648901,Tinashe,Gravity
32579,287347,2968044381,Cameo Blush,Just Concentrate
32579,287348,3114657731,Throwing Snow,Subtitles
32579,287349,4081566281,MiiNDS,Little Spoon
32579,287350,36687401,Bok Bok,Reminder (L-Vis 1990 CC Mix)
32579,287351,2812848702,Megra,Don't Risk It
32579,287352,3357070451,DJ_Dave,Cycles
32579,287353,1993096497,Sega Bodega,Kepko
32579,287354,3710704282,just lil,distant shade
32579,287355,3592004312,just lil,think about u
32579,287356,3239713161,just lil,Rose On A Stone
32579,287357,4021099361,"Beta Librae, James K",Late At Night
32579,287358,2380339095,Skinny Wizard,Better
32579,287359,3111211401,"Shanti Celeste, K-LONE",Ice Cream Dream Boy (K-Lone Creamix)
32579,287361,3474031781,"Calvin Harris, Clementine Douglas",Blessings (Airwolf Paradise Remix)
32579,287362,3484782551,Ferreck Dawn,Mirror Machine (feat. Aurelia Ray) (Extended Mix)
32639,39063,3841039251,Atric,Not Ready (Extended Mix)
32639,52228,3640088732,Groove Delight,Deeper Down (Extended Mix)
32639,71837,3595063992,BIJOU,Come Alive
32639,148842,3098105,Kylie Minogue,In Your Eyes
32639,194712,3375614841,"Alain Fanegas, Tomy Wahl",Vis a Vis (Original Mix)
32639,237036,3639021542,"DONT BLINK, Vakabular",THE ONLY ONE (Extended Mix)
32639,284721,1638682172,"David Balmont, Edu Saiz",Nothing Control (DJ Entwan Remix)
32639,284722,1008331692,Raphael Hofman,Wintergarten Cocaine Cowboys (Daniel Jaeger Remix)
32639,284723,1426253942,"No Hopes, Pushkarev",SLEEP
32651,36692,2093675557,Malin Genie,Tumladen
32651,40233,1878952397,Polygonia,Submerged
32651,59422,2038345447,Toumba,Istibtan
32651,65508,1774545597,Objekt,Bad Apples
32651,72972,1662689322,Avernian,Three Faced
32651,90375,1984009817,Toumba,Shurooq
32651,107085,485269782,Randomer,Dissolve
32651,181734,3571291781,Pluralist,Console
32651,228021,2078074837,Air Max '97,Bruxis
32651,284817,2017745837,"A-Tweed, Oltrefuturo",Taipanic Bite
32651,284818,2002204357,Henzo,Survivorship Bias
32651,284819,1768787317,Far East Flight,Far East Flight (Black Seed Karakorum Remix)
32651,284820,3810662622,La Zowi,Trafikantes
32651,284821,1527185662,Iti,As Time Passes (Nora Drum Remix)
32651,284822,1641915242,Pluralist,Dry Martini
32651,284823,2186399757,GЯEG,Computa Riddim
32651,284824,557867942,THEMBA,Better Days
32651,284825,1626226972,Breaka,Admit Ignorance
32651,284826,2768228021,Ivy Lab,Husk
32651,284827,1834800757,Sha Ru,V.O.I.D. (Tapefeed Remix)
32769,58116,486417842,Wax,30003a
32769,160626,496467952,"Chaos In the CBD, Isaac Aesili",Invisible Spectrum
32769,167898,141928111,Marlow,Towards Evening
32769,204889,11854685,Push/Pull,Secrets of the Nile
32769,259026,63063833,Dream 2 Science,Mystery of Love
32769,262779,1697053617,Sleep D,Phantom
32769,288102,99464838,Dwayne Jensen,Ignition
32769,288103,6253056,Marques Wyatt,Rude Groove (Original Mix 4 the Headz)
32852,34729,3878280891,Tarkno,SKETCH #12 (Original Mix)
32852,61098,3923103281,DJ Rush,Strasse E (Disguised Remix)
32852,88315,3080415451,Yuuta,Yahiko
32852,88318,2742407181,Ø [Phase],Exiting The Delusion
32852,88319,2907087631,Bloody Mary,Reality Three (909 Mix) (909 Mix)
32852,88320,2948421351,Exos,Enter the Danger
32852,88321,2798686882,Specific Objects,Madrigal (Disguised Remix)
32852,88323,1846893437,Talismann,Tanan
32852,88326,2991491191,Exos,Ruff Cut
32852,88332,100214418,Tom Wax,Mechanical Slavery (Eric Sneo Remix)
32852,88333,2903838181,Exos,Attack
32852,88500,3856340751,Exos,Evil Therapy (DJ Dextro Remix)
32852,89421,2711978641,Dax J,Ares
32852,138481,3489100741,Axel Karakasis,Shades of Blue
32852,166323,3682747752,Slam,DRUMTRAX Vol. 1
32852,170779,3264788671,Goncalo M,Conscious Machine
32852,233637,3857479181,Slam,DRUMTRAX Vol. 2
32852,296819,4005030711,JAMIE,Augmented Desire
32852,296822,2903838201,Exos,Evil Empire
32991,289587,535566142,Seph,File Search
32991,289588,3474121011,Dan HabarNam,Becomes
32991,289589,1544623422,David Morley & Davy Vandegaer,Uninhabitable Zones
32991,289590,3210026891,Rheinkalk,Preflexus
32991,289591,3360651631,Stigr,Underground Sea (Original Mix)
32991,289592,103553970,Dronelock & Ontal,The End of Eternity
32991,289593,1504410152,Shaded Explorer,The Violence Of Separation
32991,289594,1094206372,Catartsis,Lumbricina
32991,289595,467592032,Yen Towers,M4P
32991,289596,3595347192,Joji,PIXELATED KISSES
33019,184234,78652585,Led Zeppelin,Since I've Been Loving You (Remaster)
33019,230356,1516275802,The Beatles,Across The Universe (1970 Glyn Johns Mix)
33019,289794,14673473,Baustelle,La canzone del riformatorio
33019,289795,1633312702,The Beatles,Don't Let Me Down (Rooftop Performance / Take 2)
33019,289796,116348636,The Beatles,The Ballad Of John And Yoko (Remastered 2015)
33019,289797,78621548,Led Zeppelin,How Many More Times (Remaster)
33019,289799,1040926,Janis Joplin,"Move Over (Live at McMahon Stadium, Calgary, Canada - July 1970)"
33019,289800,1060314,Johnny Hallyday,"24000 baisers (Live, février 1961)"
33019,289801,990409,Lucio Dalla,Cara
33019,289802,14673467,Baustelle,Le vacanze dell'ottantatre
33019,289803,593689142,Alberto Fortis,Milano E Vincenzo (Remastered 2018)
33019,289804,593689182,Alberto Fortis,Nuda E Senza Seno (Remastered 2018)
33019,289805,68964145,Loredana Bertè,Re
33019,289806,3477545,Grace Jones,I'm Not Perfect (But I'm Perfect For You) (Remastered)
33019,289809,397263422,Zezé Motta,Senhora liberdade
33019,289810,1068217,Janis Joplin,"Kozmic Blues (Live at CNE Stadium, Toronto, Canada - June 1970)"
33019,289812,3819756901,John Paul Young,Friends
33019,289813,3345506501,Paola Turci,L'Uomo Di Ieri
33019,289814,1067865,Janis Joplin,"Half Moon (Live at CNE Stadium, Toronto, Canada - June 1970)"
33019,289815,593689172,Alberto Fortis,La Sedia Di Lillà (Remastered 2018)
33019,289816,78671028,Led Zeppelin,The Lemon Song (Remaster)
33019,289817,996174,Riccardo Cocciante,Margherita
33418,43593,3275213401,SHERELLE,FREAKY (JUST MY TYPE)
33418,52330,1012493692,Pearson Sound,Alien Mode
33418,191176,406633112,Pinch,Chamber Dub
33418,235898,3671279922,An Avrin,4LYFE
33418,272072,1121376192,Laksa,T's Tent
33418,292823,3671279872,Frankie Elyse,Sea Urchin
33418,292824,1135041952,Client_03,Wavefile_Dayjob
33418,292825,3721565082,Azogial,140 km/h
33418,292826,2281764217,"Nikki Nair, Breaka",Never Let Them Know Your Next Move
33418,292828,1741777557,Nocow,Noski
33418,292829,3721565092,Reallyraw,Fusion
33699,269074,509903042,Stan Kolev,Revolt
33699,288937,508308022,Tali Muss,Ganesa (Original Mix)
33699,294836,437993212,Flashmob,Ease The Pain (Original Mix)
33699,295488,408664982,Underground Ticket,Leave (Cosmonaut Remix)
33699,295489,510490792,Jiggler,Chasing the Sun
33699,295490,2840256842,Funkerman,Lodi (Extended Mix)
33699,295491,2833425472,Funkerman,Pondifonk (Rene Amesz Mix)
33699,295492,426137082,Underground Ticket,Souldance
33699,295493,115630756,DeMarzo,Another Day (Heartless Dub)
33699,295494,532139272,Flashmob,Killer Track
33699,295495,4193683042,Format:B,Fullhouse (2021 Remaster)
33699,295496,124506324,Stan Kolev,Forsaken (Instrumental Mix)
33699,295498,2825158672,"Funkerman, Marco Lys",Pick You Up
33699,295499,5931855,Niko Schwind,Just a Groove (Original Version)
33699,295500,1210237142,"Kaiserdisco, Cesar Martinez",Get Up (Ruben Mandolini Remix)
33699,295501,2255207527,Kaiserdisco,SQ 80
33699,295502,63374063,Jay Lumen,Get Yaa!
33699,295503,1386579452,Jay Lumen,Black Stabs (Roberto Capuano Remix)
33699,295504,82254980,"Friscia & Lamboy, Mike Ivy",I Need Ya (Original Mix)
33699,295505,3910318231,Format:B,Chunky (DJ S.K.T Remix)
33699,295506,532139282,Flashmob,Take Your Car
33699,295507,2633771382,Flashmob,Drop the Bass (Original Mix)
33699,295508,60381701,Da Fresh,Lucky Number (Original Mix)
33699,295509,363967811,DeMarzo,Holster (Original Mix)
33699,295510,16684572,Basti Grub,Negro (Dj Sneak Remix)
33699,295511,117098134,Michael Bibi,Restoration (Original Mix)
33699,295512,16710471,Basti Grub,Wenn Ich An Die Kosten Denke
33699,295513,2200821077,ANNA,Whip (Mladen Tomic Remix)
33725,6483,3065031591,The Rocketman,The Nighttrain
33725,41752,3509866871,THISO,Every Night
33725,41755,3910461321,Jacidorex,Riverside
33725,55035,3122894831,KUKO,Nikotin & Alkohol
33725,244154,2847559492,"Noise Mafia, JØR",Everything Done
33725,254362,3355991531,999999999,Acid Blood
33725,285032,2988965811,Kander,Don’t Say A Word
33725,295671,3030760311,"The Rocketman, SHVDZ",The Creator
33725,295672,3172418261,VENTUR,Kick in session (Original Mix)
33725,295673,2769601501,THISO,Detonate
33725,295675,3334278481,David Strasser,Mainstage Music
33739,96438,68515141,Depeche Mode,Dream On (Bushwacka Tough Guy Mix)
33739,269217,609277872,Stan Kolev,Inscape
33739,295519,929214192,Matias Vila,Ahora (Eran Aviner & Hermanez Remix)
33739,295769,649424182,Milos Ilic,Contradiction (Dimuth K Remix)
33739,295807,580729232,Valeria Petz,The King (Original Mix)
33739,295808,675512702,Rikk Earth,Fetish (East Cafe Remix)
33739,295809,648194092,Pacco & Rudy B,Abstracto (Bablak Remix)
33739,295810,1423122242,Fuenka,Yantra (Extended Mix)
33739,295811,662876972,Digital Mess,Dark Bursts (Original Mix)
33739,295812,653912332,Sonic Union & Bastards of Funk,Under the Radar (Controlwerk Remix)
33739,295813,655062242,Golan Zocher,Te (Berni Turletti Remix)
33739,295814,661697682,Anton Dhouran,Valhalla Rising (Nick Warren & Nicolas Rada Edition)
33739,295815,652100922,Golan Zocher,The Element (Nick Muir Remix)
33739,295816,120450684,Brian Cid,Eternal Sunrise
33739,295818,492109012,Martin Waslewski,Peripha
33739,295819,668757882,Art in Motion,Kriya
33739,295820,2671991752,Erdi Irmak,Days Like This
33741,126170,656287682,Jean-Michel Jarre,IF THE WIND COULD SPEAK (movement 5 / Tale Of Us Remix)
33741,170674,563051622,Joyhauser,C166W
33741,208789,2543472451,Mathame,22
33741,295468,631133692,LAAT,Mask Yourself
33741,295831,654587292,"Ovandra, Amandra, Ovend",Coucher De Soleil
33741,295832,2545159931,Fideles,Impressum
33741,295833,627601302,Dowden,Skogafoss (Bigasti Remix)
33741,295834,676746772,"Guzy, Bigasti",Kcinna (Oliver Winters Remix)
33741,295835,625760192,Nohak,First Time (Original Mix)
33741,295836,567490982,Alex Mine,Rising Light
33741,295837,657378882,Matias Stradini,The Final Mission (Spencer Dunning Remix)
33741,295838,2850962882,SHDDR,Floor Damage
33741,295839,626617322,Stiv Hey,Can't Stop (Brennen Grey Remix)
33741,295841,631131472,Gary Burrows,No Law (Zakari&Blange Remix)
33741,295842,2850963112,Cosmic Boys,Phoenix
33741,295843,597487502,Spektre,Chant Rush (Beico & MT93 Remix)
33741,295844,651115632,Nicolas Taboada,Poseidon (Original Mix)
33741,295845,633051702,Steam Shape,Dimensionless (Original Mix)
33741,295846,2532481041,"Alex Mine, D-Deck",Icon
33767,296181,658504922,Romano Maglia,Castello
33767,296182,716812372,Caravaca,Malaria (Original Mix)
33767,296183,1077559812,Darknezz,Aahh Jay (Original Mix)
33767,296184,2000198977,Urban Pfeifer,Madiba (Original Mix)
33767,296185,659020992,Juan Sapia,One for the Road (Daniel Van Der Zwaag Remix)
33767,296186,1685659887,"Pedro Mercado, Na Te",Aname
33767,296187,810826802,"Afro Pupo, Saxogroup",Nyundo (Original Mix)
33767,296188,583370832,Alonso Di Uomo,Astriaka (Tritemyo Remix)
33767,296189,573728722,David James Bianchi,Orange Drink (Osmyo Remix)
33767,296190,1426635482,Ayman Awad,Amandla
33767,296191,820608832,Matti (TR),The Dust of Time
33767,296192,2195591277,"Memoryman (AKA Uovo), Rogue D",Tomorrow
33767,296193,1610572362,Zico House Junkie,Grin (Andeffect Remix)
33767,296194,753194192,Enoo Napa,February (Original Mix)
33809,41193,665622522,Petroza,Travels (Original Mix)
33809,88717,2567089062,Caramel 3000,Super Rapido
33809,296608,2327756995,"Stevie R, Parisinos",Smile (Dub Mix)
33809,296609,2278396747,North Of The Island,Sioux You
33809,296610,1067641172,JG Outsider,To the Rythm
33809,296611,3591805322,"Kay-Chi, Keymon",Future Memories (Apollon Telefax Remix)
33809,296613,2064757187,Elfenberg,Cosmic Tribune
33809,296614,2435893695,Samuel Lupian,When You Say (Enjanzea2 Remix)
33809,296615,4153251072,Kapchiz,Acid Queen (The Oddness Remix)
33809,296616,680899582,Mustang,Nebula
33809,296618,2451967615,Mai,Semâ
33809,296620,2386832235,HOVR,Cosmic Cowboy
33826,208864,2386988095,Axciid,Paranormal Decorporation
33826,285040,2290339225,RUTHLESS,One Night (Original Mix)
33826,296704,2290339175,VRODAK,Stay Sober (Original Mix)
33826,296706,2398138895,Terminal Trax,Beyond The Night
33826,296707,2398138855,Treibstoff,Explicit Instructions
33826,296708,2398138865,DOSTROIC,Volcano
33826,296709,2225219257,Ikkhi,System (War DEN Remix)
33826,296711,2349423405,MORSURE,Reactor 800
33826,296712,2349423395,Brain Impact,Bad Habits
33826,296713,2358148635,EDUVEK,Play Me Harder 006
33826,296715,2306098105,ALDES,La Pena Es Mas Grande
33826,296716,2246182017,Nahuel Gasulla,Miss U (PVR Remix)
33826,296717,2300925475,"Icicle, Clouds",Dominate (Clouds Remix)
33826,296718,1940404467,SDTX,Heavy Entrance
33826,296719,3520163981,Clouds,Ravesight
34103,34832,543126422,Tim Maia,Gostava Tanto De Você
34103,198728,3245990431,Tim Maia,"Guiné-Bissau, Moçambique e Angola Racional"
34103,225329,3245995041,Tim Maia,Imunização Racional (Que Beleza)
34103,298708,3245990411,Tim Maia,Que Legal
34103,298709,543138082,Tim Maia,Cristina Nº 2
34103,298710,543126392,Tim Maia,Balanço
34103,298711,3245995091,Tim Maia,Contacto Com o Mundo Racional
34103,298712,71555692,Tim Maia,Where Is My Other Half
34197,2278,3130736,K-Klass,Let Me Show You (Klub Mix)
34197,5235,3867037201,Mark Knight,Clap Your Hands
34197,35870,3826356001,Milk & Sugar,One More Time (Extended Mix)
34197,69887,3758549372,Wh0,Raise Them (Extended Mix)
34197,110215,3828209831,ELTE,Make It
34197,128998,3846077561,Cristoph,Gimme The Love
34197,202220,3875623841,Gramophonedzie,Why Don't You (Jude & Frank Remix)
34197,203607,3846302251,Thomas Newson,Come To Me
34197,203608,3839161551,Guz,Love Is The Answer
34197,282821,3867379621,ESSEL,Shined On Me
34197,287768,3836369761,Re-Tide,Piano Line 94'
34197,298343,3790443632,Costa UK,Don't You Know
34197,299357,3821886971,Johan S,Need Some Love (Extended Mix)
34197,299422,729591512,"Anton Powers, K-Klass",Let Me Show You (ACAY Edit)
34197,299424,3871189391,Fuzzy Hair,Feeling Good (Radio Edit)
34200,44871,3787797132,Bridvog,Activated
34200,47246,3790697022,The Beatboy's,2C
34200,101956,3819609621,Emery Bex,Boogie Blueprint (Original Mix)
34200,213208,3877234131,Sante Sansone,Rooftop
34200,236185,3804410432,Bruno Furlan,Hear It
34200,299438,3834851471,Daniele Aloisi,In Void
34200,299439,3826771521,Re.swing,Jazz n5
34200,299440,3777584502,DUZA,Tango Time
34200,299443,3828903271,Trallez,Jack'in
34266,6232,3839335861,Eden Burns,Challenge God with Your House
34266,61999,3387819331,"2fox, Laville",Elevation (Louie Vega Dub)
34266,85694,3156191501,"Steve Bug, Cle",Crew Thing
34266,102811,3358069891,Re:Axis,Back To The Now
34266,106659,2205264007,Radio Slave,Feel The Same (Floorplan Extended Remix 2)
34266,137293,2754650611,"Lauren Flax, Jason Burns, Peter Sheppard",Dada Entry
34266,150017,2170186867,Fila Brazillia,Toro De Fuego (Exclusive)
34266,208973,3647560132,Prins Thomas,Denpasar til Bangkok
34266,254723,3758560812,Hidden Spheres,You Don't Know
34266,261574,3243568601,Nuno Dos Santos,Hamming (Donato Dozzy Remix)
34266,285508,551786332,B From E,Lets Play
34266,299902,703244332,Max Abysmal,Sutekh's Mirage
34266,299903,932289802,"Plastikman, Richie Hawtin",Psyk
34266,299904,2146363317,Dapayk Solo,Uma (Louderbach Remix)
34266,299905,94944946,Jägerverb,Bar Refaeli
34266,299906,3156191511,"Steve Bug, Cle",House Music Transcends
34266,299908,2584165022,Visionnaire,Parigi Vienna
34266,299909,3021862761,DJ Rush,Over The Edge (Original Mix)
34266,299910,3532492831,Paperwater,GIRL I WANT YOU
34266,299911,3727672802,Danny B,Blaze
34341,198140,1859045197,Garsi,For a Vibe
34341,201313,2143977987,"Marc DePulse, Rafael Cerato",Make a Show (Dor Danino Remix)
34341,300395,1875587337,"Freddy Be, Dilby & Floorplay (LA)",Lovely Day
34341,300396,2363495685,Gadi Mitrani,Tempo Addict
34341,300397,1104129762,Indespa,Propaganda
34341,300398,1345522392,"MIAMAR, Maxim Zatonski",Call of the Jungle
34341,300399,2884483392,Betoko,Radyal
34341,300400,2627118042,Narasimha,Baako
34341,300401,1249378842,"GOOSE, Whitesquare",Losing You (Whitesquare Remix)
34376,86010,3651170852,Josh Baker,Subsonic
34376,129703,3808996932,KOLTER,"I'm Fine, Thanks!"
34376,134348,3556617111,Oldboy,Maximum (feat. Logan_olm)
34376,197356,3325014011,Danny Snowden,Where's The Location
34376,218996,3611386672,Retrouve,Womp
34376,239656,2103384837,Burnski,The Way
34376,262547,1642593642,Les Indiscretes,Without You
34376,300619,3363134621,Mad.Again,Dolce for Niente
34376,300621,3652284622,Macarite,Ghetto
34376,300622,3074416511,Kepler,Step Up
34382,68843,3349400481,Agoria,Scala (Original) (Original)
34382,134227,3640027152,Off Night,You Don't Know
34382,202713,3625202212,"Enoo Napa, Phila De Giant",Tom & Jerry
34382,202941,1349959722,Jimi Jules,Don't Take It Personal
34382,300648,2393606465,Nandu,Around (Instrumental)
34382,300649,3558269671,Frankey & Sandrino,Genie
34382,300650,3523233781,DJ 3000,Shotë
34382,300651,2801101722,Nico Morano,Karma Karma
34421,41651,2455336745,Sansibar,My Boom (Reptant's Lizard Tech)
34421,109960,3462423491,Alt Control,Billy's Here
34421,119418,2653030492,"Adam Ten, Mita Gami",Lego
34421,141841,3138196071,Arutani,Annihilator
34421,300840,3186966311,Lucrecia Dalt,Blob on the Lawn
34421,300841,3056075451,"FlexB, Hartley",Get Down Low (Hoost Remix Extended)
34421,300842,3056075441,"FlexB, Hartley",Get Down Low (Extended Mix)
34421,300843,2760789121,Tom Baker,Weather Patterns (Greenwolve Remix)
34421,300844,586843092,Gabriel Moraes,Pendulum
34696,5612,3964822151,Scarlett O'Malley,The Dominator
34696,57887,4060773961,Running Hot,Bumpin'
34696,62602,4032638961,Demi Riquísimo,Data Entry
34696,62606,4044493141,Luke Alessi,Dr Bongo
34696,95360,4050252501,Asa Tate,Traffic
34696,104486,4096342831,Fundido,Siren Tiger (Papa Nugs Remix)
34696,202876,3840935921,BELLA,Sweet And Nice
34696,203907,4151038432,Cuba,Atipic Affairs
34696,302327,4150897092,Dive Crew,Aerosol
34696,302329,4115913591,NewTone,Give Your Love
34747,26458,3303056371,Skrillex,while you were sleeping
34747,61558,3503960751,Leod,Untitled 11
34747,76351,3794257372,u.r.trax,Chelsea Girls 2.0
34747,113365,4064293831,Mona Yim,Nevermind
34747,256183,4164502942,Mona Yim,Rush
34747,258542,948467582,박혜진 Park Hye Jin,Like this
34747,302589,2622710852,Mona Yim,Feel So
34747,302590,1068272272,Jack Sparrow,Hydro (Original Mix)
34838,34358,878532472,Tim Maia,Acenda o farol
34838,63497,14842437,Pedrito Fernández,Absurda Confidencia
34838,86409,666928952,Trio Ternura,Filhos De Zambi
34838,113076,112909504,Afrosound,Tiro al Blanco (Instrumental)
34838,117331,64746588,Barrabas,Woman
34838,134177,355681381,Di Melo,A Vida Em Seus Métodos Diz Calma
34838,201714,2193481917,Processman & Cady,Sou Baiana (Original Extended Mix)
34838,300526,3388638171,Toman,Verano En NY
34838,303268,852022392,Cheo,Trasnocho Entre Semana
34838,303269,2576505842,PALO!,La Habana Buena
34838,303270,143371806,Joutro Mundo,Nao Force
34838,303271,686168822,Héctor Lavoe,Mi Gente (Louie Vega EOL Remix)
34838,303272,89373157,Da Lata,N.Y.J. (Da Lata House Mix)
34838,303273,4057346151,RRETT,Na Praia
34838,303274,4057346141,RRETT,Joga
34881,7859,687199,Ashford & Simpson,"It Seems To Hang On (12"" Disco Mix)"
34881,52796,420333272,Charles Earland,Coming to You Live
34881,81520,126844939,Herbie Hancock,"Making Love (7"" Version)"
34881,133351,14393375,Chocolate Milk,America
34881,136602,75614304,Mandré,Solar Flight (Opus I)
34881,161309,541884002,"Bobby Byrd, Vicki Anderson","You're Welcome, Stop On By"
34881,187181,3802977132,Rhythm Makers,Soul On Your Side
34881,187836,141788705,Jack Herrera,Jack Herrera 4 President
34881,230812,1827387387,Exuma,"Exuma, The Obeah Man"
34881,233516,117243996,Ricardo Marrero & The Group,Babalonia
34881,239476,1858719587,Fugi,"Mary, Don't Take Me on No Bad Trip"
34881,265783,713755432,Ed Motta,What would You Like?
34881,303509,87827601,Carlos y Los Inocentes,Quisiera Saber
34881,303510,549985982,Roy Ayers,Destination Motherland
34881,303511,1161217872,Manu Dibango,African Battle
34881,303512,3408741581,Just Plain English Band,Plain English Groove (Vocal Version)
34881,303513,1635432832,The Northern Aires of New York,Soon I Will Be Done (With The Troubles Of This World)
34881,303514,10713031,Geraldo Pino & The Heartbeats,Shake Hands
34881,303515,63745080,"O'Donel Levy, Aleta Green, Jimmy Maelen, George Young",Sophisticated Disco
34911,5825,3969972061,Black Rave Culture,Jump on Da Floor
34911,7083,4075062691,Moresounds,Signal
34911,106193,82703094,Ramadanman,Don't Change for Me
34911,121457,2195797557,The Martinez Brothers,Tree Town
34911,121774,4092162931,Tierra Whack,QUEENS CROWN
34911,197182,4130689831,Four Tet,T246 130ish Electribe Plaits
34911,248889,534917472,Ethel Beatty,I Know You Care
34911,303736,4184724902,MPU101,California Sunshine Acid with Jade Byrne
34911,303737,1580737842,Brand Nubian,Straight Off da Head
34911,303738,64962749,DJ Screw,Headin fo My Trunk (Screwed)
34911,303739,767493762,PSK-13,Headin' for My Trunk
34911,303740,4088079111,Ciarán,K-Bar
34911,303741,4082336031,Nate Smith,FRONT YARD
34911,303742,3613632912,The Soul Fantastics,You've Got That Loving Feeling
34911,303743,794927572,The Gospelaires,God Helps Those Who Help Themselves
34911,303744,4023304231,JOIA,ITMN (Edit)
34911,303745,2885215972,HiTech,NO GAMES
34956,190946,3811874942,Chicola,Drosera
34956,304122,126408367,Medway,Trauma (Donatello Remix)
34956,304139,138364289,Nicolas Rada,Unbalanced (Original Mix)
34956,304140,3825833921,Darin Epsilon,Thousand Winds (Original Mix)
34956,304141,140545725,Robert R. Hardy,Last Indos (Original Mix)
34956,304142,139337457,"Jerome Isma-Ae, Alastor",Fiction (Kris Davis Extended Remix)
34956,304143,3381327611,Miss Monique,Bombay
34956,304145,133815462,Nifra featuring Seri,Army of Lights - Solid Stone Remix
34956,304146,852433232,Matan Caspi,Ambrosia
34956,304148,1359136462,Mike Koglin,Dawn
34956,304149,350347181,Stan Kolev,Panevritmia
34956,304151,2206896357,Jeremy Olander,Atlanten
34983,170721,3440761241,Tuccillo,Under The Light
34983,179766,3579420481,"Amand, Capoon",Ouverture (Khen Remix)
34983,304415,3416188181,TÂCHES,Sometime in Spring
34983,304416,2356329205,Dave Shtorn,Galateya
34983,304417,3567652861,Rfaraz,Blue Horizon
34983,304418,2129777537,"Ucha, Cafe De Anatolia",Artefacts
34983,304419,3293858931,"Hamza Rahimtula, Rajasthan Folkstars",Gypsy Trail (Extended Mix)
34983,304420,3570155731,Robbie Akbal,Abstract Language
34983,304421,3337361321,ID ID,Basement (Yoram Remix)
35032,56993,3569609131,Strath,Mutual Attraction
35032,93336,3422009011,"909 RACING TEAM, Domenik Deckert, Mike Momburg",Public Enemy
35032,194212,3552195371,Newtone,Samba
35032,260333,3552195361,"Newtone, Sam Alfred",Energy
35032,304692,2945180841,Trance Wax,Love Me Higher (Tjade Extended Remix)
35032,304695,2131179007,DJ Jean,Madhouse (DJ Jean Mix)
35032,304696,3541224071,CLOSE PROXIMITY,Be Free (Upper90 Remix)
35032,304698,3615862742,"909 RACING TEAM, Mike Momburg, Domenik Deckert",Can You Hear Me
35032,304699,3771950752,Fritz Schnackenpfefferhausen,Dance (U Got Da Chance)
35037,81946,2202135087,Archie Hamilton,Waisted (Album Mix)
35037,93157,3336040601,Toman,Seguimos
35037,99770,2440819385,"Paul C, Paolo Martini",We Repeat
35037,101938,3477898801,Smokin' Beats,Dreams (Lucas Alexander Extended Remix)
35037,118093,3157818791,Harry Romero,Paradise II
35037,274750,3207872081,Toman,Emotion
35037,304729,2926210881,Antss,Elemental
35037,304730,2904352211,"Zamoras, Flac0",Until Sunrise
35188,50203,3242922681,Kettenkarussell,Maybe
35188,56029,894163562,Kareem Lotfy,Fr3sh
35188,122176,17187166,Jan Jelinek,Tendency
35188,148401,887470122,GOLFOS,NOW JAZZ (MIDNIGHT MIX)
35188,200654,139498463,Adrian Hour,Love Something
35188,305584,3329164411,blaktone,Aim
35188,305585,2206283377,DJ Boring,6 AM Mimosa
35188,305586,2185953477,Steve Bug,A Night Like This (Richie Hawtin's A Dub Like That Remix)
35253,97663,1009235102,Re.You feat. Stereo Mc's,Relocate (Rodriguez Jr. Remix)
35253,194932,2120802447,Henri Bergmann,Station32
35253,216381,3311137981,Miss Monique,Loona
35253,306048,1154972212,Rick Pier O'Neil,Dark Substitution (RPO Part 1)
35253,306049,2056656227,Umloud,Deposition
35253,306050,2339212595,Santiablo,DAO (Original Mix)
35253,306051,1898419157,Martinbeatz,fullness is near
35253,306052,2791927162,Umloud,Dampfer
35253,306053,2045804097,Pointcloud,Sparks (Extended Mix)
35253,306054,1910373377,Tristan Dior,The Devil You Know
35253,306056,1977808527,Messier,Arcadia (RPO Remix)
35253,306057,1895880377,Cream (PL),Entropia (Jerome Isma-Ae Remix)
35253,306059,2073937037,Rick Pier O'Neil,Heka (Extended Mix)
35253,306061,2111205117,Q.U.A.K.E,Inside the Mind
35253,306062,3311142041,"Manu Cerasa, Q.U.A.K.E",Critical
35253,306063,3708164272,Umloud,Skyline
35253,306065,2020104637,Rick Pier O'Neil,Anki
35253,306066,856594202,Gui Boratto,Beautiful Life (Gui Boratto Remix)
35315,124458,3773862402,Tinlicker,Reborn
35315,252509,3711181222,Tinlicker,Release
35315,304551,3616010402,Tinlicker,God In You
35315,306513,3773862382,Tinlicker,Glow
35315,306516,3639807582,"Helsloot, Get Physical Radio",Take Care (Revisited - Mixed)
35315,306517,3794624182,Tinlicker,Melancholia
35315,306518,2621278852,Tinlicker,Blowfish
35315,306519,3773862342,Tinlicker,Mothership
35315,306520,3773862372,Tinlicker,Spirit Of Time
35318,103998,3647630052,Paranoid London,Decimated Driver (Dub)
35318,219030,3668016862,Signal 72,Future Wrecked
35318,297040,3719164312,Maelstrom,WISELY MOVING AWAY
35318,306529,3537100391,"Sniper Mode, Gregor Tresher",Full Circle
35318,306531,462402862,Boys Noize,Digitvl
35318,306532,3728287152,pdqb,Frontera Extraterrestre (Hardfloor Remix)
35318,306534,1729200647,Dirk Wiertz,Rokin.DC20
35318,306535,3663134362,Umwelt,Zero Point Machine
35323,5351,72149970,Oxia,Domino
35323,40587,3775630022,Makebo,Birth Of A New Sun
35323,89369,2840896022,Enamour,Zizzy
35323,102935,3050568201,"Marsh, Volen Sentir",Ascension (Extended Mix)
35323,102941,2642636642,Skonka,Way Down
35323,107353,3775629992,Makebo,The Universe
35323,136019,2822015572,Jakatta,American Dream (PROFF Interpretation (Mixed))
35323,169440,3852466511,Krasa Rosa,Cassiopeia
35323,169807,3489947261,"Mr. Mojo (DE), MiekeJames",Senses (Kyotto Extended Remix)
35323,177220,3355848591,"Sébastien Léger, Lost Miracle",Mistily
35323,189444,903448502,Enya,Boadicea (2009 Remaster)
35323,208175,2975789701,"Volen Sentir, PROFF",Luna Amazonia (PM Mix - Edit)
35323,263631,409017842,Volen Sentir,Vdol Po Rechenke
35323,297779,3747975202,Vasily Dvortsov,Youth Summer Echoes
35323,297780,3674930472,M.O.S.,Scarlet Sails
35323,297781,3385206761,Remcord,The Loop
35323,297782,129921816,Ishome,7700m (Paronator Remix)
35323,297783,3264795671,PROFF,Love On A Real Train (Tangerine Dream Extended Cover)
35323,297785,2206847947,Luzon,The Baguio Track (Bedrock Remix)
35323,297788,2283166437,Guy J,My Thought Of You
35323,297789,3570820331,Daniel Stefanik,Lure of the Space Goddess
35323,297792,856591882,Volen Sentir,Elemental
35323,297793,2487211031,South Bloom,Let Me In (Volen Sentir Secret Technique)
35323,297794,2975789691,"PROFF, Volen Sentir",The Rumble (Edit)
35323,297795,3846435641,PROFF,Memory #3 (Extended Club Mix)
35323,306548,3874986641,PROFF,Memory #3 (Edit)
35371,36388,2199871747,"KOROstyle, Onhell",Contact
35371,39545,3089439031,Smiff,Dink Dink
35371,46884,3702706482,KŌMA,AXIRA (L-Vis 1990 Remix)
35371,78499,3649688322,elBarto,Cut That
35371,85057,1269275422,"DJ Red Alert, Mike Slammer",Don't Need Your Love
35371,85947,1926204287,Future Primitive,Swift Half (DJ Vibes & Wishdokta Remix Remastered)
35371,100263,3766422302,Photom,Stabs
35371,106645,3804881772,Alix Perez,Skunkworks
35371,195038,1269275432,"DJ Red Alert, Mike Slammer",In Effect
35371,235174,1926204297,Future Primitive,We're Flying (DJ Vibes & Wishdokta Remix Remastered)
35371,272881,2535729371,Dusty Dan,Watch Me Clang
35371,306843,1926169027,DJ Force & The Evolution,High On Life
35371,306844,3357954421,Alk-M-E,U Can't Change Me
35371,306845,1926177177,DJ Force & The Evolution,Perfect Dreams (DJ Vibes & Wishdokta Remix)
35371,306846,1926162707,"Jimmy J, Cru-l-t",Cant You See (Remastered)
35371,306847,3918745,Keith Sweat,In The Rain
35371,306848,3766422322,Pharma,Shubz
35371,306849,3653885742,Carré,X Effect
35371,306850,1391913092,Oddkut,Fok It
35371,306851,2442127725,Ivo,Militant
35371,306852,1007740492,DE-TÜ,Wicked Skank (Original Mix)
35382,38759,3765453512,Adapter,Monnalisa (Extended)
35382,43968,3572535141,AAT,Get Funky
35382,44574,738943382,Martin Ikin,PWR (Original Mix)
35382,56441,3156197421,A'Studio,SOS (Skylark Remix - Nic Fanciulli Extended Edit)
35382,91708,3861837441,Tita Lau,Freaky (Extended Mix)
35382,287308,3480594661,Silva Bumpa,Doin' it
35382,306916,2751450331,ANOTR,Waddup (Extended Mix)
35382,306918,3644508762,Lucci Minati,I Am (Extended Mix)
35382,306919,2865645872,Adapter,Pattak
35382,306920,2079969417,"Vintage Culture, James Hype",You Give Me A Feeling
35570,39622,3775715732,Ape Drums,222
35570,81214,3483737961,"Bontan, Bantu, Dr. Chaii",Too Much
35570,81216,3157820341,"Green Velvet, Bontan",Percolator (Bontan Remix)
35570,106106,3764643252,Breyth,Africana
35570,109397,3579930041,Major Lazer,GANGSTA (Bontan Remix)
35570,111017,3465498291,"Ape Drums, JAMIIE",111
35570,114192,70170480,"Enur, Natasja",Calabria 2007 (Acapella)
35570,164539,3869330101,David Mackay,Carnaval Breve (Ape Drums Remix)
35570,258004,3736872152,MARENNA,Bounce It Back
35570,287060,3515482401,"DJ Lag, Ape Drums",GQTECH
35570,308179,3819815461,JAMIIE,4ME (Extended)
35570,308180,1053217192,Robbie Rivera,Move Move (Club Mix)
35570,308181,4053719321,LXKS,Rabeta
35599,108,4047671161,Boards of Canada,You Retreat In Time And Space
35599,83713,599991,Death In Vegas,Dirge
35599,319357,359180941,Vanessa Amara,"Both Of Us, Pt. I"
35599,319359,1427139332,Vald,Bonjour
35599,319360,7614660,Necro,I Need Drugs
35599,319361,140740473,The Moldy Peaches,Steak for Chicken
35599,319362,3866480161,Late Bush,Fluxstrata
35599,319363,1895560337,Placebo,Burger Queen
35599,319364,1872009547,Jockstrap,Angst
35599,319365,3879251091,Lutèce Lockness,and the love is born in me for a stone
35599,319366,2046286007,MF DOOM,Dead Bent
35656,42008,3028295341,Missing Project,Poisson D'avril (Galaxy Dub)
35656,91020,674037532,Wilson Tanner,Long Water
35656,102284,2582704502,To Rococo Rot,Die Dinge des Lebens
35656,102550,774198002,Shed,"Nacht, Fluss, Grille, Auto, Frosch, Eule, Mücke"
35656,144044,73816267,Bill Sykes,Sykes
35656,149403,525298882,BAL 5000,Dream Dub For Sarah
35656,318483,1564979302,Workdub,Caravan Revisited
35656,318990,1899276457,"Sofie Birch, Antonina Nowacka",Sudany
35656,318991,1258784812,Tarotplane,Panther Walk
35656,318992,1565038582,Gigi Masin,Swallow's Tempest
35656,318993,17187192,"Triosk, Jan Jelinek",Vibes_Pulse
35762,64470,3833249281,Hoavi,Shadows of the Limits
35762,78416,2989578611,"Fergus Jones, Perko",Heima
35762,103318,3972585361,Gi Gi,Downswept
35762,104408,4020439361,Nirosta Steel,NEW BOY
35762,105181,4010526801,Topdown Dialectic,False LP A - 01
35762,116810,3608511462,DJ ojo,No hoist
35762,116813,16684540,Lowtec,Meandyou.dub
35762,147506,3972585371,Gi Gi,Harmless
35762,171630,3466878301,Trailcam,Albion Road
35762,211779,3972585311,Gi Gi,Optio
35762,211946,3938504131,Philippe Poirier,Vertigo
35762,247936,2998482771,"Fergus Jones, Perko",Stack
35762,258862,2881556202,HiTech,POPPIN @ THE SUITE
35762,308903,4151975892,Nueen,I Guess
35762,308904,3310721251,Jetty,Airbag
35762,308905,4151975832,Nueen,Turbocap Is Sure To Disintegrate
35762,308906,3110828911,масло черного тмина,lublu
35762,308907,9873665,Slicker,Cnimmus
35762,308908,4060354651,CxBxT,Nū (DJ ojo Remix)
35762,308909,126533009,Voodoo Tapes,Still Night
35762,308910,125958265,Perfume Advert,Gown
35762,308911,3047169841,pondlicker,noomi
35762,308912,16691878,Onur Özer,Innervoice (Isolée Remix)
35762,308913,2708859372,Dolo Percussion,DOLO 26
35770,38435,3550721271,DopeNation,Kakalika
35770,46019,3566166811,DJ Swisha,MAIN CHARACTER
35770,46741,3484395541,Natoxie,Gyal Acroupi
35770,49995,453070462,Peggy Gou,It Makes You Forget (Itgehane) (Edit)
35770,56903,2931011461,Asake,Ligali
35770,60129,650858432,KC,20 CM
35770,160269,539311612,Playa Poncho,"Whatz Up, Whatz Up (A-Town T.V. Track)"
35770,160414,3434442901,"Lamsi, DJ Shaun-D",Snelle Dame (feat. Wayne Stuart)
35770,164387,1476644212,"Baby Keem, Kendrick Lamar",family ties
35770,178754,3434443041,T.NO,Juncture
35770,197158,3913696811,Uncle Waffles,TASTE
35770,229729,3304344491,Shazdown MMW,Bouyon Beam
35770,276101,748478842,Lancey Foux,INDIA
35770,286516,3430454441,Finessekid,Like Gwen Stefani
35770,308950,3894811391,PJ,Caribbean Rhythm
35770,308951,2887344532,"Ziahfyah, Djliltaj",YU YU HASKUSHO #zessbounce
35770,308953,1904410917,Joyce Wrice,Bittersweet Goodbyes
35770,308954,4080062861,RADIO Z,niche
35770,308955,4121990941,SAIONTHEBEAT,HANDS UP
35770,308956,130413894,DJ ESCO,Too Much Sauce
35770,308957,2732244871,Bryson Tiller,Ciao!
35792,309133,2641989772,WRONG!,Cette Couleur m’a Va
35792,309134,1349919872,Moo Moonster,Europa (Amarcord Remix)
35792,309135,1345380422,État Limite,Le chat de Schrödinger
35792,309136,1133568142,I-Robots,Frau (Andrei Orlov Remix)
35792,309137,999157312,Malik Djoudi,Sous garantie (En duo avec Etienne Daho) [The Populists Italo Remix]
35792,309138,1081435512,Nightcrawler,Enfer (feat. Celine) (Old Coroner Remix)
35792,309139,1098162302,Kat Koan,Lustfire (Mufti Remix)
35792,309141,3948479521,Cyril Brière,Playboy Party
35792,309142,944460142,Vyvyan,That Time I Dated
35792,309143,3090229351,Fred Terror,Dead Body Music
35792,309144,1877066317,Risk Risk,Heartbeat
35792,309145,3371643551,ITALLIKA,Je Veux Danser Sans Contrôle
35912,49041,3423194241,Mixolydian,Hold Up
35912,53283,485594692,Noire,Agua Sin Gas
35912,72156,3400302361,Call Super,Mothertime
35912,85997,2825392712,Doctor Jeep,Pika 2
35912,94175,3886013271,1OO1O,IIII (Abismo)
35912,102829,3882817211,TSVI,Turbo Motion
35912,103180,3301959131,Kaval,"Wussup (Club Nowadays, Vol. 5) (Club Nowadays, Vol. 5)"
35912,104157,4122398551,Stones Taro,Stucking
35912,309898,3295843681,Mattik,Megatone Saxon (Manchester Massive)
35912,309899,3001296521,Cameo Blush,4 Me
35954,63689,2407449695,Adriano Celentano,LETTO DI FOGLIE
35954,76460,74617687,Djavan,Samurai
35954,94849,601854732,Trio Mocotó,Não Adianta
35954,114695,634555,Franco Califano,Balla Ba
35954,190523,7375040,Roy Ayers Ubiquity,Life Is Just A Moment (Part 2)
35954,310088,1758893277,Anthony Rother,Day
35954,310089,1868355687,Oliver Grimball,"Earth, Air, Water, Fire, Singing"
35954,310090,3171800401,Kari Faux,Fantasy
35954,310091,1160554902,Ike White,Love And Affection
35954,310094,1415218962,Perotá Chingó,Meia Vuelta
35995,49752,3668992872,DJ Sprinter,Cube 11
35995,70843,2256859837,Toumba,Rashash
35995,85361,2256859807,Toumba,Janoob
35995,113155,4144777862,Zero,Stop Scheming
35995,114161,4111532211,GЯEG,bby
35995,310381,77044445,Numbernin6,Singularity (Original Mix)
35995,310382,3187282631,Nomine,Reticent Shadow
35995,310383,3725823152,Guau,KOT
35995,310384,135731152,Star Eyes,Brooklyn Pumps
35995,310385,1222576972,Kromagon,Heacy Lohic (brandroid Remix)
35995,310386,3482688181,tripes,grinder
35995,310387,3150748801,Babani Soundsystem & Menwar,LÉLOU (Vitu Valera Remix)
36026,52895,128888838,Judie Tzuke,Shoot From The Heart (Live)
36026,57017,436141372,The Durutti Column,Twenty Trees
36026,166821,2663835912,Kim Gordon,BYE BYE
36026,226276,2211743237,Arthur Russell,Not Checking Up
36026,310570,622161132,Prefab Sprout,Fall from Grace
36026,310571,1761311987,Suzanne Vega,Night Vision
36026,310572,3820657511,Cello Octet Amsterdam,Missa Brevis - Sanctus
36026,310573,3610212082,Veins Of Death,Meditation: Kalpas Of Post Humanitous Tranquility
36026,310574,821719,Vangelis,P.S.
36026,310575,29374691,Broadcast,Tower Of Our Tuning
36026,310576,3653489262,Keith Bear,Mandan Heartbreak Song 1
36026,310577,2854489982,Sveriges Radios Symfoniorkester,Utskärgård
36026,310578,3876017,Nicolai Dunger,Eufrosyna Part II
36026,310579,417567012,Keith Secola,Akina
36026,310580,2498932881,Clarissa Connelly,Bargain
36026,310582,2830211042,Toxe,Pillow Fight
36026,310583,6612953,Ry Cooder,I Like Your Eyes
36026,310584,3503803411,Anastasia Coope,Oregon
36026,310585,3258198031,Asociación Juvenil Puno Sicuris 27 de Junio,Conima
36026,310586,2733909861,Eiko Ishibashi,Deer Blood
36026,310587,62380533,Stina Nordenstam,He's Like a Swallow
36074,134761,3324344101,Wehbba,EXIT TIME
36074,310956,2481326191,Anna Reusch,Shout
36074,310957,3616189082,Diego Straube,Spellcaster (Aio Remix)
36074,310958,1095459212,Belocca & A*S*Y*S,Under Pressure (Original Mix)
36074,310959,3569277431,BACMAN,Your Pulse (My Drug)
36074,310960,2208352387,Enamour,Emergency Loop
36074,310961,1214039242,Delan Ectrix,Bland Mind (Original Mix)
36074,310962,2919006171,METODI,Traffic
36074,310964,2918535731,Luca Gio,Wasted
36074,310965,2918910391,Gallya,Induction
36074,310966,2918536061,Optimuss,Arousal
36074,310967,2918797161,Zafer Atabey,Consilium
36074,310968,2255555117,Veerus,Yard
36074,310969,1879911067,Shay De Castro,Don't Stop Now
36074,310970,3651886072,Shay De Castro,Go Insane
36142,6043,410613892,Four Tet,Two Thousand and Seventeen
36142,95699,4047670961,Boards of Canada,Naraka
36142,115580,13209509,Ravi Shankar,Tana Mana
36142,122659,4193491922,Bonobo,Fire on the Water
36142,311587,3399257011,Minaxi,Ambient Dilli
36142,311588,3129512,Susheela Raman,Sharavanna
36142,311589,99281970,"Nusrat Fateh Ali Khan, Michael Brook",Intoxicated
36142,311590,4123877571,Lapgan,Durga Doesn't Approve (Maral Remix)
36142,311591,3807074942,Dolorblind,NRG (feat. Rounak Maiti)
36142,311592,487058852,Tāl,What You Are
36142,311593,3263419751,Gunda,Prathna
36142,311594,2671964652,SURINDER KAUR,AKHIAN CH TOO VASDA
36204,38536,3778677962,Kristin Velvet,Push
36204,69856,3773563182,Saeri,Hold the Flame
36204,75506,3828891331,Hot Since 82,In The Air
36204,113049,3381975281,M-High,Ridin' Hi (Edit)
36204,128998,3846077561,Cristoph,Gimme The Love
36204,312531,3684364032,Unknown Disco,House For All
36204,312532,3559551661,Cheesecake Boys,Piano Life (Original Mix)
36204,312533,122293022,Rhythm Masters vs. Bobby Blanco,Be Good (Original Mix)
36281,35526,1900010837,Todd Terje,Delorean Dynamite
36281,110256,2881808832,"Boy Harsher, BOAN",Machina (Ft. Mariana Saldaña)
36281,159784,3707573722,Daniel Avery,Haze (Midnight Version)
36281,160981,63815904,Oppenheimer Analysis,Subterranean Desire
36281,201896,96016776,Canblaster,Presents (feat. Para One)
36281,313030,3820922131,Puscifer,ImpetuoUs
36281,313031,370456341,Butti 49,Kalas
36281,313032,3677159512,Nathan Fake,Slow Yamaha
36281,313033,3571022131,Zélie,JE NE SERAI JAMAIS.
36281,313034,2168671897,"skyfog, Loudar",time shift
36281,313035,2015987937,TEK.LUN,DRUGS!!!
36281,313037,3387323841,"MEXICAN DIABLO, Canseco",DESINTERES
36281,313038,529470231,ZHU,My Life (Blond:ish Remix)
36281,313039,983182742,Fritjof,Midnight Purple III
36281,313040,4012698431,LucasJoshua,Norður ljós
36281,313041,2416833215,Eli Brown,Diamonds On My Mind
36281,313042,3453440721,Tom Jarmey,rift drift
36281,313044,3411416691,Gold Panda,Untitled1000
36322,38644,3034191061,"Malive, The Organism",A Day To Remember
36322,142825,2827236262,Snirco,Moog Dance
36322,151439,504427112,"Rampa, &ME, Adam Port",Operator (Honey Dijon Remix)
36322,187015,2923920931,"Oliver Koletzki, Frida Darko",Letting People Be Wrong About You
36322,313264,2602200532,"Alain Fanegas, Tomy Wahl",Alambra
36322,313265,2759128461,Max Wexem,Fly Again (Extended Mix)
36322,313266,2877984982,We Came,The Message
36322,313267,3019806981,Dee Montero,Retina
36322,313268,3387170181,Simon Doty,Footloose (Extended Mix)
36322,313269,4033372311,Para Noir,Made in BLR (Extended Mix)
36329,42423,1650257072,bjarki,I Wanna Go Bang
36329,99826,2451254615,Confidential Recipe,Viruz
36329,126593,2882846892,Hurdslenk,Mayhem (Bailey Ibbs Remix)
36329,134448,3254453241,FJAAK,Keep the Funk
36329,138686,1609846722,Bidoben,Gstaad
36329,160246,3478884621,Harvey McKay,Superman
36329,164955,3820602221,M.I.T.A.,Raw Deal
36329,177172,1609846752,Bidoben,Soft Milieu
36329,313295,2230970707,Marck D,Sensation
36329,313297,1470806382,Flug,"Cheeky, Baby Cheeky"
36329,313298,2821981292,M.I.T.A.,Test
36329,313299,3110942951,Marck D,Let's Go
36329,313300,3399282271,"DJ SWISHERMAN, M.I.T.A.",Swaggy
36329,313302,3358060111,Gene Richards Jr,Say No Go
36329,313303,3421993841,Confidential Recipe,Fogo
36329,313304,2198192557,Andres Campo,Pump
36329,313305,2763260391,Efan Feekar,Chainsmokers
36329,313306,2200607487,Eats Everything,Moan
36329,313307,1721262847,Agent Orange DJ,Blow Fire
36329,313309,1506001902,Fhase 87,H Music
36329,313310,1105075632,"DJ Rush, Eric Sneo",Body Control (Truncate Remix)
36329,313311,2207918837,Ackermann,Jack dat (feat. Raphael Dincsoy)
36329,313312,2205366317,Flug,AR01 (Jacking Mix)
36329,313313,3252793221,FJAAK,Flash
36329,313314,3051129271,"Torsten Kanzler, Dominik Vaillant",Marshmellow (Martin Books Remix)
36329,313315,504402832,DHS,House of God (Azzido Da Bass Remix)
36619,1048,1285713762,Maw,Backfired (Dave Lee Club Mix)
36619,46105,764313342,Sunlightsquare,Oyelo (Atjazz Love Soul Remix Instrumental)
36619,125065,3538890611,Mathias Kaden,Voices
36619,136146,813787742,Matador,Kingswing
36619,223924,3680795462,María Karunna,Mentira
36619,279912,2925709301,Kino Todo,Zigzag (Luke Alessi Remix)
36619,314951,3908343851,Terry Lex,Spiller from Rio (Extended Mix)
36619,314952,2966552571,The Rivera Project,Miami Vibes (Extended Mix)
36708,34479,7880223,The Latin Project,Lei Lo Lai
36708,315537,2834018562,Luuk van Dijk,Do It Timmy
36708,315538,3168482261,Fickry,Holy Clap
36708,315539,3210248741,All Fred,Ritmo Cubano (Extended Mix)
36708,315540,2657428282,Mene,Usuu (Original Mix)
36708,315541,2643699582,"RudeLies, Sonam",Reaction
36708,315542,3484729751,Fraxy,Drip N Drop (Extended Mix)
36708,315543,2653557142,"SIIK, KDH",Closer
36708,315544,2610671802,ALRT,1985 (Ekonovah Remix)
36722,5143,3708335052,Lewis Taylor,Driving Me Crazy
36722,5190,3782959652,Boss Priester,Future Is Electric
36722,41757,3825637451,Kosmicway,Tonight (Ozzie Guven Remix)
36722,60395,3769841262,Hector Couto,I Want Magic
36722,169522,3818545611,Dennis Quin,Round and Round
36722,171004,3773249662,Reboot,My Haus
36722,314970,3782959642,Boss Priester,BP On The Master
36722,315608,3847964531,FM From B,Strangeness
36745,27,3804889812,Caleb Laurenson,Beautiful Thing
36745,49,3861804211,Jansons,Propeller
36745,641,3784724892,ANOTR,Talk To You (ft. 54 Ultra)
36745,36937,3707807962,Chloé Caillet,Come Back 2 Me (Extended)
36745,39630,3860343491,Chinonegro,Groove Theory (Extended Mix)
36745,58279,3848219371,Tre Reynolds,Don’t Go (Don’t Leave)
36745,104928,3878339531,Piem,Activated (Extended Mix)
36745,169880,3839420421,Gissa,Too Much For Me (Extended Mix)
36745,185519,3828903441,Vlad,Interlude
36745,213236,3848978021,Chapa & Castelo,Tasty (Original Mix)
36745,300757,3761845852,Azzecca,Love On Me
36745,315753,3868861501,Jacob Matthews,Sixth Sense
36907,102015,809665792,Sono,Keep Control (ARTBAT Remix)
36907,128293,1885218767,Alphadog,It's Insanity (Goom Gum Remix)
36907,193757,1822591937,Yubik,Human Aura (Massano Remix)
36907,255033,2616936772,"Goom Gum, Stylo",Tempter
36907,316208,2543779601,Anyma,Reminding
36907,320943,3311138051,Andrewboy,Forever (Q.U.A.K.E. Remix)
36907,320944,3994319421,Eugenio Taicuz,Taky Taky (Remix)
36907,320945,1739175147,"Stephan Zovsky, FiveP",In Between
36907,320947,1644471202,Coeus,Superia
36907,320949,1683948297,David Lindmer,Mission Control (Extended Mix)
36907,320950,2689943082,FiveP feat. Scarlett,Limitless
36907,320951,1678488437,Kernel Existence & Green Lake Project feat. Pauly,Spuermaschine (Green Lake Project Remix)
36907,320952,1133566512,KAS:ST,A Magic World
36907,320953,1785203687,Fat Cosmoe,Natch
36907,320954,1714423567,Hannes Wiehager,Astral (D-Formation & YAIDE Remix)
36907,320955,1435530382,RÜFÜS DU SOL,Alive (Solomun Remix)
36907,320956,2544477391,Woo York,Land Of Heroes
36907,320957,2387181615,"Anyma, Janus Rasmussen",Claire
36920,320886,2822751412,Lino Pugliese,Aniwama
36920,320887,105866134,"Freespirit, Pins & Dakar Carvalho",The Drums The Fills (Eddie M REMIX)
36920,320889,102882526,Andy Bach,At First Glance (Angelo Ferreri Remix)
36920,320890,488259972,Ashwin Khosa,Laze (Original Mix)
36920,320891,100491222,Lucas Fisher,Gig Time (Sebastian Hotel's Grand Funk Mix)
36920,320892,364761641,Third Son,Get to the Chopper (Original Mix)
36920,320894,125984761,ONNO,Some Mo (Martin Landsky Remix)
36920,320895,108503860,Funkwerkstatt & Stephan Zovsky,The Story of House
36920,320896,1255112292,Landis LaPace,Zesty Nachos (Original Mix)
36965,246609,1184309,Kanye West,Gold Digger
36965,303222,406699612,DJ Fresh,All That Jazz (Vocal Mix)
36965,316857,3365995641,"Jinx In Dub, Bladerunner",You Got The Dub (Bladerunner Vocal Remix)
36965,316858,80856168,Phoneheads feat. MC K. Ross,Linkup
36965,316859,406700272,John B,Salsa! (Remix v2)
36965,316860,1468370562,Giana Brotherz,On Your Mind
36965,316861,381871411,"Kursiva, Mooncat",No Diggity (Original Mix)
36965,316862,1468370572,Giana Brotherz,Sci-Fi Jazz
36965,316863,15087569,Roberto Carlos,O Calhambeque (Road Hog) [XRS Remix / Radio Edit]
36965,316865,407678332,Camo & Krooked,Time Is Ticking Away
36965,316866,15966780,Dirty Dubsters,Oh No (Jinx In Dub)
36970,35501,3380761531,RÜFÜS DU SOL,Break My Love (Samm Remix)
36970,38337,3216532281,Vanco,Ma Tnsani (Yalla Habibi)
36970,49462,3527681831,"Kollektiv Ost, Andreas Henneberg",D.D.O.D.
36970,59013,2969580421,Jamie xx feat. Oona Doherty,Falling Together
36970,178008,3589218161,"Adriatique, Astrø",Dangerous Feelings
36970,202864,3356505661,Âme,Don't Waste My Time
36970,234411,3198206911,"Kölsch, Neon Capital",Kids
36970,239433,3699690572,Oppaacha,Promise Yourself (Extended Mix)
36970,298427,3450923971,Kollektiv Turmstrasse,DIK
36970,316900,3410149421,Jimi Jules,Trippy Yeah
36970,316901,3463987951,Sam Shure,Pressure (Denis Horvat Remix)
36970,316902,3085794151,andhim,The Only One
36970,316905,3379504871,"Monolink, Sam Shure",Your River (Extended Version)
36970,316906,3403302651,Mila Journée,Snare Tall
36970,316907,3128188671,Toto Chiavetta,Pink Flow
36970,316908,3367072751,"Rampa, Adam Port, &ME, Boys Noize, Vinson, Keinemusik",Crazy For It
36970,316909,3368809041,Aera,Hey!
36970,316910,3334133101,RÜFÜS DU SOL,The Life (Emanuel Satie Remix)
37013,206119,851628902,Astrix,Sahara
37013,295664,677201872,"Dimitri Vegas & Like Mike, Vini Vici, Liquid Soul",Untz Untz
37013,311230,1132765162,Vini Vici & Emok & Off Limits,In & Out (Liquid Soul Remix)
37013,311234,644753362,Astrix feat. Ace Ventura,Valley of Stevie
37013,317294,24171001,Neelix,Face Lift (Continuous Live Mix)
37013,317295,1193902182,Sonic Species,Strictly Virtual (Symbolic Remix)
37013,317296,1791207027,"Bliss, Ritmo",One with the Universe (Side A)
37013,317297,1717508457,Ace Ventura & Vertical Mode,Deep Breath (Ticon remix)
37013,317298,610973792,Zyce & Waio,Cosmic Order
37013,317300,2510088081,QUANTUM,Contradiction
37013,317303,1824968567,Timelock,Zion
37013,317304,4145781912,Mindbenderz,Luna
37013,317305,1430300572,Hinap,Yoldasin
37013,317306,1626916572,Neutro,Fractal Dimension
37013,317307,2141545537,Invisible Reality & Deep Vibration,Invisible Vibrations
37013,317308,1196786682,Zentura,Sonic Masala (Lifeforms Remix)
37013,317309,1426666882,Alpha Portal,Omnia
37013,317310,416593572,Stryker & Starlab,Ilbechin
37013,317314,3109805481,Numayma & Hyriderz,Pure
37013,317315,3033904291,FREq & Emok,Return to Consciousness
37013,317316,852350822,Vini Vici & Major7,It's Here
37013,317317,433380632,Sonic Species,Techno Systems
37013,317318,2326634645,"Avalon, Flegma",Astral
37013,317319,3180487801,Ace Ventura,Nova
37013,317320,118484100,Remote Access,Anahata
37013,317321,2787018452,Alien Art,The Greys
37013,317322,1196322742,DJ Bim & Drukverdeler,Mamma Afrika
37013,317323,1196398532,DJ Bim & Drukverdeler,Into the Vortex
37013,317324,2451443455,Antinomy,Flames
37013,317325,2242303117,Majide,Play of Lero Lero (Spectra Sonics Remix)
37013,317326,2886934992,"Earthspace, Klipsun",R.A.V.E.
37013,317327,115221116,Liquid Soul & Zyce,Science Fiction
37013,317328,2281089667,Ritmo,Owl Dance
37013,317329,851659542,Ticon,Chicken Shaker (Gaudium Remix)
37013,317330,2395683165,"Phaxe, Querox",Phoenix
37013,317331,852404962,Liquid Soul,Sweet Things (Morten Granau & Metronome remix)
37013,317332,2256424877,"Phaxe, Morten Granau",Long Story Short (Hauul Remix)
37015,1236,601013,Groove Armada,Superstylin'
37015,43276,2523554221,Lemon8,Triple Funk
37015,51643,461746842,Loco Dice,Definition (Nic Fanciulli Remix)
37015,112471,905592192,Traumer,Gonna Get (Dub)
37015,112965,1095265822,Austin Ato,Tony
37015,129739,3600212472,iO (Mulen),Reponce Profonde (Original Mix)
37015,186054,2255202397,Gene On Earth,Like A Glove
37015,244396,3277730491,Peyote Dreams,State Of Mind (Slack Mix) (Alex Kassian's Dream State)
37015,249904,2474076111,Spray,Ceathair
37015,251140,2206608017,Pirate Copy,You Need It (Extended)
37015,317336,1625279132,Raymond Castoldi,Cycles Of Life
37015,317338,963818802,Dinky,Take Me (Original Mix)
37015,317339,951016072,Tuff City Kids,Breacher
37015,317340,489716272,Sessomatto,Change (Akabu Dub)
37015,317341,1698311677,"GruuvElement's, Lucas Moss",Back Baby
37015,317343,364013791,ANOTR,Help
37015,317344,2393664895,Baldo,Not Just Physical
37015,317345,1814437797,Kolter,Missing Channel
37015,317346,2206602987,"James Solace, Jansons",Portal
37015,317347,1816784497,Josh Butler,Future Fortune
37114,5611,4018492221,Ben Evers,Chica
37114,39558,3613247892,Gino Da Koda,Tudm
37114,75066,3671297262,Harvy Valencia,CAPRII
37114,90002,2200539527,Archie Hamilton,Mind Blank
37114,93148,3997032051,Paolo Martini,Twisted Twinkle (Original Mix)
37114,101659,3173873781,"Moreno & Prieto, Dem Boyz",Too Dizzy
37114,112360,3641782712,Angel Heredia,Stuffy
37114,121457,2195797557,The Martinez Brothers,Tree Town
37114,135965,3826771691,Benja (NL),Bossa
37114,151333,3443974491,Ollie BC,Way Back
37114,301363,138041477,"Pele, Shawnecy",The Guru (Original Mix)
37114,318052,3948036111,Terry Iarusci,No Phone
37304,683,3948963061,Spiller,Groovejet (If This Ain’t Love) (not without friends Remix)
37304,1185,144521736,Bent,Magic Love (Ashley Beedle's Black Magic Remix Edit)
37304,42846,482763162,Switch & Andrea Martin,I Still Love You (Original)
37304,70424,1260933332,Madonna,Like a Prayer (Churchapella) (Churchapella)
37304,76917,69247066,Bohannon,Let's Start the Dance (Remix)
37304,85991,4662433,Kano,I Need Love
37304,88446,3242633281,Ilya Santana,Mad Mountain
37304,109054,3508674391,"Dave Lee, Raw Essence",Down Down Down (Maxi Club Mix)
37304,109061,3623510832,"Dave Lee, Maurissa Rose, Michael Gray",What About My Love (Michael Gray Extended Remix)
37304,161404,392010512,Mandrill,Mandrill (Album Version)
37304,182208,3551642921,"XTAL, Keita Sano","Let Us Have Nice Days, The Sun"
37304,221283,3893569851,GooDisco,Love Unlimited
37304,319674,3187391781,Anané,Let Me Be Your Fantasy (Dimitri From Paris Short Extended Mix)
37304,319675,3434456741,"The Supermen Lovers, Mani Hoffman",Starlight (20th Anniversary / Disco Edit)
37304,319679,3973481141,Hotmood,You Can't Be Me
37353,70655,2220851427,Scratcha DVA,IC3 (MENZI REMIX)
37353,73224,2989096181,HiTech,SPANK!
37353,90000,3288086741,DE SCHUURMAN,ENERGY BOOST
37353,90363,3880337321,Rosa Pistola,Teonanacatl
37353,106263,3198434411,DJ Shaun-D,Ultra Instinct
37353,146613,3278625201,Playboi Carti,EVIL J0RDAN
37353,147123,4060884481,NegoO,TA BRINCA
37353,148480,3195977211,CHAMOS,Kurdish Flute
37353,324951,4019174031,Asna,Co Energy
37353,324952,4141970561,Aleteo Boom,El Salchipapeo
37353,324953,3399766371,G6 Productions,Cow Horn Riddim
37353,324954,2618030182,"Blicassty, TRG",Wouf
37353,324955,3484782101,Koizek,2P2P
37353,324956,3680838602,MC LCKaiique,Lindo com Dinheiro
37371,206,3947665041,Surusinghe,FRIED
37371,52788,114395596,Erykah Badu,I'll Call U Back
37371,85159,3882817241,TSVI,Kataklisma
37371,106964,661914,Twista,Overnight Celebrity (feat. Miri Ben-Ari)
37371,141148,1721217307,Villager,Rave Bender
37371,173304,2961225141,"Leonce, Girl Unit",Thankful
37371,187882,3726050352,Lo5ive,Closed Circuit
37371,196511,2699118712,Peverelist,Pulse XII
37371,204731,2208594527,Thomas Garcia,El Carpintero (Extended Mix)
37371,228436,2843359752,Confidence Man,BREAK IT DOWN (ON THE BASSLINE)
37371,258356,1367380942,Leonce,Research & Development
37371,319792,4060777891,Diego Moreno,Jerked
37371,319793,3180604501,Monty DJ,Tennis (Tsepo Remix)
37427,50977,1287167072,Lewis Fautzi,Inwards
37427,99750,1471968102,K-Rem,Exit
37427,168555,1531778422,"VIL, CRAVO",1st
37427,205520,3420467101,Dawn Razor,Snake Eyes
37427,223191,3044765991,Fixeer,XX 20 B1
37427,283064,3566666971,Heliosphere,Hollow Matter
37427,319476,1105674462,Asllan,Death (Original Mix)
37427,319477,3964289711,Hedström & Pflug,You Are
37427,319478,4029642461,Joshua Calleja,Empty Shades
37427,319479,1874110687,Confluencia,Consciencia
37427,319480,3939004211,Valentin Zad,Mod Sign Path (Klausgreen Remix)
37427,319481,3100052531,JC Laurent,Hidden signals
37427,319482,1854404297,BRÄLLE,Strike Position
37427,319483,3910437511,Seddig,Villify
37427,319484,3561908891,Nnamael,Thoughtcrime
37427,319485,2263523597,Yan Cook,Reason
37427,319486,3105972761,Anders (BR),No Days Off (Repaint)
37427,319487,3368331641,Kyk,Jan Stahl
37427,319488,3578042911,Fran Lezaun,Sigh
37427,319489,3297243351,Rove Ranger,Tarsky
37427,319490,2956260261,Yotam Avni,Echo Alvarado
37427,319491,1783819097,"SHDW, Obscure Shape",Before Sunset
37427,319492,3681414742,Diana Franco,Loopy Loops
37427,319493,2502713551,HIGHLIMITER,Manticore
37427,319494,3439178281,Fran LF,Mantis
37427,319496,3788102982,Frank Murder,Warning Acid (Exos Remix)
37559,150575,3409612331,Feral,Spell
37559,203638,3663946422,KennyKrazyWorld,Dust
37559,291190,3819738771,Trillosta,Deep Reflection
37559,324831,4007135001,Nonova,Non è Vero
37559,324832,3551740391,Archypness,Rog
37559,324833,3353321521,"Mu'taism, Kobayashi Maru",Primal Resources
37559,324834,4017061671,Morpha,Shape
37559,324835,3390439471,AYIM,Kalika
37559,324837,4107665461,Autogenesis x AYIM,Dripwood
37729,35483,3304165991,"Rafael, Nariman",Another Dimension (Extended)
37729,135453,1890882397,Matroda,Temperature
37729,193024,3335267311,Max Styler,Let Go (Extended)
37729,321754,2874723912,"AKA AKA, Stev Dive, Roy Stroebel",Carinito
37729,322061,3381894971,Matonik,Better Than You
37729,322071,3345286121,Sergiodnine,Sax Play
37729,322072,2782603642,"BYOR, Shift K3Y",Whistle (Extended Mix)
37729,322073,3543913641,Ship Wrek,Lost in the Music (Extended Mix)
37755,60348,3590274801,"CID, Taylr Renee",Fancy $hit (Extended Mix)
37755,89296,3594944862,ero808,GENIE
37755,110555,3650920262,Millero,Dynamite
37755,160009,3567770991,"TwoForAll, Mont Rouge",Back Then
37755,233662,3554433551,J. Worra,5 6 7 Ate (feat. Lena Leon)
37755,265226,3623289652,Alok & DENNIS,Mimosa (Now And Forever)
37755,282853,3393178321,"AC Slater, Qlank, Col3man",You & Me
37755,299503,3640624282,Walker & Royce,Fee Fi Fo Fum (feat. KAM-BU)
37755,322246,3398168001,"Ashton Adams, Randy Perez",The Motion
37755,322247,3641377432,"Raffi Habel, Dread MC",What U Gonna Do
37755,322248,3532505811,"Ryan Nichols, FOOTWURK",THROW EM
37847,4144,3508344151,Mac Declos,Sexiness
37847,44234,3148407711,"Aarayáh, PRTL WRX",Hide
37847,99394,2693364442,BENZA,Killer Whale
37847,118460,3098192061,Pakard,Corazones Tensos
37847,204050,3349288501,Katnada,Rhythm (Edit)
37847,214973,3349666581,Krow,Shaka
37847,322930,3216980851,Glia,LE Reste (Alberto Tolo Remix)
37847,322931,3343233701,Danza Macabra,Changa y Mezcal
37847,322932,2587107482,ILL COMMUNICATION,Rooibos (Not A Headliner Remix)
37863,43703,3328872201,D-Leria,Kaleidoskop (Shoal Remix)
37863,55261,3126030891,Wata Igarashi,The Sailage
37863,89556,3141543671,A Strange Wedding,Pressure
37863,95201,2709992162,Vanoni,Tah-ner
37863,112783,2693169242,Rene Wise,Escaping Siro
37863,119121,709138472,Temudo,Watering Dead Plants (Original Mix)
37863,125103,3665201652,Varuna,Uvez Echos
37863,143359,2483102071,Hans Bouffmyhre,Common Denominator (Axel Karakasis Remix)
37863,198671,3081491221,Yan Cook,Surface Tension
37863,200240,3362943481,Burden,Rite
37863,232703,890319972,Jupiter 8000,Dust to Dawn
37863,290950,2966769641,Dax J,Orwellian Times
37863,322986,3250329311,Conrad Pack,Commandments
37863,322987,942633612,Müzmin,Imperialist Weapons
37863,322988,1851296787,Deas,Dystopian Future
37863,322990,2872927222,mchvlsm,Vertigo
37863,322991,3208138441,Franco Rossi,Opisthokonta
37863,322992,2618670792,Opäk,Warm Us
37863,322993,3206570881,Kabay,Soulful Synaptic (Original Mix)
37863,322994,991290972,Finalversion3,Funeral Translúcido
37863,322995,3059646951,VNTM,June
37863,322996,2659274902,Space Program,Scientific Side
37863,322997,3039526411,Rove Ranger,Blue Rum
37863,322998,2761588201,Gannein,Liminal Space
37863,322999,3049527271,"Patrick Siech, Sebastian Mullaert",River Will Turn (Vox Version)
37863,323000,1743781807,Voiski,Blazing Star
37872,322629,1422636472,Third Son,How I Feel (Petar Dundov Remix)
37872,323088,118746640,Mia Dora,Made Frames (Theo Kottis Remix)
37872,323089,1180994522,Compact Grey,Mind Games (Marc DePulse Remix)
37872,323090,404368172,Leonardo Gonnelli feat. Forrest,Stay (Dub)
37872,323091,280311801,"Jonas Saalbach, Teenage Mutants",Elision
37872,323092,364569451,Third Son,Fate (Original Mix)
37872,323093,106355642,Los Paranos,Rise of Emotions
37872,323094,2195595377,"Aidan Lavelle, Robbie Akbal",Stars (Inxec Remix)
38012,58874,3315369881,Andreas Balicki,Circles (Sascha Cawa Remix) (Sascha Cawa Remix)
38012,201014,2386880545,Omri Smadar,What Would You Do If I Told You This Is A Dream
38012,208802,2021097087,Johannes Klingebiel & Conga Fever,Latewood (Conga Fever's Seksi Disco Remix)
38012,268590,3086765121,Dominik Petzold,Kinetic Energy
38012,280506,2206913937,Guy Gerber,Pyramid Of The Moon
38012,324132,2319210185,Groove Shack,Breathe (Nhii Remix)
38012,324134,2334529125,Touzani,Condessa
38012,324135,3422054991,Seba Campos,Una Hormiga (Kermesse Remix)
38012,324136,2191994237,Helsloot,Take Care (Maz Remix)
38012,324138,105787150,"Gabriel Creole, Patrick Zigon",Balsam für die Sohle (Acid Pauli Rework)
38012,324139,1373268262,dOP,Ikarus (Original Mix)
38012,324140,2060737007,Kermesse,Melting
38012,324141,2226801357,Christopher Schwarzwalder,Rajo
38012,324142,2100226847,"Dr Parnassus, Just Emma",Locomotiva (Just Emma Remix)
38012,324143,1922605067,Thommie G,Tarsier
38012,324145,2181717397,"Rockin Moroccin, Davide Ruberto",Bayati Shiraz (Playa Mix)
38012,324146,2326636445,Gab Rhome,Say Goodbye
38106,53001,672189,Laurie Anderson,O Superman (For Massenet) (Remastered)
38106,83757,78708561,Mira (Berlin) & Christopher Schwarzwalder,Nani
38106,293484,2207525837,Antaares,Voy a Volver (Landikhan's Slow Trance Remix)
38106,324663,2950468651,Sasha,View2
38106,324664,2817026132,"Santi & Tuğçe, Tugce Kurtis",Bulut
38106,324665,1425847432,Xique-Xique,Senhor Carangeju
38106,324667,3086723861,okuma,Macabeo
38106,324669,3086772701,"Dj Amiga, Lui Mafuta",Tokidoki
38106,324670,1351758732,Der Freundliche Sultan,Mick Jagger
38106,324671,719953392,ACUD,Spargelspaghetti
38106,324673,3315371091,Acud,Neukölln liegt am Meer
38106,324674,65098310,Ante Perry & Kolombo,God's Gift
