set_id,catalog_id,position
24,4726,1
24,4727,2
24,4651,3
24,4496,4
24,4490,5
24,4715,6
24,4729,7
24,4730,8
24,4713,9
24,4731,10
24,4732,11
24,4450,12
24,4355,13
24,4426,14
2230,36862,1
2230,36863,2
2230,36864,3
2230,36865,4
2230,36866,5
2230,36867,6
2230,20447,7
2230,24686,8
2230,10657,9
2230,36868,10
2230,36869,11
2230,36870,12
2230,36871,13
2230,36872,14
2230,36873,15
2230,36874,16
2230,36875,17
2230,36876,18
2230,36877,19
2230,36511,20
2230,36878,21
2230,36879,22
2230,36880,23
2230,36881,24
2230,36882,25
2243,37027,1
2243,31112,2
2243,37028,3
2243,37029,4
2243,37030,5
2243,36994,6
2243,36986,7
2243,11512,8
2243,37010,9
2243,34263,10
2243,30773,11
2243,37031,12
2243,37032,13
2243,29028,14
2245,37043,1
2245,37044,2
2245,29053,3
2245,37045,4
2245,1248,5
2245,37046,6
2245,37047,7
2245,37048,8
2245,37049,9
2245,37050,10
2245,37051,11
2377,40052,1
2377,40053,2
2377,40054,3
2377,40055,4
2377,40056,5
2377,40057,6
2377,18331,7
2377,40058,8
2377,40059,9
2377,35947,10
2377,40060,11
2377,40061,12
2377,40062,13
2403,40308,1
2403,40309,2
2403,40310,3
2403,40311,4
2403,40312,5
2403,40313,6
2403,40314,7
2403,40315,8
2403,40316,9
2555,38044,1
2555,38045,2
2555,38046,3
2555,38047,4
2555,38048,5
2555,38049,6
2555,38050,7
2555,38051,8
2555,38052,9
2555,38053,10
2555,38054,11
2555,38055,12
2555,38056,13
2555,38057,14
2555,38058,15
2574,205,1
2574,38281,2
2574,26338,3
2574,38282,4
2574,38283,5
2574,38284,6
2574,38285,7
2574,38286,8
2574,38287,9
2574,38288,10
2574,38289,11
2574,38290,12
2574,38291,13
2574,38292,14
2574,38293,15
2574,38294,16
2574,38295,17
2595,38472,1
2595,38314,2
2595,38315,3
2595,38316,4
2595,38317,5
2595,38318,6
2595,38319,7
2595,38320,8
2595,38321,9
2609,38658,1
2609,38659,2
2609,38660,3
2609,38661,4
2609,38662,5
2609,38663,6
2609,38664,7
2609,38665,8
2609,38666,9
2609,38667,10
2609,38668,11
2609,37929,12
2609,38669,13
2609,38670,14
2628,38866,1
2628,38867,2
2628,38868,3
2628,37589,4
2628,38869,5
2628,38870,6
2628,38871,7
2628,38872,8
2628,38873,9
2628,21926,10
2628,38874,11
2628,38875,12
2628,38876,13
2628,38877,14
2628,38878,15
2744,42142,1
2744,6045,2
2744,42143,3
2744,42144,4
2744,42145,5
2744,42146,6
2744,42147,7
2744,42148,8
2744,42149,9
2744,42150,10
2744,42151,11
2744,42152,12
2774,42422,1
2774,42423,2
2774,42424,3
2774,42425,4
2774,42426,5
2774,42024,6
2774,35190,7
2774,42427,8
2774,42239,9
2774,42330,10
2774,35897,11
2774,42428,12
2774,42429,13
2817,8466,1
2817,42850,2
2817,17559,3
2817,42851,4
2817,42852,5
2817,42853,6
2817,38973,7
2817,42854,8
2817,41725,9
2817,42855,10
2817,42856,11
2817,42857,12
2871,43326,1
2871,18762,2
2871,43265,3
2871,43327,4
2871,43328,5
2871,43329,6
2871,43330,7
2871,43331,8
2871,43332,9
2871,43333,10
2871,43334,11
2871,1294,12
2871,43335,13
2871,43336,14
2912,43924,1
2912,6749,2
2912,43926,3
2912,43927,4
2912,43928,5
2912,43929,6
2912,43930,7
2912,43931,8
2912,18391,9
2912,43932,10
2912,43933,11
2912,43934,12
2912,43935,13
2912,43936,14
2912,43937,15
2912,43938,16
2912,43939,17
2912,43940,18
2912,43941,19
2912,43942,20
2939,44181,1
2939,11605,2
2939,44182,3
2939,44183,4
2939,16242,5
2939,44184,6
2939,44185,7
2939,44186,8
2939,44187,9
2939,44188,10
2939,27954,11
2939,41771,12
2939,21494,13
2939,44189,14
2939,36081,15
2939,44190,16
2939,44191,17
2939,44192,18
2939,44193,19
2939,44194,20
2939,44195,21
2939,44196,22
2939,21649,23
2958,35798,1
2958,44452,2
2958,44453,3
2958,44454,4
2958,44455,5
2958,44456,6
2958,44457,7
2958,44458,8
2958,42070,9
2958,44459,10
2958,11350,11
2958,11346,12
2958,44460,13
2958,44461,14
2958,44462,15
2958,8331,16
2958,44463,17
2958,44464,18
2958,44465,19
2958,44466,20
2958,44467,21
2958,44468,22
3038,45501,1
3038,10973,2
3038,45502,3
3038,45503,4
3038,8455,5
3038,45504,6
3038,8445,7
3038,22893,8
3038,8446,9
3038,8447,10
3038,8448,11
3038,45505,12
3038,45506,13
3038,9782,14
3038,23835,15
3038,45507,16
3038,8454,17
3038,13778,18
3038,45508,19
3038,45509,20
3038,8450,21
3038,8451,22
3038,45510,23
3038,8449,24
3038,45511,25
3038,45512,26
3067,45884,1
3067,45885,2
3067,45886,3
3067,45887,4
3067,45888,5
3067,45889,6
3067,45890,7
3067,45891,8
3067,45892,9
3067,45893,10
3067,278094,11
3067,45895,12
3067,45896,13
3067,45897,14
3067,45898,15
3067,45899,16
3067,45900,17
3067,45901,18
3067,45902,19
3067,45903,20
3067,45904,21
3067,45905,22
3067,45906,23
3067,45907,24
3149,33585,1
3149,47043,2
3149,47044,3
3149,11287,4
3149,47045,5
3149,47046,6
3149,12734,7
3149,47047,8
3149,47048,9
3149,47049,10
3149,47050,11
3149,47051,12
3149,47052,13
3149,47053,14
3149,47054,15
3149,13585,16
3149,47055,17
3149,47056,18
3149,4144,19
3149,47057,20
3149,47058,21
3149,47059,22
3149,47060,23
3149,47061,24
3149,28252,25
3149,47062,26
3149,47063,27
3149,11324,28
3149,12638,29
3149,47064,30
3149,47065,31
3149,47066,32
3149,47067,33
3149,47068,34
3149,47069,35
3149,47070,36
3149,47071,37
3149,47072,38
3149,47073,39
3149,47074,40
3149,47075,41
3149,47076,42
3149,47077,43
3149,47078,44
3149,47079,45
3149,26900,46
3149,47080,47
3149,47081,48
3149,47082,49
3149,47083,50
3149,12648,51
3149,47084,52
3149,47085,53
3170,47400,1
3170,47401,2
3170,47402,3
3170,47403,4
3170,47404,5
3170,47405,6
3170,47406,7
3170,47407,8
3170,47408,9
3170,47409,10
3170,32492,11
3170,33597,12
3170,16461,13
3170,47410,14
3170,47411,15
3170,47412,16
3170,47413,17
3170,47414,18
3170,47415,19
3170,21739,20
3170,47416,21
3170,47417,22
3170,47418,23
3170,47419,24
3170,47420,25
3170,16090,26
3170,47421,27
3170,15127,28
3170,47422,29
3170,16093,30
3170,47423,31
3170,47424,32
3170,47425,33
3170,47426,34
3170,47427,35
3170,47428,36
3170,47429,37
3170,47430,38
3170,47431,39
3170,47432,40
3170,47433,41
3170,47434,42
3170,47435,43
3170,47436,44
3170,47437,45
3170,47438,46
3170,21695,47
3170,47439,48
3170,21700,49
3170,4144,50
3170,16080,51
3170,47440,52
3170,32906,53
3170,47441,54
3170,47442,55
3181,47567,1
3181,47568,2
3181,47569,3
3181,47570,4
3181,47571,5
3181,47572,6
3181,47573,7
3181,47574,8
3181,47575,9
3181,47576,10
3181,47577,11
3181,47578,12
3181,47579,13
3181,47580,14
3181,47581,15
3181,47582,16
3181,47583,17
3181,47584,18
3181,47585,19
3181,47586,20
3336,49469,1
3336,49470,2
3336,49471,3
3336,49472,4
3336,49473,5
3336,49474,6
3336,42834,7
3336,49475,8
3336,41725,9
3336,49476,10
3436,50749,1
3436,50750,2
3436,50751,3
3436,50752,4
3436,50753,5
3436,6787,6
3436,50754,7
3436,50755,8
3436,50756,9
3441,50812,1
3441,4675,2
3441,50813,3
3441,50814,4
3441,50815,5
3441,50816,6
3441,50817,7
3441,50818,8
3441,50819,9
3441,50820,10
3441,50821,11
3441,50822,12
3441,50823,13
3441,50824,14
3441,50825,15
3441,50826,16
3471,30262,1
3471,51178,2
3471,51179,3
3471,51180,4
3471,51181,5
3471,51182,6
3471,51183,7
3471,51184,8
3471,51185,9
3471,51186,10
3471,51187,11
3471,51188,12
3471,51189,13
3471,51190,14
3820,54063,1
3820,54064,2
3820,54065,3
3820,7708,4
3820,9090,5
3820,54066,6
3820,11998,7
3820,54067,8
3820,54068,9
3820,20454,10
3820,54069,11
3820,1292,12
3820,54071,13
3820,54072,14
3820,54073,15
3820,11587,16
3820,54074,17
3820,54075,18
3820,54076,19
3820,54077,20
3820,51977,21
3820,54078,22
3849,54435,1
3849,27332,2
3849,54436,3
3849,54437,4
3849,54438,5
3849,54439,6
3849,54440,7
3849,54441,8
3849,54442,9
3849,54443,10
3849,54444,11
3849,54445,12
3849,11470,13
3849,54446,14
3849,54447,15
3849,54448,16
3849,54449,17
3901,55060,1
3901,55061,2
3901,55062,3
3901,55063,4
3901,55064,5
3901,55026,6
3901,55065,7
3901,55028,8
3901,55066,9
3901,55067,10
3901,55050,11
3901,55068,12
3901,55031,13
3901,55069,14
3901,55045,15
3901,55070,16
3901,55071,17
3901,55072,18
3918,55195,1
3918,55196,2
3918,55197,3
3918,55198,4
3918,55199,5
3918,55200,6
3918,55201,7
3918,55167,8
3918,55202,9
3918,55203,10
3918,55204,11
4045,56710,1
4045,46122,2
4045,56711,3
4045,56712,4
4045,56713,5
4045,56714,6
4045,56715,7
4045,56716,8
4045,29482,9
4045,56717,10
4045,56718,11
4045,56719,12
4045,56720,13
4045,56721,14
4045,56722,15
4045,56723,16
4045,56724,17
4045,56725,18
4045,56726,19
4045,56727,20
4045,56728,21
4045,56729,22
4045,56730,23
4128,57527,1
4128,52671,2
4128,57528,3
4128,57529,4
4128,57530,5
4128,57531,6
4128,57532,7
4128,57533,8
4128,57534,9
4128,57535,10
4128,57536,11
4178,58117,1
4178,58118,2
4178,58119,3
4178,58120,4
4178,58121,5
4178,58122,6
4178,58123,7
4178,58124,8
4178,58125,9
4178,58126,10
4200,58376,1
4200,58377,2
4200,58378,3
4200,58379,4
4200,58380,5
4200,58381,6
4200,58382,7
4200,58383,8
4200,58384,9
4200,58385,10
4200,58386,11
4200,58387,12
4200,58388,13
4200,58389,14
4200,58390,15
4200,58391,16
4200,58392,17
4252,59162,1
4252,26105,2
4252,26106,3
4252,35928,4
4252,59163,5
4252,59164,6
4252,10781,7
4252,52851,8
4252,23002,9
4252,59165,10
4252,59166,11
4252,59167,12
4252,1033,13
4252,59168,14
4254,59177,1
4254,59178,2
4254,23914,3
4254,53441,4
4254,55281,5
4254,59179,6
4254,710,7
4254,59180,8
4254,1,9
4254,59181,10
4254,59182,11
4254,647,12
4254,59183,13
4254,59184,14
4254,8444,15
4254,653,16
4310,59836,1
4310,22289,2
4310,59837,3
4310,59838,4
4310,59839,5
4310,59840,6
4310,53788,7
4310,59841,8
4310,59842,9
4310,59843,10
4310,59844,11
4310,59845,12
4310,59846,13
4310,59847,14
4310,59848,15
4310,59849,16
4310,25357,17
4310,59850,18
4310,59851,19
4310,59852,20
4310,44281,21
4310,27554,22
4310,23757,23
4310,12968,24
4310,59853,25
4310,59854,26
4310,59855,27
4310,6894,28
4310,59856,29
4310,59857,30
4310,59858,31
4310,59859,32
4310,59860,33
4476,41187,1
4476,66780,2
4476,9032,3
4476,66781,4
4476,66782,5
4476,66783,6
4476,8574,7
4476,66784,8
4476,66785,9
4476,66786,10
4476,66787,11
4476,58433,12
4476,66788,13
4476,66789,14
4476,40949,15
4476,66790,16
4476,66791,17
4476,66792,18
4476,66793,19
4476,1090,20
4476,66794,21
4476,15743,22
4476,66795,23
4476,66796,24
4476,66797,25
4476,66798,26
4476,66799,27
4476,66800,28
4476,66801,29
4476,66802,30
4516,66324,1
4516,66325,2
4516,66326,3
4516,66327,4
4516,66328,5
4516,66329,6
4516,66330,7
4516,66331,8
4516,66332,9
4516,66333,10
4529,61818,1
4529,61819,2
4529,56521,3
4529,43123,4
4529,61820,5
4529,61821,6
4529,61822,7
4529,61823,8
4529,61824,9
4529,61825,10
4529,61826,11
4529,61827,12
4529,61828,13
4529,61829,14
4529,61830,15
4529,61831,16
4653,62957,1
4653,62958,2
4653,62959,3
4653,62960,4
4653,62961,5
4653,62962,6
4653,62963,7
4653,62964,8
4653,62965,9
4653,62966,10
4653,62967,11
4653,62968,12
4670,63191,1
4670,63192,2
4670,63193,3
4670,63194,4
4670,63195,5
4670,63196,6
4670,39870,7
4670,40057,8
4670,63197,9
4670,63198,10
4670,63199,11
4673,63249,1
4673,63250,2
4673,63251,3
4673,63252,4
4673,63253,5
4673,63254,6
4673,26736,7
4673,26186,8
4673,63255,9
4673,63256,10
4673,63257,11
4673,63258,12
4673,27332,13
4673,63259,14
4673,63260,15
4673,63261,16
4673,57354,17
4673,63262,18
4673,63263,19
4673,63264,20
4673,63265,21
4673,63266,22
4673,63267,23
4673,63268,24
4737,78192,1
4737,78193,2
4737,78194,3
4737,78195,4
4737,78196,5
4737,78197,6
4737,78198,7
4737,78199,8
4737,78200,9
4737,63765,10
4737,78201,11
4737,78202,12
4737,65331,13
4737,78203,14
4884,65325,1
4884,65326,2
4884,65327,3
4884,65328,4
4884,65329,5
4884,65330,6
4884,65331,7
4884,65332,8
4884,65333,9
4884,28974,10
4884,11398,11
4901,53884,1
4901,65487,2
4901,65488,3
4901,65489,4
4901,65490,5
4901,65491,6
4901,65492,7
4901,65493,8
4901,65494,9
4901,65495,10
4901,65496,11
4901,65497,12
4901,65498,13
4901,65499,14
4901,65500,15
4901,51161,16
4963,66105,1
4963,9962,2
4963,66106,3
4963,42990,4
4963,13620,5
4963,33064,6
4963,66107,7
4963,66108,8
4963,17291,9
4963,66109,10
4963,66110,11
4963,66111,12
4963,66112,13
4963,66113,14
4963,16269,15
4963,66114,16
4963,66115,17
4963,66116,18
4963,64911,19
4963,66117,20
4963,66118,21
5001,67550,1
5001,67551,2
5001,67552,3
5001,67553,4
5001,67554,5
5001,67555,6
5001,67556,7
5001,67557,8
5001,67558,9
5058,68054,1
5058,68055,2
5058,68056,3
5058,68057,4
5058,68058,5
5058,68059,6
5058,68060,7
5058,68061,8
5058,68062,9
5058,9519,10
5058,68063,11
5058,68064,12
5058,68065,13
5058,68066,14
5058,68067,15
5058,68068,16
5058,68069,17
5058,41725,18
5058,49708,19
5058,68070,20
5058,68071,21
5080,68298,1
5080,68299,2
5080,68300,3
5080,68301,4
5080,68302,5
5080,68303,6
5080,68304,7
5080,68305,8
5080,68306,9
5080,68307,10
5080,68308,11
5080,68309,12
5080,68152,13
5080,68310,14
5080,68311,15
5080,68312,16
5080,68313,17
5090,68432,1
5090,68136,2
5090,68433,3
5090,68434,4
5090,68435,5
5090,67302,6
5090,68436,7
5090,68437,8
5090,68438,9
5090,67371,10
5090,68439,11
5090,68141,12
5090,68142,13
5090,68440,14
5090,67357,15
5090,68441,16
5121,13470,1
5121,68814,2
5121,68815,3
5121,68816,4
5121,68817,5
5121,68818,6
5121,68819,7
5121,68820,8
5121,68821,9
5121,68822,10
5121,68823,11
5121,32885,12
5121,68824,13
5121,874,14
5121,68825,15
5121,68826,16
5121,68827,17
5121,68828,18
5121,63621,19
5121,68829,20
5154,69070,1
5154,69071,2
5154,69072,3
5154,9944,4
5154,13617,5
5154,69073,6
5154,69074,7
5154,69075,8
5154,69076,9
5154,69077,10
5157,16269,1
5157,17332,2
5157,61792,3
5157,48982,4
5157,25005,5
5157,69079,6
5157,69080,7
5157,69081,8
5157,61797,9
5157,69082,10
5157,61798,11
5157,22894,12
5157,10088,13
5157,61800,14
5157,1239,15
5157,11494,16
5157,69084,17
5157,13153,18
5157,53141,19
5157,40657,20
5157,24260,21
5157,13713,22
5342,70727,1
5342,70728,2
5342,70729,3
5342,70730,4
5342,70731,5
5342,70732,6
5342,70733,7
5342,70734,8
5342,70735,9
5342,70736,10
5342,70737,11
5342,70738,12
5342,70739,13
5342,62826,14
5342,70740,15
5342,70741,16
5342,70742,17
5342,70743,18
5342,70744,19
5379,77690,1
5379,77691,2
5379,77692,3
5379,77147,4
5379,77693,5
5379,26414,6
5379,77694,7
5379,77695,8
5379,77696,9
5397,77560,1
5397,77561,2
5397,77562,3
5397,77563,4
5397,77564,5
5397,77565,6
5397,77566,7
5397,77567,8
5397,51839,9
5397,77568,10
5397,77569,11
5397,77570,12
5397,77571,13
5536,76693,1
5536,76694,2
5536,76695,3
5536,76696,4
5536,76697,5
5536,76698,6
5536,76699,7
5536,76700,8
5536,76701,9
5536,76702,10
5536,76703,11
5536,76704,12
5536,76705,13
5536,76706,14
5536,76707,15
5545,76625,1
5545,76626,2
5545,76627,3
5545,26501,4
5545,76628,5
5545,76629,6
5545,76630,7
5545,76631,8
5545,76632,9
5545,76633,10
5545,76634,11
5623,71505,1
5623,16979,2
5623,37401,3
5623,16692,4
5623,21242,5
5623,61115,6
5623,18214,7
5623,16682,8
5623,71506,9
5623,71507,10
5623,71508,11
5623,25396,12
5623,71509,13
5623,71510,14
5623,71511,15
5623,71512,16
5623,71513,17
5889,74001,1
5889,74002,2
5889,74003,3
5889,74004,4
5889,74005,5
5889,74006,6
5889,74007,7
5889,68874,8
5889,27834,9
5889,74008,10
5907,97175,1
5907,97176,2
5907,96429,3
5907,97177,4
5907,97178,5
5907,97179,6
5907,97180,7
5907,97181,8
5907,97182,9
5907,97183,10
5951,96788,1
5951,96789,2
5951,96790,3
5951,96791,4
5951,96792,5
5951,96793,6
5951,96794,7
5951,96795,8
5951,96796,9
5951,96797,10
5951,96237,11
5951,96798,12
5951,96799,13
5951,96800,14
5951,96801,15
5951,96802,16
5951,96803,17
5951,96804,18
6178,75490,1
6178,75491,2
6178,75492,3
6178,75493,4
6178,29714,5
6178,75494,6
6178,75495,7
6178,309283,8
6178,75497,9
6178,75498,10
6178,75499,11
6178,75500,12
6178,75501,13
6264,49331,1
6264,78652,2
6264,67483,3
6264,67373,4
6264,78653,5
6264,67361,6
6264,78654,7
6264,78655,8
6264,78656,9
6264,78657,10
6264,68489,11
6264,78658,12
6264,78659,13
6264,78660,14
6264,68493,15
6264,78661,16
6309,78891,1
6309,78892,2
6309,78893,3
6309,78894,4
6309,78895,5
6309,78896,6
6309,23216,7
6309,78897,8
6309,78898,9
6309,18019,10
6309,78899,11
6309,25400,12
6309,78882,13
6309,78881,14
6309,78900,15
6309,78901,16
6309,78902,17
6309,55554,18
6309,78903,19
6309,78904,20
6309,78905,21
6309,21500,22
6309,14784,23
6309,78906,24
6309,21292,25
6309,55219,26
6403,79856,1
6403,79936,2
6403,79720,3
6403,79937,4
6403,79938,5
6403,79864,6
6403,79939,7
6403,79940,8
6403,79941,9
6403,79942,10
6403,79805,11
6403,79943,12
6403,79944,13
6441,80285,1
6441,80286,2
6441,18720,3
6441,80287,4
6441,80288,5
6441,80289,6
6441,80290,7
6441,80291,8
6441,43312,9
6441,80292,10
6441,80293,11
6441,80294,12
6441,51165,13
6441,80295,14
6441,80296,15
6441,80297,16
6476,80637,1
6476,80638,2
6476,80639,3
6476,80640,4
6476,80641,5
6476,80642,6
6476,80643,7
6476,80644,8
6476,80645,9
6476,80646,10
6476,80647,11
6476,80648,12
6476,80649,13
6476,80650,14
6476,80651,15
6476,80652,16
6476,80653,17
6476,80654,18
6476,80655,19
6476,80656,20
6476,80657,21
6660,67222,1
6660,82392,2
6660,82393,3
6660,50253,4
6660,60551,5
6660,82312,6
6660,82394,7
6660,35458,8
6660,82395,9
6660,60549,10
6660,82396,11
6660,75449,12
6660,82397,13
6660,82398,14
6680,82525,1
6680,82526,2
6680,82527,3
6680,82528,4
6680,82529,5
6680,82530,6
6680,82531,7
6680,82532,8
6680,82533,9
6680,82534,10
6680,82535,11
6680,82536,12
6726,82977,1
6726,82978,2
6726,82979,3
6726,1105,4
6726,1008,5
6726,135456,6
6726,23496,7
6726,82980,8
6726,44558,9
6726,885,10
6726,81948,11
6726,1179,12
6726,1023,13
6726,82981,14
6726,20005,15
6726,2813,16
6726,2825,17
6862,84399,1
6862,84400,2
6862,84401,3
6862,84402,4
6862,84403,5
6862,84404,6
6862,84405,7
6862,84406,8
6862,84407,9
6862,84408,10
6862,84409,11
6862,84410,12
6862,84411,13
6862,84412,14
6862,84413,15
6862,84414,16
6903,93315,1
6903,93316,2
6903,93317,3
6903,33241,4
6903,93318,5
6903,93319,6
6903,93320,7
6903,93321,8
6903,93322,9
6903,93180,10
6903,93323,11
6903,93324,12
6903,93325,13
6903,93326,14
6903,93327,15
6903,93328,16
6903,6464,17
6912,35951,1
6912,93369,2
6912,93370,3
6912,51193,4
6912,93371,5
6912,93372,6
6912,93373,7
6912,93374,8
6912,93375,9
6912,93376,10
6912,93377,11
6912,93378,12
7006,94243,1
7006,94244,2
7006,94245,3
7006,94246,4
7006,54539,5
7006,94247,6
7006,71930,7
7006,94248,8
7006,94249,9
7006,6582,10
7006,94250,11
7006,94251,12
7006,94252,13
7006,94253,14
7006,94254,15
7046,94659,1
7046,94660,2
7046,94661,3
7046,81503,4
7046,94662,5
7046,94663,6
7046,52895,7
7046,94664,8
7046,94665,9
7046,94666,10
7046,94667,11
7046,70975,12
7090,95089,1
7090,95090,2
7090,95091,3
7090,95092,4
7090,95093,5
7090,95094,6
7090,95095,7
7090,95096,8
7123,95427,1
7123,95428,2
7123,95429,3
7123,95430,4
7123,73147,5
7123,95431,6
7123,95432,7
7123,47068,8
7123,95433,9
7240,97545,1
7240,97546,2
7240,97547,3
7240,97548,4
7240,14043,5
7240,97549,6
7240,97550,7
7240,97551,8
7240,97418,9
7240,97552,10
7240,97436,11
7240,97553,12
7240,6049,13
7240,97554,14
7240,97555,15
7485,85971,1
7485,85972,2
7485,85973,3
7485,85974,4
7485,85975,5
7485,85976,6
7485,43653,7
7485,53120,8
7485,9284,9
7485,85977,10
7485,85978,11
7485,53922,12
7485,85979,13
7485,85980,14
7485,85981,15
7501,86115,1
7501,10637,2
7501,86116,3
7501,74767,4
7501,86117,5
7501,86118,6
7501,86119,7
7501,86120,8
7501,86121,9
7501,86122,10
7630,87394,1
7630,87395,2
7630,87396,3
7630,87397,4
7630,87398,5
7630,57154,6
7630,87399,7
7630,87400,8
7630,87401,9
7630,71902,10
7630,87402,11
7630,87403,12
7630,81043,13
7630,87404,14
7630,78195,15
7630,17258,16
7630,87405,17
7630,87406,18
7630,87407,19
7706,88025,1
7706,88026,2
7706,88027,3
7706,88028,4
7706,88029,5
7706,88030,6
7706,88031,7
7706,65508,8
7706,88032,9
7706,88033,10
7706,88034,11
7706,88035,12
7706,88036,13
7706,88037,14
7706,88038,15
7706,86029,16
7757,88448,1
7757,88418,2
7757,52728,3
7757,88449,4
7757,8706,5
7757,88450,6
7757,29015,7
7757,88451,8
7757,88452,9
7757,63901,10
7757,7821,11
7757,88453,12
7757,27198,13
7757,88454,14
7757,88455,15
7757,88456,16
7757,88457,17
7785,53464,1
7785,88743,2
7785,88744,3
7785,88745,4
7785,88746,5
7785,88747,6
7785,88748,7
7785,88749,8
7785,88750,9
7785,31205,10
7785,88751,11
7785,14519,12
7785,88752,13
7785,88753,14
7785,88754,15
7785,88755,16
7785,68863,17
7785,88756,18
7785,50565,19
7785,9474,20
7785,88757,21
7785,33563,22
7785,81319,23
7785,8065,24
7785,88758,25
7785,88759,26
7785,88760,27
7922,90284,1
7922,90285,2
7922,90286,3
7922,90287,4
7922,90288,5
7922,90289,6
7922,90290,7
7922,90291,8
7922,90292,9
7922,60137,10
7922,90293,11
7922,90294,12
7922,82935,13
7922,50094,14
7922,40234,15
7922,57001,16
7922,90295,17
7922,90296,18
7922,90297,19
7922,16051,20
7922,90298,21
7922,90299,22
7922,30823,23
7922,90300,24
7922,10875,25
7922,90301,26
7922,90302,27
7922,90303,28
7922,90304,29
7922,21635,30
7922,36187,31
7922,59959,32
7922,90305,33
8104,92174,1
8104,92175,2
8104,92176,3
8104,92177,4
8104,92178,5
8104,92179,6
8104,92180,7
8104,92181,8
8104,92182,9
8104,35797,10
8104,92183,11
8104,92184,12
8104,92185,13
8104,92186,14
8104,92187,15
8115,92286,1
8115,92287,2
8115,92288,3
8115,92289,4
8115,92290,5
8115,92291,6
8115,80722,7
8115,92292,8
8115,18733,9
8115,61977,10
8115,39520,11
8115,20086,12
8115,92293,13
8115,92294,14
8115,50144,15
8115,92295,16
8115,92296,17
8115,92297,18
8115,50155,19
8115,92298,20
8115,92299,21
8115,92300,22
8115,92301,23
8238,117483,1
8238,117484,2
8238,117485,3
8238,117486,4
8238,117487,5
8238,117488,6
8238,117489,7
8238,117490,8
8238,117491,9
8238,117492,10
8238,92511,11
8238,36852,12
8238,117493,13
8238,25827,14
8263,54385,1
8263,117264,2
8263,117265,3
8263,117266,4
8263,117267,5
8263,117268,6
8263,25613,7
8263,54189,8
8263,117269,9
8263,43027,10
8263,12177,11
8263,45346,12
8287,77582,1
8287,103179,2
8287,16590,3
8287,67760,4
8287,73675,5
8287,56562,6
8287,10525,7
8287,49209,8
8287,103180,9
8287,13646,10
8287,5883,11
8287,6242,12
8287,103181,13
8287,60117,14
8287,22872,15
8380,104039,1
8380,104040,2
8380,73650,3
8380,44110,4
8380,104041,5
8380,104042,6
8380,104043,7
8380,49229,8
8380,104044,9
8399,104218,1
8399,104219,2
8399,104220,3
8399,104221,4
8399,104222,5
8399,104223,6
8399,92941,7
8399,15926,8
8399,104224,9
8399,104225,10
8399,104226,11
8399,104227,12
8412,104300,1
8412,104301,2
8412,104302,3
8412,104303,4
8412,104304,5
8412,104305,6
8412,104306,7
8412,104307,8
8412,104308,9
8412,104309,10
8412,104310,11
8412,104311,12
8412,104312,13
8412,93946,14
8412,104313,15
8412,104314,16
8412,104315,17
8412,104316,18
8578,105733,1
8578,105734,2
8578,81017,3
8578,105735,4
8578,99616,5
8578,105736,6
8578,105737,7
8578,105738,8
8678,41095,1
8678,95525,2
8678,106620,3
8678,106621,4
8678,106622,5
8678,106623,6
8678,106624,7
8678,106625,8
8678,11513,9
8678,25650,10
8678,47859,11
8678,94856,12
8697,106815,1
8697,106816,2
8697,106817,3
8697,106818,4
8697,106819,5
8697,106820,6
8697,106821,7
8697,106822,8
8697,106823,9
8697,106824,10
8697,106825,11
8697,106826,12
8697,106827,13
8697,94676,14
8697,106828,15
8697,106829,16
8697,106830,17
8697,32612,18
8784,107581,1
8784,107582,2
8784,107583,3
8784,56746,4
8784,107584,5
8784,107585,6
8784,107586,7
8784,107587,8
8784,107588,9
8784,107589,10
8784,107590,11
8784,107591,12
8784,107592,13
8784,107593,14
8784,107594,15
9007,109635,1
9007,109636,2
9007,98752,3
9007,30855,4
9007,109637,5
9007,109638,6
9007,98806,7
9007,109639,8
9007,7622,9
9007,25304,10
9007,109640,11
9007,109641,12
9007,7625,13
9007,644,14
9007,109642,15
9007,99354,16
9153,111144,1
9153,111145,2
9153,111146,3
9153,111147,4
9153,111148,5
9153,111149,6
9153,101961,7
9153,111150,8
9153,111151,9
9153,111152,10
9153,111153,11
9153,111154,12
9153,111155,13
9153,111156,14
9153,111157,15
9153,111158,16
9153,111159,17
9153,111160,18
9153,111161,19
9153,111162,20
9153,101968,21
9153,111163,22
9153,111164,23
9153,111165,24
9153,111166,25
9153,111167,26
9153,18116,27
9153,111168,28
9153,111169,29
9153,111170,30
9153,111171,31
9153,111172,32
9153,111173,33
9153,4844,34
9153,73998,35
9153,72358,36
9153,111174,37
9153,111175,38
9153,111176,39
9153,111177,40
9153,111178,41
9153,111179,42
9153,111180,43
9153,111181,44
9153,111182,45
9153,111183,46
9196,111674,1
9196,111675,2
9196,111676,3
9196,111677,4
9196,111678,5
9196,111679,6
9196,95644,7
9196,39442,8
9196,37380,9
9196,29520,10
9196,15228,11
9196,59045,12
9196,111680,13
9196,35644,14
9196,111681,15
9196,111682,16
9196,1291,17
9196,111683,18
9196,111684,19
9196,111685,20
9196,1435,21
9196,4457,22
9196,111686,23
9196,111687,24
9196,111688,25
9196,111689,26
9332,52302,1
9332,112919,2
9332,61115,3
9332,16239,4
9332,18209,5
9332,112920,6
9332,112921,7
9332,112922,8
9332,30406,9
9332,112923,10
9332,112783,11
9332,112924,12
9332,41269,13
9332,112925,14
9332,112926,15
9332,112927,16
9369,7092,1
9369,50520,2
9369,98752,3
9369,10011,4
9369,38706,5
9369,74167,6
9369,98806,7
9369,14933,8
9369,13674,9
9369,98807,10
9369,19016,11
9369,98808,12
9369,13154,13
9369,17329,14
9369,98809,15
9369,98810,16
9369,98811,17
9371,98821,1
9371,98822,2
9371,98823,3
9371,98824,4
9371,9642,5
9371,98825,6
9371,83217,7
9371,98826,8
9371,98827,9
9371,98828,10
9371,98829,11
9371,9629,12
9371,98830,13
9371,98831,14
9371,98832,15
9502,94238,1
9502,21470,2
9502,99987,3
9502,46279,4
9502,99988,5
9502,99989,6
9502,99990,7
9502,16448,8
9502,99991,9
9502,99992,10
9553,100594,1
9553,100595,2
9553,100596,3
9553,100597,4
9553,100598,5
9553,100599,6
9553,100600,7
9553,100601,8
9553,100602,9
9553,100603,10
9553,100604,11
9553,100605,12
9553,100606,13
9553,100607,14
9553,100608,15
9553,100609,16
9553,100610,17
9553,100611,18
9553,100612,19
9553,100613,20
9553,100614,21
9553,100615,22
9553,100616,23
9570,100774,1
9570,100775,2
9570,100776,3
9570,100777,4
9570,100778,5
9570,100779,6
9570,100780,7
9570,100781,8
9570,100782,9
9570,100783,10
9570,100784,11
9570,100785,12
9570,100786,13
9570,100787,14
9570,100788,15
9570,100789,16
9570,100790,17
9570,100791,18
9639,58785,1
9639,101642,2
9639,39340,3
9639,101643,4
9639,14739,5
9639,101633,6
9639,101632,7
9639,101644,8
9639,17457,9
9639,101645,10
9639,101646,11
9639,101647,12
9639,15772,13
9639,41391,14
9639,101648,15
9644,101712,1
9644,101713,2
9644,57438,3
9644,101714,4
9644,63130,5
9644,101715,6
9644,101716,7
9644,101717,8
9644,101718,9
9644,101719,10
9644,101720,11
9644,101721,12
9644,101722,13
9644,101723,14
9644,101724,15
9644,101725,16
9644,101726,17
9644,101727,18
9644,101728,19
9644,20422,20
9644,84490,21
9644,101729,22
9644,101730,23
9644,101731,24
9644,80756,25
9644,101732,26
9644,101733,27
9644,19077,28
9644,37752,29
9644,101734,30
9644,77566,31
9644,55473,32
9644,101735,33
9644,101736,34
9644,6712,35
9644,14468,36
9644,101737,37
9644,101738,38
9644,101739,39
9644,41040,40
9644,101740,41
9644,66741,42
9644,31822,43
9644,101741,44
9644,19803,45
9644,101742,46
9644,101743,47
9644,101744,48
9644,101745,49
9644,101746,50
9644,101747,51
9689,102157,1
9689,63124,2
9689,102158,3
9689,102159,4
9689,102160,5
9689,102161,6
9689,102162,7
9689,102163,8
9689,102164,9
9689,102165,10
9689,102166,11
9689,102167,12
9689,102168,13
9689,102169,14
9689,102170,15
9689,102171,16
9689,32031,17
9689,102172,18
9689,102173,19
9689,102174,20
9689,102175,21
9689,102176,22
9689,58215,23
9689,102177,24
9689,102178,25
9689,102179,26
9689,102180,27
9689,102181,28
9689,102182,29
9689,102183,30
9689,97641,31
9689,102184,32
9717,102725,1
9717,102726,2
9717,102727,3
9717,102728,4
9717,102729,5
9717,102730,6
9717,102731,7
9717,102732,8
9717,102733,9
9717,102734,10
9717,24323,11
9717,102735,12
9719,102749,1
9719,102750,2
9719,102751,3
9719,102752,4
9719,102753,5
9719,102754,6
9719,102755,7
9719,49400,8
9719,102756,9
9719,102757,10
9719,102758,11
9719,102759,12
9719,102760,13
9719,102761,14
9719,102762,15
9719,102763,16
9719,102764,17
9767,96294,1
9767,117729,2
9767,123300,3
9767,123301,4
9767,64723,5
9767,123302,6
9767,123303,7
9767,123304,8
9767,123305,9
9855,113104,1
9855,113105,2
9855,4899,3
9855,113106,4
9855,113107,5
9855,113108,6
9855,113109,7
9855,113110,8
9855,102829,9
9855,113111,10
9916,113596,1
9916,113597,2
9916,104486,3
9916,113598,4
9916,6108,5
9916,110104,6
9916,113599,7
9916,113600,8
9916,29250,9
9916,113601,10
9916,17763,11
9916,113602,12
9916,113603,13
9916,113604,14
9916,84528,15
9986,113123,1
9986,84752,2
9986,95361,3
9986,10935,4
9986,114101,5
9986,114102,6
9986,37639,7
9986,114103,8
9986,114104,9
9986,114105,10
9986,49891,11
9986,114106,12
9986,29259,13
9986,12632,14
9986,114107,15
9986,114108,16
9986,114109,17
9986,114110,18
9986,114111,19
9987,114112,1
9987,12967,2
9987,114113,3
9987,114114,4
9987,114115,5
9987,114116,6
9987,114117,7
9987,114118,8
9987,94868,9
9987,114119,10
9987,114120,11
9997,114198,1
9997,114199,2
9997,114200,3
9997,114201,4
9997,38307,5
9997,114202,6
9997,70642,7
9997,90625,8
9997,20759,9
9997,114203,10
9997,103322,11
9997,114204,12
10002,114227,1
10002,114228,2
10002,114229,3
10002,114230,4
10002,114231,5
10002,114232,6
10002,114233,7
10002,114234,8
10002,114235,9
10002,114236,10
10002,114237,11
10002,114238,12
10002,114239,13
10002,114240,14
10002,114241,15
10002,114242,16
10023,114399,1
10023,114400,2
10023,114401,3
10023,114402,4
10023,114403,5
10023,114404,6
10023,114405,7
10023,90978,8
10023,114406,9
10023,114407,10
10023,93027,11
10023,80410,12
10023,42050,13
10023,114408,14
10023,95405,15
10023,114409,16
10023,114410,17
10023,114411,18
10049,114683,1
10049,104579,2
10049,114684,3
10049,114685,4
10049,114686,5
10049,114687,6
10049,114688,7
10049,114689,8
10049,114690,9
10049,114691,10
10049,114692,11
10049,114693,12
10049,114694,13
10049,114695,14
10049,114696,15
10049,114697,16
10049,114698,17
10382,33291,1
10382,117954,2
10382,21042,3
10382,56949,4
10382,117955,5
10382,20138,6
10382,117956,7
10382,117957,8
10382,42523,9
10382,117958,10
10382,112754,11
10382,117959,12
10382,117960,13
10382,117961,14
10382,117962,15
10382,117963,16
10382,117964,17
10382,117965,18
10395,118120,1
10395,85244,2
10395,118121,3
10395,89555,4
10395,118122,5
10395,47371,6
10395,118123,7
10395,118124,8
10395,118125,9
10395,105382,10
10395,118126,11
10395,118127,12
10395,118128,13
10528,53503,1
10528,74738,2
10528,119512,3
10528,119513,4
10528,119514,5
10528,23581,6
10528,76223,7
10528,119515,8
10528,33799,9
10528,44276,10
10528,119516,11
10528,119517,12
10528,97159,13
10528,119518,14
10528,31881,15
10528,76983,16
10528,119519,17
10528,119520,18
10528,119521,19
10528,119522,20
10528,91009,21
10528,23593,22
10528,119523,23
10528,119524,24
10528,23596,25
10528,119525,26
10528,119526,27
10528,119527,28
10528,119528,29
10528,119529,30
10528,119530,31
10528,119531,32
10773,120876,1
10773,120877,2
10773,120878,3
10773,296954,4
10773,120880,5
10773,28512,6
10773,120881,7
10773,103302,8
10773,120882,9
10773,120883,10
10773,120884,11
10773,120885,12
11118,29798,1
11118,4008,2
11118,125051,3
11118,125052,4
11118,7605,5
11118,125053,6
11118,125054,7
11118,62764,8
11118,16911,9
11118,125055,10
11118,125056,11
11118,21984,12
11118,38253,13
11118,76183,14
11118,125057,15
11118,17198,16
11118,125058,17
11118,63385,18
11118,125059,19
11118,125060,20
11118,125061,21
11118,125062,22
11118,107119,23
11118,105890,24
11149,125266,1
11149,14141,2
11149,22859,3
11149,125267,4
11149,75634,5
11149,125268,6
11149,23908,7
11149,125269,8
11149,125270,9
11149,710,10
11149,8457,11
11149,314668,12
11149,125271,13
11156,125309,1
11156,35859,2
11156,23846,3
11156,125310,4
11156,5797,5
11156,14949,6
11156,125311,7
11156,4855,8
11156,125312,9
11156,125313,10
11156,81948,11
11156,4928,12
11156,56103,13
11156,125314,14
11156,24066,15
11156,135456,16
11156,125316,17
11156,61390,18
11156,125317,19
11390,21042,1
11390,82009,2
11390,82010,3
11390,20152,4
11390,82011,5
11390,82012,6
11390,61064,7
11390,45662,8
11390,82013,9
11390,82014,10
11390,82015,11
11390,82016,12
11401,128263,1
11401,128264,2
11401,128265,3
11401,128266,4
11401,128080,5
11401,128267,6
11401,128268,7
11401,128269,8
11401,128270,9
11401,128271,10
11401,128272,11
11401,128273,12
11420,122,1
11420,209,2
11420,25325,3
11420,106,4
11420,186,5
11420,47745,6
11420,99108,7
11420,91173,8
11420,128419,9
11420,123135,10
11420,29789,11
11420,4690,12
11420,115557,13
11420,128420,14
11420,128421,15
11420,128422,16
11420,11689,17
11420,99104,18
11420,7092,19
11420,35884,20
11420,128423,21
11420,11685,22
11420,10485,23
11420,70980,24
11536,129387,1
11536,129388,2
11536,129389,3
11536,129390,4
11536,129391,5
11536,129392,6
11536,129393,7
11536,129394,8
11536,129395,9
11536,129396,10
11536,129397,11
11536,129398,12
11536,129399,13
11536,129400,14
11536,129401,15
11640,130275,1
11640,19222,2
11640,4498,3
11640,32867,4
11640,130276,5
11640,130277,6
11640,130278,7
11640,130279,8
11640,114499,9
11640,130280,10
11640,19299,11
11640,85743,12
11640,130281,13
11640,85745,14
11640,43670,15
11640,16352,16
11640,19205,17
11640,130282,18
11663,130478,1
11663,130479,2
11663,130480,3
11663,130481,4
11663,130482,5
11663,130483,6
11663,130484,7
11663,130485,8
11663,130486,9
11663,130487,10
11663,130488,11
11663,130489,12
11663,130490,13
11663,130491,14
11663,130492,15
11663,130493,16
11663,130494,17
11663,130495,18
11752,38647,1
11752,41663,2
11752,131295,3
11752,81582,4
11752,131296,5
11752,131297,6
11752,82897,7
11752,131298,8
11752,131299,9
11752,131300,10
11752,131301,11
11765,131407,1
11765,48746,2
11765,111958,3
11765,131408,4
11765,131409,5
11765,131410,6
11765,131411,7
11765,131412,8
11765,28348,9
11765,44945,10
11765,53365,11
11765,44948,12
11765,131413,13
11765,131414,14
11765,64802,15
11765,131415,16
11765,131416,17
11765,131417,18
11765,103901,19
11765,131418,20
11765,84246,21
11765,131419,22
11765,131420,23
11807,131789,1
11807,131790,2
11807,131791,3
11807,131792,4
11807,67825,5
11807,131793,6
11807,131794,7
11807,64360,8
11807,131795,9
11807,131796,10
11807,131797,11
11807,131798,12
11807,131799,13
11807,131800,14
11807,9173,15
11807,20079,16
11807,65127,17
11807,8562,18
12126,135064,1
12126,135065,2
12126,75026,3
12126,14740,4
12126,70874,5
12126,135066,6
12126,135067,7
12126,99369,8
12126,135068,9
12126,135069,10
12126,91721,11
12126,135070,12
12126,135071,13
12126,135072,14
12184,4664,1
12184,25787,2
12184,126567,3
12184,4355,4
12184,119921,5
12184,47951,6
12184,4419,7
12184,65351,8
12184,134305,9
12184,4582,10
12184,4583,11
12184,4433,12
12184,88303,13
12184,134306,14
12184,4578,15
12184,412,16
12184,415,17
12184,4553,18
12184,13294,19
12184,4447,20
12184,4410,21
12184,4517,22
12184,4517,23
12184,37883,24
12184,134312,25
12184,134313,26
12184,28367,27
12184,75386,28
12184,129073,29
12184,114983,30
12184,28380,31
12184,271532,32
12184,4587,33
12184,36436,34
12184,27332,35
12184,7993,36
12184,134315,37
12184,134316,38
12261,136116,1
12261,14141,2
12261,9692,3
12261,15942,4
12261,15938,5
12261,40105,6
12261,10043,7
12261,136117,8
12261,1575,9
12261,58778,10
12261,35000,11
12261,8083,12
12261,49553,13
12261,69536,14
12261,47193,15
12261,38947,16
12261,17320,17
12261,4486,18
12261,9789,19
12261,136118,20
12261,40109,21
12261,15510,22
12261,136119,23
12261,136120,24
12261,75561,25
12261,653,26
12261,135108,27
12261,9962,28
12296,28440,1
12296,34422,2
12296,136247,3
12296,136248,4
12296,136249,5
12296,33249,6
12296,136250,7
12296,136251,8
12296,4625,9
12296,136252,10
12296,136253,11
12296,136254,12
12296,128468,13
12296,108392,14
12296,136255,15
12296,136256,16
12296,136257,17
12296,33241,18
12296,136258,19
12296,117870,20
12296,136259,21
12296,39031,22
12296,136260,23
12296,123928,24
12296,125967,25
12296,136261,26
12296,136262,27
12296,24530,28
12296,44155,29
12296,136263,30
12296,136264,31
12296,136265,32
12296,136266,33
12296,136267,34
12296,36284,35
12300,42892,1
12300,42893,2
12300,42894,3
12300,42895,4
12300,42896,5
12300,42897,6
12300,42898,7
12300,42899,8
12300,42900,9
12300,42901,10
12300,52301,11
12300,27826,12
12300,42902,13
12300,42903,14
12300,37277,15
12300,29647,16
12300,42904,17
12300,42905,18
12300,42906,19
12300,42907,20
12300,136289,21
12300,36497,22
12300,8029,23
12300,57057,24
12300,136290,25
12300,20006,26
12300,125429,27
12300,136291,28
12333,51731,1
12333,55590,2
12333,142261,3
12333,18268,4
12333,142262,5
12333,122563,6
12333,142263,7
12333,55880,8
12333,142264,9
12333,142265,10
12333,83642,11
12333,142266,12
12333,142267,13
12333,127768,14
12333,142268,15
12333,142269,16
12333,123302,17
12333,142270,18
12333,104533,19
12333,104530,20
12342,136451,1
12342,136452,2
12342,136453,3
12342,136454,4
12342,108348,5
12342,136455,6
12342,19958,7
12342,98783,8
12342,82721,9
12342,136456,10
12342,124643,11
12342,30575,12
12342,136457,13
12342,136458,14
12342,136459,15
12342,136460,16
12342,34965,17
12342,65929,18
12342,136461,19
12342,136462,20
12342,48168,21
12417,51282,1
12417,136669,2
12417,62453,3
12417,136670,4
12417,136671,5
12417,124151,6
12417,36064,7
12417,136672,8
12417,136673,9
12417,136674,10
12451,136916,1
12451,136917,2
12451,136918,3
12451,98131,4
12451,106450,5
12451,136919,6
12451,136920,7
12451,136702,8
12518,137411,1
12518,61415,2
12518,137412,3
12518,137413,4
12518,137414,5
12518,105541,6
12518,49785,7
12518,137415,8
12518,13584,9
12518,70808,10
12518,6073,11
12518,127082,12
12518,137416,13
12518,109180,14
12518,137417,15
12518,137418,16
12588,137872,1
12588,137873,2
12588,137874,3
12588,137875,4
12588,104243,5
12588,137876,6
12588,137877,7
12588,137878,8
12588,51607,9
12588,137879,10
12588,137880,11
12588,137881,12
12588,137882,13
12588,67649,14
12588,137883,15
12633,138377,1
12633,138378,2
12633,138379,3
12633,138380,4
12633,138381,5
12633,138382,6
12633,138383,7
12633,138384,8
12633,138385,9
12633,138386,10
12633,138387,11
12633,138388,12
12640,138488,1
12640,138489,2
12640,13372,3
12640,138490,4
12640,23549,5
12640,138491,6
12640,138492,7
12640,138493,8
12640,138494,9
12640,138495,10
12640,138496,11
12640,39228,12
12640,138497,13
12640,138498,14
12660,138670,1
12660,138671,2
12660,33332,3
12660,138672,4
12660,138673,5
12660,138674,6
12660,82052,7
12660,21032,8
12660,112853,9
12660,138675,10
12660,138676,11
12660,31471,12
12660,138677,13
12660,71062,14
12660,36174,15
12773,139463,1
12773,99009,2
12773,139464,3
12773,139465,4
12773,139466,5
12773,139467,6
12773,139468,7
12773,139469,8
12773,139470,9
12773,139471,10
12773,14639,11
12773,139472,12
12773,139473,13
12773,73902,14
13004,140630,1
13004,140631,2
13004,140632,3
13004,140633,4
13004,140634,5
13004,140635,6
13004,140636,7
13004,140637,8
13004,140638,9
13004,140639,10
13004,140640,11
13004,140641,12
13004,121713,13
13004,140642,14
13004,140643,15
13004,140644,16
13096,141276,1
13096,141277,2
13096,141278,3
13096,141279,4
13096,141280,5
13096,141281,6
13096,141282,7
13096,141283,8
13096,141284,9
13096,141285,10
13207,98765,1
13207,43097,2
13207,73459,3
13207,98956,4
13207,15346,5
13207,142877,6
13207,9585,7
13207,136155,8
13207,142878,9
13207,111912,10
13207,142879,11
13207,17316,12
13207,142880,13
13207,14994,14
13207,142881,15
13207,142882,16
13207,142883,17
13207,4247,18
13207,38754,19
13207,142884,20
13207,142885,21
13207,17103,22
13207,38760,23
13207,142886,24
13207,10093,25
13207,14659,26
13207,142887,27
13207,128184,28
13207,142888,29
13207,91600,30
13207,142889,31
13210,142898,1
13210,142899,2
13210,114758,3
13210,13468,4
13210,142900,5
13210,142901,6
13210,142902,7
13210,13479,8
13210,33715,9
13210,142903,10
13210,89660,11
13210,142904,12
13210,142905,13
13210,75577,14
13210,142906,15
13210,115398,16
13210,15964,17
13210,71653,18
13210,142907,19
13241,143159,1
13241,143160,2
13241,143161,3
13241,64149,4
13241,143162,5
13241,22146,6
13241,143163,7
13241,143164,8
13241,143165,9
13241,143166,10
13241,143167,11
13241,143168,12
13331,143933,1
13331,120595,2
13331,21720,3
13331,143934,4
13331,143935,5
13331,143936,6
13331,143937,7
13331,124072,8
13331,143938,9
13331,47970,10
13331,143939,11
13406,46856,1
13406,24143,2
13406,144524,3
13406,144525,4
13406,144526,5
13406,121155,6
13406,35049,7
13406,105146,8
13406,144527,9
13406,144528,10
13406,144529,11
13406,144530,12
13406,144531,13
13406,144532,14
13406,144533,15
13406,144534,16
13406,144535,17
13406,144536,18
13406,144537,19
13406,48092,20
13406,144538,21
13406,144539,22
13406,144540,23
13406,144541,24
13406,144542,25
13406,144543,26
13406,144544,27
13406,144545,28
13406,37329,29
13411,130907,1
13411,144582,2
13411,144583,3
13411,144584,4
13411,144585,5
13411,144586,6
13411,144587,7
13411,144588,8
13411,144589,9
13491,145114,1
13491,145115,2
13491,145116,3
13491,145117,4
13491,122882,5
13491,49162,6
13491,145118,7
13491,145119,8
13491,145120,9
13491,73006,10
13491,145121,11
13498,145147,1
13498,145148,2
13498,145149,3
13498,73791,4
13498,145150,5
13498,145151,6
13498,28090,7
13498,145152,8
13498,92208,9
13498,145153,10
13498,6240,11
13498,141735,12
13498,145154,13
13498,145155,14
13498,145156,15
13556,145557,1
13556,145558,2
13556,145559,3
13556,145560,4
13556,45649,5
13556,145561,6
13556,145562,7
13556,145563,8
13556,145564,9
13556,33802,10
13556,145565,11
13556,145566,12
13586,145816,1
13586,145817,2
13586,141393,3
13586,145818,4
13586,145819,5
13586,145820,6
13586,45969,7
13586,8851,8
13586,145821,9
13586,145822,10
13586,145823,11
13586,66887,12
13586,145824,13
13586,117326,14
13586,34007,15
13586,145825,16
13586,145826,17
13586,106668,18
13586,145827,19
13586,145828,20
13586,145829,21
13586,145830,22
13586,145831,23
13586,145832,24
13586,28665,25
13586,86409,26
13718,146835,1
13718,146836,2
13718,146837,3
13718,146838,4
13718,146839,5
13718,146840,6
13718,146841,7
13718,103583,8
13718,146842,9
13718,146843,10
13718,146844,11
13718,146845,12
13718,146846,13
13718,146847,14
13754,54104,1
13754,71499,2
13754,147102,3
13754,147103,4
13754,147104,5
13754,87675,6
13754,147105,7
13754,147106,8
13754,147107,9
13754,147108,10
13754,50727,11
13754,147109,12
13754,147110,13
13754,88187,14
13754,116027,15
13754,147111,16
13754,73225,17
13754,147112,18
13754,133705,19
13754,87877,20
13754,46422,21
13754,147113,22
13754,38358,23
13769,137917,1
13769,147252,2
13769,120956,3
13769,147253,4
13769,147254,5
13769,95822,6
13769,147255,7
13769,147256,8
13769,36747,9
13769,147257,10
13769,147258,11
13769,105845,12
13772,147282,1
13772,147283,2
13772,147284,3
13772,147285,4
13772,147287,5
13772,147287,6
13772,147288,7
13772,147289,8
13772,147290,9
13772,131664,10
13772,147291,11
13772,45001,12
13772,147292,13
13772,147293,14
13772,147294,15
13772,147295,16
13772,147296,17
13772,147297,18
13795,108098,1
13795,147475,2
13795,36831,3
13795,147476,4
13795,147477,5
13795,31229,6
13795,147478,7
13795,147479,8
13795,32667,9
13795,147480,10
13795,147481,11
13795,89008,12
13795,147482,13
13795,95263,14
13795,147483,15
13795,147484,16
13795,147485,17
13795,147486,18
13795,147487,19
13795,147488,20
13795,147489,21
14116,160718,1
14116,160719,2
14116,160720,3
14116,160721,4
14116,160722,5
14116,160723,6
14116,52888,7
14116,160724,8
14116,160725,9
14116,160726,10
14116,160727,11
14116,160728,12
14116,160729,13
14116,76173,14
14116,160730,15
14116,160731,16
14116,160732,17
14116,160733,18
14116,160734,19
14116,160735,20
14116,160736,21
14116,160737,22
14116,160738,23
14116,160739,24
14116,160740,25
14116,160741,26
14116,160742,27
14116,160743,28
14116,160744,29
14116,160745,30
14116,160746,31
14116,160747,32
14116,160748,33
14116,160749,34
14116,160750,35
14116,160751,36
14116,160752,37
14116,160753,38
14116,160754,39
14116,160755,40
14116,160756,41
14116,160757,42
14116,160758,43
14116,152936,44
14161,8686,1
14161,160368,2
14161,27244,3
14161,9122,4
14161,20083,5
14161,8734,6
14161,7921,7
14161,7711,8
14161,95083,9
14161,160369,10
14161,160370,11
14161,20086,12
14161,160350,13
14161,160371,14
14161,160372,15
14161,62067,16
14161,117333,17
14161,9198,18
14161,160373,19
14161,20238,20
14161,8748,21
14280,16509,1
14280,125316,2
14280,5076,3
14280,10431,4
14280,151936,5
14280,648,6
14280,6559,7
14280,23725,8
14280,67655,9
14280,1,10
14280,5800,11
14280,152087,12
14280,60372,13
14280,8473,14
14280,152088,15
14280,40803,16
14280,152050,17
14280,152089,18
14280,119576,19
14280,52490,20
14280,109641,21
14280,23713,22
14280,123842,23
14280,149236,24
14280,12110,25
14280,85605,26
14280,24066,27
14280,23915,28
14280,6818,29
14316,13649,1
14316,151178,2
14316,124215,3
14316,151179,4
14316,68618,5
14316,151180,6
14316,38843,7
14316,127254,8
14316,151181,9
14323,151210,1
14323,151211,2
14323,151212,3
14323,151213,4
14323,151214,5
14323,151215,6
14323,151216,7
14323,151217,8
14323,151218,9
14330,121795,1
14330,151284,2
14330,151285,3
14330,151286,4
14330,151287,5
14330,151288,6
14330,151289,7
14330,18604,8
14330,151290,9
14330,151291,10
14343,17334,1
14343,151384,2
14343,151385,3
14343,15883,4
14343,124505,5
14343,17342,6
14343,151386,7
14343,151387,8
14343,134781,9
14343,66133,10
14343,11235,11
14343,151388,12
14343,31953,13
14343,25585,14
14343,22918,15
14343,42051,16
14343,1561,17
14343,6115,18
14343,129516,19
14343,31951,20
14343,109677,21
14343,151390,22
14343,31950,23
14343,151391,24
14343,151392,25
14343,50288,26
14343,151393,27
14343,151394,28
14640,154612,1
14640,154627,2
14640,154613,3
14640,154614,4
14640,154615,5
14640,154616,6
14640,312661,7
14640,154617,8
14640,154618,9
14640,6367,10
14640,154620,11
14640,154622,12
14640,154621,13
14640,66968,14
14640,143851,15
14640,154628,16
14640,154623,17
14640,154624,18
14640,154625,19
14642,98304,1
14642,154644,2
14642,154645,3
14642,4000,4
14642,58776,5
14642,154646,6
14642,113491,7
14642,154647,8
14642,154648,9
14642,154649,10
14642,41387,11
14642,44816,12
14642,154650,13
14642,89473,14
14642,154651,15
14642,154652,16
14642,13387,17
14642,154653,18
14642,32051,19
14642,154654,20
14642,154655,21
14642,154656,22
14642,154657,23
14642,154658,24
14642,154659,25
14642,154660,26
14642,154661,27
14642,97337,28
14642,154662,29
14642,154663,30
14642,13998,31
14642,154664,32
14642,154665,33
14642,154666,34
14892,155946,1
14892,100801,2
14892,156799,3
14892,156800,4
14892,156801,5
14892,156802,6
14892,16734,7
14892,156803,8
14892,156804,9
14892,156805,10
14892,156806,11
14892,156807,12
14892,156808,13
14892,56897,14
14892,156809,15
14892,156810,16
14892,156811,17
14892,156812,18
14892,24205,19
14895,156840,1
14895,156841,2
14895,156842,3
14895,156843,4
14895,156844,5
14895,156845,6
14895,156846,7
14895,156847,8
14895,67824,9
14895,127353,10
14940,157214,1
14940,157215,2
14940,157216,3
14940,157217,4
14940,157218,5
14940,157219,6
14940,42127,7
14940,42363,8
14940,157220,9
14996,157713,1
14996,157714,2
14996,157715,3
14996,157716,4
14996,26243,5
14996,118575,6
14996,29764,7
14996,157717,8
14996,157718,9
14996,157719,10
15110,48523,1
15110,158652,2
15110,158653,3
15110,158654,4
15110,158655,5
15110,156496,6
15110,158656,7
15110,158657,8
15110,101726,9
15110,158658,10
15110,130231,11
15177,50837,1
15177,159229,2
15177,159230,3
15177,159231,4
15177,159232,5
15177,159233,6
15177,159234,7
15177,159235,8
15177,159236,9
15177,159237,10
15187,159291,1
15187,55630,2
15187,159292,3
15187,159293,4
15187,159294,5
15187,120028,6
15187,159295,7
15187,101093,8
15187,159296,9
15187,159297,10
15224,159598,1
15224,159599,2
15224,159600,3
15224,159601,4
15224,159602,5
15224,159603,6
15224,159604,7
15224,159605,8
15224,159606,9
15224,159607,10
15224,159608,11
15224,159609,12
15224,159610,13
15224,159611,14
15224,159612,15
15409,14647,1
15409,16395,2
15409,73900,3
15409,16167,4
15409,73904,5
15409,33563,6
15409,164535,7
15409,62894,8
15409,68648,9
15409,164536,10
15409,14663,11
15409,35037,12
15409,16172,13
15409,139493,14
15409,56093,15
15409,73905,16
15409,15762,17
15409,11015,18
15409,35043,19
15409,55289,20
15409,1239,21
15409,164537,22
15409,35314,23
15409,41329,24
15556,165730,1
15556,137506,2
15556,165731,3
15556,165732,4
15556,165733,5
15556,165734,6
15556,165735,7
15556,165736,8
15556,165737,9
15556,165738,10
15556,165739,11
15556,165740,12
15556,165741,13
15556,165742,14
15878,168256,1
15878,168257,2
15878,168258,3
15878,168259,4
15878,76568,5
15878,168260,6
15878,168261,7
15878,168262,8
15878,168263,9
15878,168264,10
15878,168265,11
15878,168266,12
15878,168267,13
15878,154238,14
15938,168844,1
15938,168845,2
15938,138578,3
15938,152642,4
15938,168846,5
15938,138904,6
15938,168847,7
15938,168848,8
15938,20871,9
15938,168849,10
15938,138974,11
15982,169309,1
15982,169310,2
15982,65181,3
15982,169311,4
15982,169312,5
15982,169313,6
15982,169314,7
15982,169315,8
15982,169316,9
15982,169317,10
16052,161678,1
16052,161679,2
16052,91192,3
16052,161680,4
16052,134916,5
16052,131048,6
16052,161681,7
16052,161682,8
16052,76155,9
16052,161683,10
16052,161684,11
16052,161685,12
16052,161686,13
16052,161687,14
16146,55395,1
16146,162277,2
16146,162278,3
16146,7879,4
16146,162279,5
16146,162280,6
16146,162281,7
16146,162282,8
16146,162283,9
16146,162284,10
16146,162285,11
16146,162286,12
16146,8276,13
16496,170049,1
16496,170050,2
16496,170051,3
16496,170052,4
16496,122270,5
16496,170053,6
16496,170054,7
16496,146937,8
16496,84524,9
16496,170055,10
16496,133351,11
16496,56626,12
16496,8793,13
16496,170056,14
16496,75208,15
16496,170057,16
16496,15728,17
16496,170058,18
16496,170059,19
16506,170145,1
16506,66694,2
16506,50861,3
16506,170146,4
16506,170147,5
16506,26479,6
16506,105067,7
16506,170148,8
16506,170149,9
16506,170150,10
16512,170175,1
16512,170176,2
16512,170177,3
16512,170178,4
16512,17470,5
16512,170179,6
16512,13921,7
16512,166694,8
16512,170180,9
16512,121276,10
16512,49464,11
16512,170181,12
16802,172449,1
16802,172450,2
16802,44761,3
16802,172451,4
16802,54625,5
16802,15904,6
16802,149116,7
16802,143110,8
16802,172452,9
16802,172453,10
16802,45764,11
16807,172476,1
16807,172477,2
16807,172478,3
16807,172479,4
16807,172480,5
16807,172481,6
16807,121336,7
16807,172482,8
16807,172483,9
16807,102601,10
16807,172484,11
16807,68283,12
16807,172485,13
16807,172486,14
16807,172487,15
16807,172488,16
16807,172489,17
16903,174403,1
16903,174404,2
16903,174405,3
16903,174406,4
16903,56677,5
16903,174407,6
16903,69138,7
16903,174408,8
16903,139493,9
16903,174409,10
16903,92554,11
16903,174410,12
16903,174411,13
16907,174452,1
16907,85151,2
16907,51354,3
16907,60509,4
16907,35776,5
16907,69735,6
16907,44417,7
16907,174453,8
16907,60199,9
16907,174454,10
16907,174455,11
16907,63282,12
16907,174456,13
16907,174457,14
16907,126570,15
16907,174458,16
16907,72370,17
16916,174520,1
16916,19006,2
16916,25796,3
16916,174521,4
16916,7134,5
16916,1466,6
16916,110887,7
16916,14622,8
16916,115310,9
16916,174523,10
16916,174524,11
16916,174525,12
16916,174526,13
16916,17287,14
16916,174527,15
16916,174528,16
16916,174529,17
16916,17459,18
16916,19458,19
16916,174530,20
16916,49006,21
16916,174531,22
16920,72672,1
16920,174560,2
16920,20547,3
16920,21486,4
16920,17198,5
16920,78376,6
16920,4619,7
16920,160819,8
16920,112222,9
16920,174561,10
16920,174562,11
16920,174563,12
16920,174564,13
16932,174667,1
16932,174668,2
16932,174669,3
16932,12718,4
16932,94174,5
16932,44584,6
16932,164048,7
16932,174670,8
16932,31220,9
16932,57979,10
16932,91402,11
16982,175022,1
16982,175023,2
16982,175024,3
16982,175025,4
16982,96121,5
16982,175026,6
16982,175027,7
16982,175028,8
16982,175029,9
16982,175030,10
17071,173645,1
17071,101014,2
17071,173646,3
17071,173647,4
17071,115329,5
17071,173648,6
17071,145476,7
17071,48445,8
17071,43441,9
17071,44176,10
17071,28596,11
17071,19407,12
17071,173649,13
17071,79890,14
17071,173650,15
17071,173651,16
17071,89051,17
17071,173652,18
17071,154867,19
17071,128453,20
17071,118364,21
17071,173654,22
17071,14712,23
17071,46714,24
17071,173655,25
17071,173656,26
17071,102943,27
17071,173657,28
17071,23090,29
17071,52055,30
17071,173658,31
17071,173659,32
17071,173660,33
17071,173661,34
17071,154864,35
17071,23068,36
17071,173662,37
17071,173663,38
17071,173664,39
17071,173665,40
17071,173666,41
17071,50984,42
17071,13268,43
17071,173667,44
17071,1057,45
17071,44531,46
17071,49999,47
17071,13110,48
17071,173668,49
17071,83431,50
17071,173731,51
17071,173732,52
17071,92475,53
17071,173733,54
17071,173734,55
17071,6731,56
17071,107818,57
17071,173735,58
17071,104079,59
17071,173736,60
17071,148454,61
17071,173737,62
17071,34944,63
17173,173723,1
17173,173724,2
17173,173725,3
17173,173726,4
17173,173727,5
17173,173728,6
17173,173729,7
17173,173730,8
17173,8641,9
17173,48212,10
17173,173777,11
17173,173778,12
17173,174127,13
17195,31550,1
17195,176275,2
17195,61677,3
17195,176276,4
17195,176277,5
17195,176278,6
17195,176279,7
17195,91563,8
17195,176280,9
17195,176281,10
17195,28325,11
17195,99132,12
17195,99132,13
17195,176282,14
17195,176283,15
17203,176362,1
17203,176363,2
17203,176364,3
17203,51837,4
17203,65392,5
17203,56184,6
17203,176365,7
17203,162809,8
17203,48541,9
17203,176366,10
17203,176367,11
17203,176368,12
17203,176369,13
17203,119951,14
17203,176370,15
17203,176371,16
17203,13066,17
17203,65659,18
17203,176372,19
17203,176373,20
17203,176374,21
17203,176375,22
17203,176376,23
17203,176377,24
17203,171436,25
17203,176378,26
17203,176379,27
17214,143654,1
17214,176474,2
17214,62281,3
17214,19710,4
17214,19711,5
17214,32525,6
17214,176475,7
17214,31050,8
17214,176476,9
17214,176477,10
17214,31109,11
17214,19812,12
17214,85624,13
17214,176478,14
17214,20474,15
17214,176479,16
17214,114342,17
17214,176480,18
17214,176481,19
17214,7095,20
17214,176482,21
17214,176483,22
17398,142858,1
17398,177914,2
17398,177915,3
17398,177916,4
17398,126009,5
17398,177917,6
17398,152065,7
17398,4004,8
17398,177918,9
17398,177919,10
17398,71002,11
17398,177920,12
17398,4486,13
17398,177921,14
17398,164957,15
17398,177922,16
17398,177923,17
17398,177924,18
17398,1421,19
17398,177926,20
17398,177927,21
17398,177928,22
17398,177929,23
17398,177930,24
17434,661,1
17434,74052,2
17434,24075,3
17434,643,4
17434,650,5
17434,239,6
17434,5038,7
17434,178181,8
17434,642,9
17434,5128,10
17434,50287,11
17434,676,12
17434,58279,13
17434,141715,14
17434,6559,15
17434,26107,16
17434,111142,17
17434,5880,18
17434,74057,19
17434,42862,20
17434,152024,21
17434,178182,22
17434,23915,23
17434,178183,24
17434,10200,25
17434,178184,26
17621,71149,1
17621,179387,2
17621,179388,3
17621,179389,4
17621,179390,5
17621,179391,6
17621,179392,7
17621,179393,8
17621,179394,9
17621,138791,10
17621,20602,11
17621,179395,12
17621,179396,13
17621,179397,14
17621,179398,15
17621,179399,16
17621,179400,17
17661,179740,1
17661,179741,2
17661,60155,3
17661,179742,4
17661,179743,5
17661,32807,6
17661,24517,7
17661,179744,8
17661,179745,9
17661,179746,10
17661,179747,11
17661,179748,12
17661,179749,13
17661,106856,14
17661,179750,15
17661,78065,16
17661,179751,17
17661,179752,18
17661,179753,19
17661,179754,20
17661,179755,21
17661,113726,22
17661,72334,23
17661,122856,24
17661,179756,25
17661,179757,26
17661,179758,27
17661,26605,28
17661,179759,29
17676,122177,1
17676,179880,2
17676,143788,3
17676,179881,4
17676,179882,5
17676,147040,6
17676,179883,7
17676,179884,8
17676,163812,9
17676,23433,10
17676,179885,11
17676,74549,12
17676,179886,13
17676,179887,14
17676,179888,15
17676,137279,16
17818,180840,1
17818,180841,2
17818,180842,3
17818,180843,4
17818,180844,5
17818,180845,6
17818,180846,7
17818,180847,8
17818,180848,9
17843,180996,1
17843,180997,2
17843,113543,3
17843,30987,4
17843,180998,5
17843,147785,6
17843,159113,7
17843,180999,8
17843,181000,9
17843,181001,10
17843,155899,11
17843,181002,12
17843,181003,13
17843,181004,14
17843,1204,15
17843,32614,16
17853,26755,1
17853,181060,2
17853,181061,3
17853,106506,4
17853,181062,5
17853,181063,6
17853,181064,7
17853,96611,8
17853,181065,9
17853,77488,10
17853,181066,11
17853,48746,12
17853,171503,13
17853,181067,14
17953,196693,1
17953,196694,2
17953,196695,3
17953,35756,4
17953,183295,5
17953,190049,6
17953,196696,7
17953,38261,8
17953,196697,9
17953,196698,10
17953,196699,11
17953,196700,12
17953,46604,13
17953,54387,14
17953,196701,15
17953,196702,16
17953,104982,17
17953,196703,18
17953,196704,19
17953,196705,20
17953,196706,21
17953,194427,22
17953,196707,23
17960,194457,1
17960,194453,2
17960,196628,3
17960,196629,4
17960,196630,5
17960,196631,6
17960,196632,7
17960,196633,8
17960,196634,9
17960,194460,10
17960,196635,11
17960,196636,12
17960,196637,13
17960,196638,14
17960,196639,15
17960,196640,16
17960,196641,17
17982,153831,1
17982,181389,2
17982,49937,3
17982,63375,4
17982,47971,5
17982,181390,6
17982,181391,7
17982,181392,8
17982,79346,9
17982,181393,10
17982,65915,11
17982,181394,12
17982,181395,13
17982,181396,14
17982,170250,15
17982,23745,16
17982,181397,17
17982,181398,18
17982,181399,19
17982,181400,20
17982,181401,21
18051,182063,1
18051,182064,2
18051,182065,3
18051,182066,4
18051,182067,5
18051,35021,6
18051,182068,7
18051,182069,8
18051,182070,9
18051,182071,10
18051,182072,11
18051,182073,12
18051,5167,13
18051,37986,14
18051,37331,15
18051,182074,16
18051,271569,17
18051,182075,18
18060,182135,1
18060,182136,2
18060,47325,3
18060,182137,4
18060,182138,5
18060,82885,6
18060,173184,7
18060,182139,8
18060,182140,9
18060,141462,10
18060,66262,11
18060,182141,12
18060,182142,13
18060,182143,14
18060,82626,15
18105,76137,1
18105,182750,2
18105,182751,3
18105,182752,4
18105,94158,5
18105,182753,6
18105,182754,7
18105,182755,8
18105,182756,9
18105,182757,10
18105,182758,11
18105,182759,12
18105,147016,13
18105,182760,14
18105,11509,15
18105,182761,16
18105,126233,17
18105,182762,18
18105,182763,19
18105,182764,20
18105,50147,21
18105,182765,22
18105,182766,23
18105,49445,24
18105,113051,25
18105,29971,26
18105,1094,27
18105,182767,28
18105,80668,29
18105,179288,30
18105,182768,31
18105,182769,32
18105,113543,33
18105,41438,34
18178,182625,1
18178,57436,2
18178,183629,3
18178,17759,4
18178,42050,5
18178,42050,6
18178,183630,7
18178,5139,8
18178,183631,9
18178,183632,10
18178,183633,11
18188,176109,1
18188,183710,2
18188,183711,3
18188,183712,4
18188,183713,5
18188,183714,6
18188,183715,7
18188,183716,8
18188,183636,9
18188,183717,10
18188,183718,11
18188,183145,12
18188,183719,13
18188,183005,14
18188,183720,15
18188,183721,16
18188,183722,17
18188,183723,18
18188,183724,19
18188,182495,20
18188,183725,21
18188,183726,22
18188,183727,23
18188,183728,24
18188,183729,25
18188,161879,26
18188,183730,27
18188,42152,28
18188,85074,29
18188,183731,30
18188,182590,31
18188,183732,32
18188,183733,33
18188,183734,34
18188,183735,35
18188,183736,36
18188,37891,37
18188,183737,38
18188,183738,39
18188,183739,40
18188,183740,41
18188,183741,42
18188,183742,43
18188,183743,44
18188,183744,45
18188,183745,46
18188,183746,47
18188,183747,48
18192,18733,1
18192,76959,2
18192,727,3
18192,19567,4
18192,183779,5
18192,183780,6
18192,183781,7
18192,80447,8
18192,183782,9
18192,38050,10
18192,183783,11
18192,183784,12
18205,183955,1
18205,183956,2
18205,183957,3
18205,28591,4
18205,183958,5
18205,183959,6
18205,183960,7
18205,183961,8
18205,183962,9
18205,127676,10
18205,183963,11
18205,34993,12
18205,183964,13
18205,183965,14
18205,183966,15
18205,8918,16
18205,8563,17
18287,185478,1
18287,185479,2
18287,185480,3
18287,185481,4
18287,185482,5
18287,56870,6
18287,185483,7
18287,185484,8
18287,185485,9
18287,132761,10
18287,185486,11
18287,185487,12
18287,185488,13
18287,185489,14
18287,185490,15
18287,185491,16
18429,186648,1
18429,84877,2
18429,186649,3
18429,186650,4
18429,186651,5
18429,146182,6
18429,186652,7
18429,47943,8
18429,186653,9
18429,173610,10
18429,186655,11
18429,186656,12
18429,186657,13
18429,186658,14
18429,186659,15
18429,34965,16
18447,186771,1
18447,186772,2
18447,96631,3
18447,186773,4
18447,186774,5
18447,186775,6
18447,128470,7
18447,186776,8
18447,186777,9
18447,186778,10
18447,186779,11
18447,186780,12
18547,36423,1
18547,137192,2
18547,27157,3
18547,105814,4
18547,187454,5
18547,153888,6
18547,187455,7
18547,43029,8
18547,65767,9
18547,187456,10
18547,187457,11
18547,64332,12
18547,74015,13
18547,187458,14
18634,188066,1
18634,150051,2
18634,40210,3
18634,188067,4
18634,188068,5
18634,188069,6
18634,188070,7
18634,188071,8
18634,188072,9
18634,188073,10
18634,188074,11
18634,177590,12
18634,188075,13
18634,183254,14
18634,188076,15
18679,26783,1
18679,87981,2
18679,1560,3
18679,188276,4
18679,188277,5
18679,84657,6
18679,3877,7
18679,11194,8
18679,188278,9
18679,188279,10
18679,188280,11
18679,188281,12
18679,188282,13
18679,185863,14
18679,188283,15
18679,184572,16
18679,188284,17
18679,188285,18
18767,188885,1
18767,92521,2
18767,188886,3
18767,92525,4
18767,37933,5
18767,1054,6
18767,188887,7
18767,61984,8
18767,188888,9
18767,132422,10
18767,188889,11
18767,188890,12
18772,188925,1
18772,188926,2
18772,188927,3
18772,188928,4
18772,188929,5
18772,188930,6
18772,188931,7
18772,188932,8
18772,162015,9
18772,188933,10
18772,164655,11
18772,188934,12
18772,188935,13
18772,188936,14
18772,188937,15
18772,188938,16
18858,52933,1
18858,189572,2
18858,189573,3
18858,189574,4
18858,189575,5
18858,189576,6
18858,189577,7
18858,63280,8
18858,64267,9
18858,189578,10
18858,189579,11
18858,6059,12
18858,131788,13
18952,190284,1
18952,190285,2
18952,145389,3
18952,190286,4
18952,155892,5
18952,190287,6
18952,26812,7
18952,188352,8
18952,29777,9
18952,190288,10
18952,94927,11
18952,190290,12
18952,190291,13
18952,131896,14
18952,190292,15
19002,94349,1
19002,84057,2
19002,158767,3
19002,190609,4
19002,132935,5
19002,190610,6
19002,158778,7
19002,190611,8
19002,43929,9
19002,120627,10
19002,190612,11
19002,190613,12
19002,94684,13
19002,157454,14
19002,190614,15
19002,26656,16
19002,190615,17
19002,124666,18
19002,190616,19
19002,190617,20
19008,190650,1
19008,190651,2
19008,32817,3
19008,190652,4
19008,26436,5
19008,190653,6
19008,190654,7
19008,173533,8
19008,171462,9
19008,121042,10
19008,107826,11
19008,153052,12
19074,191103,1
19074,46592,2
19074,71984,3
19074,191104,4
19074,137526,5
19074,30582,6
19074,162092,7
19074,125623,8
19074,191105,9
19074,191106,10
19234,192278,1
19234,117487,2
19234,192279,3
19234,192280,4
19234,192281,5
19234,183518,6
19234,192282,7
19234,30897,8
19234,192283,9
19234,192284,10
19234,100625,11
19375,34451,1
19375,192599,2
19375,126274,3
19375,192600,4
19375,192601,5
19375,67010,6
19375,192602,7
19375,8725,8
19375,192603,9
19442,193002,1
19442,314638,2
19442,18141,3
19442,13778,4
19442,13620,5
19442,16409,6
19442,16167,7
19442,120061,8
19442,59609,9
19442,193004,10
19442,14649,11
19442,11015,12
19442,52315,13
19442,193005,14
19442,4486,15
19442,22894,16
19442,111784,17
19442,68863,18
19442,178280,19
19442,10968,20
19442,193006,21
19442,110555,22
19442,59008,23
19442,193007,24
19442,54693,25
19442,15303,26
19442,18144,27
19442,139486,28
19563,194078,1
19563,143397,2
19563,149437,3
19563,194079,4
19563,120463,5
19563,17999,6
19563,4144,7
19563,194080,8
19563,194081,9
19563,21115,10
19563,169971,11
19563,194082,12
19563,32909,13
19563,194083,14
19563,93355,15
19572,194160,1
19572,194161,2
19572,86331,3
19572,194162,4
19572,194163,5
19572,194164,6
19572,194165,7
19572,194166,8
19572,194167,9
19572,136234,10
19572,194168,11
19572,80247,12
19572,194169,13
19572,193910,14
19572,194170,15
19572,194171,16
19572,194172,17
19572,194173,18
19572,194174,19
19572,194175,20
19572,194176,21
19572,194177,22
19572,102818,23
19572,194178,24
19572,194179,25
19572,21929,26
19635,194770,1
19635,194771,2
19635,55891,3
19635,98404,4
19635,11501,5
19635,194772,6
19635,194773,7
19635,48705,8
19635,50137,9
19635,113543,10
19635,119503,11
19635,171595,12
19635,49735,13
19635,85630,14
19635,181917,15
19635,194774,16
19635,194775,17
19635,113529,18
19635,194776,19
19635,87410,20
19635,178975,21
19635,159660,22
19635,13984,23
19658,28248,1
19658,194956,2
19658,194957,3
19658,95536,4
19658,194958,5
19658,160894,6
19658,88014,7
19658,181744,8
19658,194959,9
19658,122081,10
19658,39777,11
19658,57049,12
19658,194960,13
19658,183665,14
19658,87542,15
19658,116193,16
19658,10494,17
19658,194961,18
19664,165129,1
19664,183154,2
19664,195034,3
19664,67278,4
19664,181548,5
19664,98384,6
19664,195035,7
19664,152627,8
19664,195036,9
19664,195037,10
19664,195038,11
19664,181549,12
19664,181545,13
19664,165018,14
19664,195039,15
19664,195040,16
19703,1230,1
19703,195442,2
19703,78340,3
19703,144344,4
19703,195443,5
19703,149045,6
19703,70714,7
19703,182547,8
19703,6658,9
19703,79241,10
19703,193488,11
19703,195444,12
19703,195445,13
19703,182601,14
19703,195446,15
19703,195447,16
19703,14399,17
19703,195448,18
19703,195449,19
19703,74264,20
19703,37757,21
19724,114964,1
19724,195630,2
19724,195631,3
19724,195632,4
19724,195633,5
19724,136592,6
19724,195634,7
19724,195635,8
19724,195636,9
19724,115660,10
19724,195637,11
19724,195638,12
19724,47131,13
19724,158713,14
19724,195639,15
19724,101886,16
19724,72614,17
19724,195640,18
19724,195641,19
19724,38272,20
19724,194419,21
19724,39543,22
19724,38491,23
19724,195642,24
19724,195643,25
19724,53991,26
19724,149564,27
19724,90675,28
19755,195879,1
19755,81738,2
19755,26598,3
19755,64698,4
19755,195880,5
19755,60759,6
19755,195881,7
19755,195882,8
19755,195883,9
19755,195884,10
19755,195885,11
19755,38491,12
19755,169209,13
19755,113543,14
19755,195886,15
19755,5849,16
19755,62279,17
19755,106190,18
19755,177422,19
19755,195887,20
19755,116112,21
19755,195888,22
19755,38266,23
19755,195889,24
19755,10653,25
19755,85883,26
19755,88171,27
19755,52405,28
19755,95536,29
19781,182998,1
19781,183010,2
19781,183011,3
19781,183012,4
19781,87860,5
19781,183013,6
19781,183014,7
19781,183015,8
19781,183016,9
19781,156853,10
19781,183017,11
19781,116685,12
19781,196139,13
19781,196140,14
19781,155828,15
19781,92058,16
19781,195028,17
19781,196141,18
19781,196142,19
19781,87568,20
19781,196143,21
19781,183009,22
19781,65590,23
19781,196144,24
20066,198805,1
20066,198806,2
20066,198807,3
20066,198808,4
20066,198809,5
20066,198810,6
20066,198811,7
20066,198812,8
20066,198813,9
20069,198832,1
20069,63846,2
20069,169363,3
20069,198833,4
20069,198834,5
20069,198835,6
20069,197073,7
20069,198836,8
20069,198837,9
20069,156191,10
20069,95044,11
20069,198838,12
20129,199635,1
20129,199636,2
20129,164119,3
20129,199637,4
20129,63200,5
20129,199638,6
20129,17516,7
20129,199639,8
20129,199640,9
20129,199641,10
20129,199642,11
20131,199664,1
20131,199665,2
20131,199666,3
20131,159880,4
20131,199667,5
20131,199668,6
20131,199669,7
20131,119544,8
20131,31907,9
20131,199670,10
20131,199671,11
20131,199672,12
20131,199673,13
20131,199674,14
20177,66817,1
20177,162674,2
20177,9058,3
20177,40750,4
20177,17066,5
20177,12799,6
20177,13259,7
20177,200074,8
20177,200075,9
20177,50573,10
20177,68616,11
20177,200076,12
20177,200077,13
20177,200078,14
20177,200079,15
20177,200080,16
20177,138375,17
20177,200081,18
20177,200082,19
20177,178939,20
20177,200083,21
20177,200084,22
20177,200085,23
20177,200086,24
20209,200288,1
20209,200289,2
20209,200290,3
20209,200291,4
20209,200292,5
20209,200293,6
20209,200294,7
20209,200295,8
20209,135808,9
20209,200296,10
20209,117072,11
20209,200297,12
20209,200298,13
20269,200807,1
20269,200808,2
20269,200809,3
20269,200810,4
20269,200811,5
20269,74558,6
20269,200812,7
20269,4654,8
20269,200813,9
20269,167255,10
20269,200814,11
20269,200557,12
20269,11512,13
20269,156841,14
20269,200815,15
20269,119781,16
20269,200816,17
20269,200817,18
20269,200818,19
20269,200819,20
20269,138023,21
20269,200820,22
20269,200821,23
20269,89052,24
20278,200932,1
20278,200933,2
20278,200934,3
20278,200935,4
20278,200936,5
20278,200937,6
20278,200938,7
20278,200939,8
20278,200940,9
20278,13865,10
20278,200941,11
20278,200942,12
20278,63362,13
20278,152553,14
20278,200943,15
20278,200944,16
20308,201341,1
20308,18166,2
20308,201342,3
20308,201343,4
20308,201344,5
20308,193698,6
20308,201345,7
20308,201346,8
20308,201082,9
20308,201347,10
20308,201348,11
20308,201349,12
20308,201350,13
20308,201351,14
20308,201352,15
20308,201353,16
20308,200876,17
20308,201354,18
20308,24393,19
20308,201355,20
20308,201356,21
20308,201357,22
20308,201358,23
20308,201359,24
20480,56571,1
20480,116068,2
20480,38266,3
20480,46232,4
20480,213432,5
20480,213433,6
20480,213434,7
20480,205440,8
20480,28369,9
20480,128690,10
20480,73223,11
20480,85800,12
20480,145838,13
20480,200155,14
20480,151033,15
20561,148387,1
20561,202989,2
20561,136009,3
20561,148388,4
20561,75550,5
20561,136010,6
20561,148389,7
20561,148390,8
20561,37153,9
20561,142377,10
20561,37126,11
20561,116232,12
20561,202990,13
20561,148391,14
20561,113821,15
20561,43301,16
20561,148392,17
20561,54547,18
20561,12882,19
20561,116230,20
20561,9690,21
20561,16491,22
20561,88351,23
20561,9702,24
20561,27303,25
20561,202572,26
20561,148393,27
20734,203951,1
20734,18116,2
20734,13611,3
20734,203952,4
20734,173348,5
20734,32979,6
20734,1412,7
20734,17314,8
20734,109884,9
20734,203953,10
20734,9764,11
20734,203954,12
20734,203955,13
20734,44622,14
20734,64149,15
20734,203956,16
20734,203957,17
20734,88976,18
20825,213289,1
20825,213290,2
20825,60095,3
20825,107941,4
20825,213291,5
20825,213292,6
20825,213293,7
20825,66735,8
20825,85091,9
20825,32804,10
20825,65864,11
20825,116212,12
20825,34863,13
20825,24606,14
21010,207202,1
21010,207203,2
21010,207204,3
21010,175690,4
21010,207205,5
21010,207206,6
21010,207207,7
21010,207208,8
21010,43325,9
21010,207209,10
21010,91600,11
21010,207210,12
21010,129701,13
21010,207212,14
21010,207213,15
21010,207214,16
21010,207215,17
21010,207216,18
21010,207188,19
21010,207217,20
21010,207218,21
21010,207219,22
21010,207220,23
21010,431,24
21010,207222,25
21010,207223,26
21010,207224,27
21010,207225,28
21010,1438,29
21010,207226,30
21010,207227,31
21010,207228,32
21160,208273,1
21160,208274,2
21160,208275,3
21160,208276,4
21160,208267,5
21160,149041,6
21160,43556,7
21160,37373,8
21160,208277,9
21160,208278,10
21304,205853,1
21304,205854,2
21304,205855,3
21304,205856,4
21304,205857,5
21304,205858,6
21304,205859,7
21304,205860,8
21304,193396,9
21366,209068,1
21366,209069,2
21366,209070,3
21366,209071,4
21366,209072,5
21366,39992,6
21366,209073,7
21366,28524,8
21366,14482,9
21366,209074,10
21366,108805,11
21366,209075,12
21366,209076,13
21366,209077,14
21366,209078,15
21399,1519,1
21399,4920,2
21399,11550,3
21399,209339,4
21399,117449,5
21399,177396,6
21399,138231,7
21399,134725,8
21399,27621,9
21399,8539,10
21399,19770,11
21399,34317,12
21399,65607,13
21399,209340,14
21399,209341,15
21399,209342,16
21399,209331,17
21399,131689,18
21399,209343,19
21399,128980,20
21399,209344,21
21399,209326,22
21399,209327,23
21399,209333,24
21399,209329,25
21399,154962,26
21424,158447,1
21424,209522,2
21424,209523,3
21424,28438,4
21424,174498,5
21424,209524,6
21424,13281,7
21424,179280,8
21424,209427,9
21424,209479,10
21424,1045,11
21424,81212,12
21424,209323,13
21424,209443,14
21424,209441,15
21424,209476,16
21424,62054,17
21424,52133,18
21424,187287,19
21424,9263,20
21424,9263,21
21424,209525,22
21424,31873,23
21424,209707,24
21424,209439,25
21424,209361,26
21424,209508,27
21424,66462,28
21424,209445,29
21424,209526,30
21424,10392,31
21424,8879,32
21424,7808,33
21424,209527,34
21424,28501,35
21424,209440,36
21424,209528,37
21424,23095,38
21424,58802,39
21424,59051,40
21424,209529,41
21424,134933,42
21424,209385,43
21520,129582,1
21520,209923,2
21520,209673,3
21520,209774,4
21520,209924,5
21520,200892,6
21520,132659,7
21520,209907,8
21520,128980,9
21611,210494,1
21611,37660,2
21611,210515,3
21611,210516,4
21611,90639,5
21611,162644,6
21611,153172,7
21611,37664,8
21611,210517,9
21611,210518,10
21611,38090,11
21611,210519,12
21611,115620,13
21611,189970,14
21611,210520,15
21611,150498,16
21611,182853,17
21611,38429,18
21611,5770,19
21611,87061,20
21611,137892,21
21611,210521,22
21611,151259,23
21611,90060,24
21611,38337,25
21611,116691,26
21639,17170,1
21639,210676,2
21639,210677,3
21639,140217,4
21639,58510,5
21639,210678,6
21639,121035,7
21639,116604,8
21639,17171,9
21639,190172,10
21639,136993,11
21639,210679,12
21639,41611,13
21639,210680,14
21639,210681,15
21639,210682,16
21639,210683,17
21639,29680,18
21639,210684,19
21639,88124,20
21639,10952,21
21639,210685,22
21660,156943,1
21660,209882,2
21660,17507,3
21660,136943,4
21660,210815,5
21660,82312,6
21660,210816,7
21660,82023,8
21660,210817,9
21660,4759,10
21660,210818,11
21660,66570,12
21660,210819,13
21660,91712,14
21660,35657,15
21660,62867,16
21660,210820,17
21693,48700,1
21693,146154,2
21693,211063,3
21693,211064,4
21693,81837,5
21693,51482,6
21693,45126,7
21693,211065,8
21693,144979,9
21693,211066,10
21693,9092,11
21693,211067,12
21693,211068,13
21693,211069,14
21693,113077,15
21693,94109,16
21693,211070,17
21693,211071,18
21693,47859,19
21693,55658,20
21766,211617,1
21766,211618,2
21766,211619,3
21766,211620,4
21766,211621,5
21766,211622,6
21766,211623,7
21766,211624,8
21766,47937,9
21766,211625,10
21766,211626,11
21766,211627,12
21766,211628,13
21807,210902,1
21807,211886,2
21807,211887,3
21807,211888,4
21807,127983,5
21807,94781,6
21807,211889,7
21807,211890,8
21807,211891,9
21807,211892,10
21807,211893,11
21807,211894,12
21807,156278,13
21823,17363,1
21823,15300,2
21823,212001,3
21823,23854,4
21823,23849,5
21823,23855,6
21823,30857,7
21823,23857,8
21823,6561,9
21823,6272,10
21823,212003,11
21823,114375,12
21823,212004,13
21823,212005,14
21823,212006,15
21823,212007,16
21823,109962,17
21823,25217,18
21823,212008,19
21823,212009,20
21940,212943,1
21940,212944,2
21940,212945,3
21940,129649,4
21940,212946,5
21940,88121,6
21940,11382,7
21940,36943,8
21940,34660,9
21940,13482,10
21940,212947,11
21940,53766,12
21940,154970,13
21940,212948,14
21940,212949,15
21956,213034,1
21956,213035,2
21956,213036,3
21956,211593,4
21956,213037,5
21956,120835,6
21956,213038,7
21956,39838,8
21956,213039,9
21956,213040,10
21956,213041,11
21956,213042,12
21956,213043,13
21956,213044,14
21956,213045,15
22041,95318,1
22041,213856,2
22041,213857,3
22041,149017,4
22041,213858,5
22041,213859,6
22041,29764,7
22041,6266,8
22041,213861,9
22067,213956,1
22067,66156,2
22067,213957,3
22067,75224,4
22067,213958,5
22067,74025,6
22067,213959,7
22067,207423,8
22067,139025,9
22067,213960,10
22116,214308,1
22116,214309,2
22116,214310,3
22116,214311,4
22116,214312,5
22116,214313,6
22116,214314,7
22116,214315,8
22116,214316,9
22116,214317,10
22116,214318,11
22116,128990,12
22116,214319,13
22116,214320,14
22116,214321,15
22116,40250,16
22116,214322,17
22116,214323,18
22116,214324,19
22116,214325,20
22116,214326,21
22116,214327,22
22118,214335,1
22118,214336,2
22118,214337,3
22118,212436,4
22118,214338,5
22118,214339,6
22118,214340,7
22118,214341,8
22118,214342,9
22118,85230,10
22321,215530,1
22321,161247,2
22321,109812,3
22321,215531,4
22321,215532,5
22321,187389,6
22321,211568,7
22321,167009,8
22321,1097,9
22321,83822,10
22561,216734,1
22561,176273,2
22561,216735,3
22561,46527,4
22561,6095,5
22561,1182,6
22561,216736,7
22561,4498,8
22561,22236,9
22561,216737,10
22561,39500,11
22561,39578,12
22561,216738,13
22561,18747,14
22669,230000,1
22669,217785,2
22669,230001,3
22669,230002,4
22669,230003,5
22669,70092,6
22669,70054,7
22669,230004,8
22669,31760,9
22669,230005,10
22669,230006,11
22669,228642,12
22669,230007,13
22669,230008,14
22669,230009,15
22669,230010,16
22669,230011,17
22669,228855,18
22679,67481,1
22679,229942,2
22679,68440,3
22679,229943,4
22679,229944,5
22679,228645,6
22679,229945,7
22679,229946,8
22679,217539,9
22679,229947,10
22679,229948,11
22679,217765,12
22679,229949,13
22957,218756,1
22957,218757,2
22957,195365,3
22957,218758,4
22957,37303,5
22957,218759,6
22957,218760,7
22957,80249,8
22957,218761,9
22960,218777,1
22960,11719,2
22960,218778,3
22960,22951,4
22960,58370,5
22960,18225,6
22960,218779,7
22960,58549,8
22960,15131,9
22960,18228,10
22960,180861,11
22960,82929,12
22960,21925,13
22960,218780,14
22960,97773,15
22960,16245,16
22960,173268,17
22960,135849,18
22960,124033,19
22967,204015,1
22967,16671,2
22967,112581,3
22967,218819,4
22967,56951,5
22967,56946,6
22967,21908,7
22967,176670,8
22967,218820,9
22967,110011,10
22967,80951,11
22967,59222,12
22967,11199,13
22967,179573,14
22967,161202,15
22967,218821,16
22967,189663,17
22967,58593,18
22967,218822,19
23369,61455,1
23369,209612,2
23369,7847,3
23369,8739,4
23369,221818,5
23369,66578,6
23369,28325,7
23369,66384,8
23369,221819,9
23369,66010,10
23369,1271,11
23369,8579,12
23369,204686,13
23369,8561,14
23369,221820,15
23369,43448,16
23369,101390,17
23369,50251,18
23369,66667,19
23369,221821,20
23369,8696,21
23369,221822,22
23369,8504,23
23369,31824,24
23369,34527,25
23369,100910,26
23369,221823,27
23369,161281,28
23369,66817,29
23369,179282,30
23369,44206,31
23369,215722,32
23369,6257,33
23369,107852,34
23369,1532,35
23369,104332,36
23369,136816,37
23369,19535,38
23369,49925,39
23384,18953,1
23384,158942,2
23384,44458,3
23384,221977,4
23384,125579,5
23384,125578,6
23384,21090,7
23384,190383,8
23384,180186,9
23384,1061,10
23384,58824,11
23393,210324,1
23393,147022,2
23393,222049,3
23393,101194,4
23393,222050,5
23393,62100,6
23393,52796,7
23393,185922,8
23393,222051,9
23393,222052,10
23393,8868,11
23393,84440,12
23404,222130,1
23404,66682,2
23404,222131,3
23404,222132,4
23404,64993,5
23404,174123,6
23404,34545,7
23404,8538,8
23404,95649,9
23404,43494,10
23404,8708,11
23404,19991,12
23404,222133,13
23404,8955,14
23404,140528,15
23404,222134,16
23404,109051,17
23404,8778,18
23404,10475,19
23404,222135,20
23404,8723,21
23404,222136,22
23404,12560,23
23404,222137,24
23588,223344,1
23588,213253,2
23588,223345,3
23588,117995,4
23588,178926,5
23588,223346,6
23588,138755,7
23588,223347,8
23588,223348,9
23588,223349,10
23588,223350,11
23588,36282,12
23588,128462,13
23588,13717,14
23588,138861,15
23588,223351,16
23962,229374,1
23962,114154,2
23962,126838,3
23962,229375,4
23962,229376,5
23962,229377,6
23962,229378,7
23962,37743,8
23962,229379,9
23962,229380,10
23962,229381,11
23962,229382,12
23962,196882,13
23962,35005,14
23962,229383,15
23962,29778,16
23962,47593,17
23962,153109,18
23980,103367,1
23980,229469,2
23980,229470,3
23980,14499,4
23980,229471,5
23980,34366,6
23980,229472,7
23980,229473,8
23980,143941,9
23980,107300,10
23980,107311,11
23980,229474,12
23980,95536,13
23980,95535,14
23980,229475,15
23980,95541,16
24012,157762,1
24012,229655,2
24012,229656,3
24012,60130,4
24012,106872,5
24012,229657,6
24012,171852,7
24012,229658,8
24012,28241,9
24012,103579,10
24070,225859,1
24070,80371,2
24070,225860,3
24070,225861,4
24070,125878,5
24070,225862,6
24070,161142,7
24070,84212,8
24070,127526,9
24070,33501,10
24070,122159,11
24070,78295,12
24093,225959,1
24093,225960,2
24093,225961,3
24093,225962,4
24093,225963,5
24093,225964,6
24093,108074,7
24093,59939,8
24093,225965,9
24093,225774,10
24093,225966,11
24093,225967,12
24093,225968,13
24151,226388,1
24151,226389,2
24151,226390,3
24151,226391,4
24151,226392,5
24151,226393,6
24151,226394,7
24151,226395,8
24151,226396,9
24151,226397,10
24151,226398,11
24151,226399,12
24151,226400,13
24151,226401,14
24179,80628,1
24179,226615,2
24179,226616,3
24179,31100,4
24179,42079,5
24179,193260,6
24179,52354,7
24179,190649,8
24179,49177,9
24179,226617,10
24179,60853,11
24179,226618,12
24179,226619,13
24330,227732,1
24330,227733,2
24330,227734,3
24330,227735,4
24330,227736,5
24330,226605,6
24330,227737,7
24330,227738,8
24330,227739,9
24330,227740,10
24330,227741,11
24330,227742,12
24330,227743,13
24330,227744,14
24330,227745,15
24330,227746,16
24330,227747,17
24330,227748,18
24570,92294,1
24570,13105,2
24570,230559,3
24570,230300,4
24570,156853,5
24570,57289,6
24570,116687,7
24570,230560,8
24570,132042,9
24570,131712,10
24570,8701,11
24570,230561,12
24570,107767,13
24570,8764,14
24570,230562,15
24570,230563,16
24570,100444,17
24570,225609,18
24570,122303,19
24570,230564,20
24570,225420,21
24570,43434,22
24570,8882,23
24570,19784,24
24570,193048,25
24570,230565,26
24570,49927,27
24570,107161,28
24570,230566,29
24570,55865,30
24570,55473,31
24570,230567,32
24570,230450,33
24570,154632,34
24570,230568,35
24570,103710,36
24570,83843,37
24614,230550,1
24614,144027,2
24614,230433,3
24614,230934,4
24614,63901,5
24614,84042,6
24614,181200,7
24614,230935,8
24614,230936,9
24614,230937,10
24614,230938,11
24614,225643,12
24614,66231,13
24614,166906,14
24614,105522,15
24614,192023,16
24614,149045,17
24614,120609,18
24614,176110,19
24614,84061,20
24614,221472,21
24614,221849,22
24614,166065,23
24614,92940,24
24614,188083,25
24614,62127,26
24657,231224,1
24657,231225,2
24657,231226,3
24657,231227,4
24657,221903,5
24657,231228,6
24657,63824,7
24657,231229,8
24657,231230,9
24657,231231,10
24657,231232,11
24657,231233,12
24657,16042,13
24657,127281,14
24671,231297,1
24671,231298,2
24671,158178,3
24671,93009,4
24671,231299,5
24671,231300,6
24671,159728,7
24671,210591,8
24671,158355,9
24671,231301,10
24678,50230,1
24678,231344,2
24678,39449,3
24678,231345,4
24678,1418,5
24678,231347,6
24678,231348,7
24678,34405,8
24678,231349,9
24678,32785,10
24678,1324,11
24678,1326,12
24678,14712,13
24857,232640,1
24857,89638,2
24857,232641,3
24857,232642,4
24857,232643,5
24857,232644,6
24857,232645,7
24857,232646,8
24857,232647,9
24857,232648,10
24857,232649,11
25049,233907,1
25049,43836,2
25049,233908,3
25049,37424,4
25049,59228,5
25049,204817,6
25049,16461,7
25049,21369,8
25049,16682,9
25049,21525,10
25049,143489,11
25049,21777,12
25049,170652,13
25049,16684,14
25049,233909,15
25049,21523,16
25049,22953,17
25049,179454,18
25072,115973,1
25072,43611,2
25072,234068,3
25072,234069,4
25072,71821,5
25072,234070,6
25072,115504,7
25072,234072,8
25175,234750,1
25175,234751,2
25175,234752,3
25175,234753,4
25175,234754,5
25175,234755,6
25175,234756,7
25175,2560,8
25175,234720,9
25175,234757,10
25175,234758,11
25175,129465,12
25175,234759,13
25175,234760,14
25175,21943,15
25316,235338,1
25316,235339,2
25316,19560,3
25316,235340,4
25316,235341,5
25316,17977,6
25316,235342,7
25316,235343,8
25316,217210,9
25316,235344,10
25316,228513,11
25472,236364,1
25472,236365,2
25472,236366,3
25472,236367,4
25472,236368,5
25472,236369,6
25472,34000,7
25472,236370,8
25472,83813,9
25472,236371,10
25472,34001,11
25472,236372,12
25472,197813,13
25522,180733,1
25522,71129,2
25522,27143,3
25522,166539,4
25522,236832,5
25522,171423,6
25522,116489,7
25522,179162,8
25522,63951,9
25522,21190,10
25522,22057,11
25522,236833,12
25527,236866,1
25527,49772,2
25527,236867,3
25527,90907,4
25527,236868,5
25527,236869,6
25527,44271,7
25527,151219,8
25527,45746,9
25527,236870,10
25527,236871,11
25527,236872,12
25527,236873,13
25647,237669,1
25647,237670,2
25647,237671,3
25647,138021,4
25647,237672,5
25647,237673,6
25647,201654,7
25647,237674,8
25647,237675,9
25647,237676,10
25647,237677,11
25647,237678,12
25647,108582,13
25647,237679,14
25647,237680,15
25807,227929,1
25807,21154,2
25807,73560,3
25807,238936,4
25807,238937,5
25807,182580,6
25807,38256,7
25807,238938,8
25807,184028,9
25807,238939,10
25807,36508,11
25946,239938,1
25946,239939,2
25946,239940,3
25946,239941,4
25946,239942,5
25946,104039,6
25946,239943,7
25946,239944,8
25946,239945,9
25974,240123,1
25974,240124,2
25974,240125,3
25974,240126,4
25974,6529,5
25974,240127,6
25974,240128,7
25974,95765,8
25974,240129,9
25974,36148,10
25974,179845,11
25974,240130,12
25974,240131,13
26023,240428,1
26023,25452,2
26023,58184,3
26023,240429,4
26023,240430,5
26023,240431,6
26023,53494,7
26023,240432,8
26023,240433,9
26023,240434,10
26023,240435,11
26023,240436,12
26023,240437,13
26023,240438,14
26023,222246,15
26023,13066,16
26023,240439,17
26023,240440,18
26023,107825,19
26023,15472,20
26023,240441,21
26023,240442,22
26023,240443,23
26023,240444,24
26023,87511,25
26023,240445,26
26070,240802,1
26070,26358,2
26070,240803,3
26070,72732,4
26070,166443,5
26070,67228,6
26070,74471,7
26070,240804,8
26070,32823,9
26070,169393,10
26070,44455,11
26070,240805,12
26070,240806,13
26070,156454,14
26070,96510,15
26070,240807,16
26070,240808,17
26070,240809,18
26070,240810,19
26070,18754,20
26070,240811,21
26133,251222,1
26133,13381,2
26133,67914,3
26133,68761,4
26133,13211,5
26133,202864,6
26133,251223,7
26133,51637,8
26133,13207,9
26133,142378,10
26133,223983,11
26133,153667,12
26142,977,1
26142,251164,2
26142,251165,3
26142,251166,4
26142,68529,5
26142,251167,6
26142,109309,7
26142,33719,8
26142,251168,9
26142,165150,10
26142,251169,11
26142,251170,12
26142,83764,13
26142,7016,14
26349,122329,1
26349,241996,2
26349,241997,3
26349,82698,4
26349,54625,5
26349,11685,6
26349,241998,7
26349,241999,8
26349,147404,9
26349,242000,10
26349,88397,11
26349,7124,12
26349,242001,13
26349,179052,14
26349,4686,15
26349,110543,16
26349,106259,17
26349,65351,18
26349,23443,19
26349,191602,20
26349,453,21
26349,51674,22
26349,29267,23
26349,34625,24
26349,207098,25
26354,24415,1
26354,19354,2
26354,19634,3
26354,217232,4
26354,24454,5
26354,19356,6
26354,218004,7
26354,20032,8
26354,242023,9
26354,242024,10
26354,5632,11
26354,242025,12
26354,242026,13
26354,85051,14
26354,242027,15
26354,242028,16
26354,242029,17
26354,120988,18
26379,242120,1
26379,33515,2
26379,144057,3
26379,242121,4
26379,24751,5
26379,242122,6
26379,163200,7
26379,242123,8
26379,99077,9
26379,88679,10
26729,78776,1
26729,243170,2
26729,228855,3
26729,243171,4
26729,243172,5
26729,243173,6
26729,243174,7
26729,243175,8
26729,243176,9
26729,235059,10
26729,243177,11
26729,243083,12
26729,230216,13
26729,6466,14
26741,31754,1
26741,241142,2
26741,241083,3
26741,67630,4
26741,93547,5
26741,235082,6
26741,241265,7
26741,228919,8
26741,242719,9
26741,230117,10
26741,240974,11
26741,70244,12
26741,234925,13
26741,243103,14
26741,229974,15
26741,242041,16
26741,243222,17
26848,243517,1
26848,243518,2
26848,227512,3
26848,243519,4
26848,102176,5
26848,102493,6
26848,243520,7
26848,243521,8
26848,243522,9
26848,243523,10
26858,243565,1
26858,243566,2
26858,243567,3
26858,243568,4
26858,30960,5
26858,243569,6
26858,243570,7
26858,140469,8
26858,196615,9
26858,243571,10
26858,243572,11
26858,243573,12
26858,243574,13
26858,243575,14
26858,109752,15
26858,189242,16
26858,158863,17
26858,243576,18
26858,243577,19
26858,243578,20
26952,93778,1
26952,87612,2
26952,216810,3
26952,244289,4
26952,244290,5
26952,57868,6
26952,85101,7
26952,86499,8
26952,244291,9
26952,244292,10
26952,91448,11
26952,244293,12
26952,64797,13
26952,38456,14
26952,244294,15
26952,50785,16
26952,38452,17
26952,244295,18
26955,73729,1
26955,244309,2
26955,244310,3
26955,244311,4
26955,244312,5
26955,244313,6
26955,244314,7
26955,113210,8
26955,163549,9
26955,244315,10
26955,82851,11
26955,181497,12
26955,184227,13
26955,244316,14
26955,244317,15
26955,147633,16
26955,228462,17
26955,165123,18
26955,165020,19
26955,244318,20
26955,182630,21
26955,244320,22
26955,244321,23
26955,217010,24
27024,245026,1
27024,245027,2
27024,230556,3
27024,245028,4
27024,245029,5
27024,141895,6
27024,245030,7
27024,245031,8
27024,245032,9
27024,245033,10
27024,245034,11
27024,72919,12
27024,245035,13
27024,245036,14
27024,229097,15
27024,245037,16
27024,245038,17
27024,245039,18
27024,245040,19
27024,245041,20
27024,245042,21
27024,236624,22
27024,221879,23
27026,245046,1
27026,132282,2
27026,245000,3
27026,245047,4
27026,245048,5
27026,245049,6
27026,215985,7
27026,244515,8
27026,141895,9
27026,149206,10
27026,26018,11
27026,155030,12
27026,123142,13
27026,245050,14
27026,245051,15
27026,245052,16
27026,245053,17
27026,61997,18
27026,245054,19
27026,65271,20
27026,130970,21
27046,245224,1
27046,245225,2
27046,245226,3
27046,245227,4
27046,245228,5
27046,245229,6
27046,245230,7
27046,245231,8
27046,245232,9
27046,245233,10
27046,245234,11
27046,245235,12
27046,31381,13
27046,245236,14
27046,245237,15
27046,166802,16
27046,33799,17
27121,22732,1
27121,245870,2
27121,245871,3
27121,245872,4
27121,94411,5
27121,245873,6
27121,224598,7
27121,110464,8
27121,245874,9
27121,245875,10
27121,245876,11
27121,245877,12
27121,245878,13
27121,27835,14
27128,245938,1
27128,121536,2
27128,245939,3
27128,245940,4
27128,245941,5
27128,48249,6
27128,245942,7
27128,129654,8
27128,245943,9
27128,245944,10
27156,246187,1
27156,155866,2
27156,246188,3
27156,246189,4
27156,246190,5
27156,246191,6
27156,246192,7
27156,246193,8
27156,246194,9
27156,246195,10
27156,246196,11
27156,246197,12
27156,246198,13
27225,246746,1
27225,97250,2
27225,158088,3
27225,146281,4
27225,176394,5
27225,246716,6
27225,246747,7
27225,246748,8
27225,246749,9
27225,60967,10
27225,103902,11
27225,93586,12
27225,38052,13
27225,83592,14
27225,246750,15
27225,246751,16
27225,62530,17
27225,246752,18
27225,40959,19
27225,246753,20
27260,247032,1
27260,247033,2
27260,247034,3
27260,227493,4
27260,247035,5
27260,247036,6
27260,247037,7
27260,159598,8
27260,247038,9
27260,146089,10
27260,247039,11
27260,225346,12
27260,247040,13
27331,247569,1
27331,247570,2
27331,247571,3
27331,158360,4
27331,247572,5
27331,247573,6
27331,247574,7
27331,122149,8
27331,247575,9
27331,157159,10
27331,112564,11
27331,78202,12
27331,247576,13
27331,92737,14
27377,247875,1
27377,195175,2
27377,131488,3
27377,38522,4
27377,9243,5
27377,157917,6
27377,247876,7
27377,147528,8
27377,77276,9
27377,113868,10
27377,161785,11
27377,247877,12
27377,247878,13
27377,237426,14
27377,247879,15
27377,15432,16
27479,1315,1
27479,257726,2
27479,215758,3
27479,257727,4
27479,6387,5
27479,181316,6
27479,1248,7
27479,257728,8
27479,257729,9
27479,905,10
27479,257730,11
27479,257731,12
27479,220642,13
27479,257732,14
27495,200587,1
27495,257657,2
27495,257658,3
27495,175256,4
27495,257659,5
27495,34646,6
27495,257660,7
27495,257661,8
27495,257662,9
27495,924,10
27495,144205,11
27495,37017,12
27495,257663,13
27495,4239,14
27495,18766,15
27520,46781,1
27520,43228,2
27520,248408,3
27520,248409,4
27520,248410,5
27520,248411,6
27520,248412,7
27520,248413,8
27520,248414,9
27520,248415,10
27520,248416,11
27520,248417,12
27520,248418,13
27520,248419,14
27520,248420,15
27520,94421,16
27520,248421,17
27520,248422,18
27545,66592,1
27545,248634,2
27545,38107,3
27545,257530,4
27545,225290,5
27545,135130,6
27545,210287,7
27545,257531,8
27545,257532,9
27545,15539,10
27545,257533,11
27545,257534,12
27545,257535,13
27545,257536,14
27545,257537,15
27545,257538,16
27545,257539,17
27545,257540,18
27545,257541,19
27545,257542,20
27590,248779,1
27590,248780,2
27590,68129,3
27590,5977,4
27590,248781,5
27590,248782,6
27590,248783,7
27590,88636,8
27590,88638,9
27590,88639,10
27590,248784,11
27590,248785,12
27590,151377,13
27590,224616,14
27655,249097,1
27655,113183,2
27655,63114,3
27655,249098,4
27655,102989,5
27655,248965,6
27655,160369,7
27655,139855,8
27655,249099,9
27655,233479,10
27655,249050,11
27655,249100,12
27655,249101,13
27655,176301,14
27655,7107,15
27655,249102,16
27655,249103,17
27655,248981,18
27655,58300,19
27655,24962,20
27655,160943,21
27655,82380,22
27655,959,23
27655,22583,24
27655,96677,25
27672,209813,1
27672,209788,2
27672,221893,3
27672,248948,4
27672,28531,5
27672,114084,6
27672,249183,7
27672,249184,8
27672,249185,9
27672,58433,10
27672,249186,11
27692,248795,1
27692,201806,2
27692,249288,3
27692,249289,4
27692,14714,5
27692,67995,6
27692,244499,7
27692,249290,8
27692,249291,9
27692,249236,10
27692,176241,11
27692,19790,12
27709,15656,1
27709,249388,2
27709,249389,3
27709,249390,4
27709,249391,5
27709,249392,6
27709,69039,7
27709,249393,8
27709,249394,9
27709,170325,10
27709,249395,11
27709,41504,12
27891,250205,1
27891,96700,2
27891,173023,3
27891,61469,4
27891,39499,5
27891,250206,6
27891,250207,7
27891,64343,8
27891,250208,9
27891,167802,10
27891,250209,11
27891,250210,12
27891,110145,13
27891,250211,14
27891,250212,15
27891,250213,16
27891,60316,17
27891,171129,18
27891,163469,19
27891,156584,20
28024,251644,1
28024,251645,2
28024,251646,3
28024,251647,4
28024,93770,5
28024,251648,6
28024,251649,7
28024,113447,8
28024,75428,9
28107,252151,1
28107,252152,2
28107,252153,3
28107,252154,4
28107,252155,5
28107,252156,6
28107,252157,7
28107,252158,8
28107,252159,9
28107,252160,10
28107,252161,11
28107,95012,12
28107,252162,13
28107,252163,14
28107,252164,15
28130,252374,1
28130,252375,2
28130,252376,3
28130,252377,4
28130,252378,5
28130,252379,6
28130,252380,7
28130,252381,8
28130,252382,9
28130,252383,10
28130,252384,11
28130,252385,12
28130,252386,13
28130,252387,14
28130,252388,15
28130,252389,16
28130,252390,17
28130,252391,18
28130,252392,19
28130,252393,20
28130,252394,21
28130,252395,22
28130,252396,23
28130,252397,24
28130,252398,25
28194,119579,1
28194,208351,2
28194,159155,3
28194,252851,4
28194,7627,5
28194,14623,6
28194,101818,7
28194,29489,8
28194,252852,9
28194,17926,10
28194,2765,11
28194,252854,12
28194,252855,13
28194,139930,14
28194,243960,15
28194,197473,16
28194,52319,17
28194,54694,18
28194,252856,19
28194,252857,20
28194,248252,21
28194,99087,22
28194,17132,23
28194,172981,24
28194,207408,25
28218,253001,1
28218,202621,2
28218,253002,3
28218,253003,4
28218,65943,5
28218,253004,6
28218,253005,7
28218,62918,8
28218,33073,9
28218,163038,10
28218,208145,11
28218,36004,12
28218,1435,13
28218,195722,14
28218,126302,15
28218,4530,16
28218,149770,17
28218,49454,18
28218,253006,19
28218,43325,20
28218,67719,21
28218,144507,22
28218,29509,23
28218,253007,24
28218,253008,25
28252,253312,1
28252,253313,2
28252,253314,3
28252,191200,4
28252,253315,5
28252,166478,6
28252,130675,7
28252,253316,8
28252,253317,9
28252,253318,10
28252,211714,11
28252,253319,12
28252,253320,13
28252,94365,14
28290,253606,1
28290,253607,2
28290,253608,3
28290,253609,4
28290,253610,5
28290,253611,6
28290,253612,7
28290,253613,8
28290,253614,9
28290,253615,10
28290,253616,11
28290,157409,12
28290,253617,13
28290,253618,14
28290,253619,15
28290,253620,16
28290,253621,17
28290,253622,18
28290,253623,19
28290,192095,20
28290,253624,21
28290,253625,22
28461,188182,1
28461,254809,2
28461,254810,3
28461,194773,4
28461,119507,5
28461,252746,6
28461,37622,7
28461,254811,8
28461,254812,9
28461,59481,10
28461,254813,11
28461,254814,12
28461,254815,13
28461,244753,14
28461,254816,15
28461,254817,16
28461,254818,17
28461,247625,18
28461,86,19
28461,211956,20
28461,191439,21
28461,254819,22
28724,256615,1
28724,256616,2
28724,256617,3
28724,256618,4
28724,256619,5
28724,256620,6
28724,58854,7
28724,256621,8
28724,256622,9
28724,256623,10
28724,256624,11
28724,256625,12
28724,256626,13
28724,256627,14
28724,256628,15
28724,256629,16
28724,256630,17
28724,256631,18
28724,256632,19
28724,256633,20
28724,256634,21
28724,256635,22
28745,256885,1
28745,256942,2
28745,256943,3
28745,256944,4
28745,256945,5
28745,256946,6
28745,256947,7
28745,256948,8
28745,256949,9
28745,256950,10
28745,256951,11
28745,256952,12
28745,256953,13
28745,205875,14
28745,256954,15
28745,256955,16
28745,256956,17
28745,256957,18
28787,257290,1
28787,257291,2
28787,257292,3
28787,257293,4
28787,257294,5
28787,178109,6
28787,67893,7
28787,257295,8
28787,26759,9
28787,193797,10
28787,257296,11
28787,93353,12
28787,257297,13
28787,257298,14
28787,257299,15
28787,257300,16
28787,26773,17
28787,257301,18
28787,257302,19
28787,257303,20
28787,257304,21
28787,67692,22
28787,257305,23
28787,169541,24
28787,257306,25
28787,257307,26
28787,257308,27
28787,149884,28
28787,257309,29
28787,169408,30
29027,54393,1
29027,258975,2
29027,153283,3
29027,258976,4
29027,258977,5
29027,258978,6
29027,38214,7
29027,258979,8
29027,258980,9
29027,258981,10
29027,258982,11
29027,38264,12
29027,258983,13
29027,258984,14
29027,258985,15
29027,258986,16
29027,258987,17
29030,90837,1
29030,181129,2
29030,183514,3
29030,157527,4
29030,258999,5
29030,259000,6
29030,259001,7
29030,259002,8
29030,181002,9
29046,186209,1
29046,259142,2
29046,259143,3
29046,259144,4
29046,259145,5
29046,259146,6
29046,259147,7
29046,181677,8
29046,259148,9
29046,259149,10
29046,93589,11
29046,47582,12
29046,259150,13
29046,100231,14
29046,96231,15
29074,593,1
29074,189383,2
29074,155048,3
29074,259329,4
29074,259330,5
29074,94023,6
29074,158696,7
29074,259331,8
29074,92386,9
29074,259332,10
29074,259333,11
29074,259334,12
29074,259335,13
29074,259336,14
29074,259337,15
29074,92895,16
29174,259902,1
29174,49398,2
29174,26221,3
29174,109804,4
29174,109805,5
29174,109806,6
29174,109807,7
29174,25790,8
29174,37198,9
29174,99035,10
29174,45488,11
29174,32978,12
29174,73474,13
29174,259903,14
29174,112481,15
29174,259904,16
29174,259905,17
29174,129665,18
29174,166122,19
29174,33077,20
29280,233266,1
29280,58822,2
29280,260635,3
29280,260636,4
29280,42705,5
29280,260637,6
29280,26991,7
29280,15357,8
29280,69179,9
29280,260638,10
29280,17127,11
29280,260639,12
29280,244642,13
29280,19226,14
29280,260640,15
29280,260641,16
29280,260642,17
29280,34129,18
29280,260643,19
29280,57160,20
29280,260644,21
29280,95022,22
29280,260645,23
29280,260646,24
29280,260647,25
29280,120759,26
29333,7856,1
29333,261068,2
29333,198857,3
29333,261069,4
29333,261070,5
29333,144191,6
29333,261071,7
29333,7910,8
29333,252491,9
29333,261072,10
29333,13255,11
29333,261073,12
29333,261074,13
29333,261075,14
29333,261076,15
29409,261696,1
29409,165542,2
29409,114666,3
29409,220057,4
29409,91104,5
29409,261697,6
29409,261698,7
29409,261699,8
29409,177606,9
29409,163003,10
29409,261700,11
29409,65608,12
29409,261701,13
29409,261702,14
29409,43653,15
29409,185692,16
29409,261703,17
29437,261959,1
29437,82203,2
29437,261960,3
29437,261447,4
29437,8785,5
29437,84269,6
29437,261961,7
29437,9320,8
29437,261962,9
29437,261963,10
29437,195821,11
29437,233518,12
29437,261964,13
29437,143677,14
29437,6349,15
29437,196766,16
29437,171730,17
29437,261703,18
29437,261965,19
29437,242239,20
29437,258858,21
29437,260378,22
29437,196765,23
29437,194970,24
29437,19867,25
29437,261966,26
29463,262122,1
29463,262123,2
29463,96362,3
29463,45334,4
29463,190520,5
29463,140832,6
29463,158782,7
29463,54418,8
29463,262124,9
29463,262125,10
29463,124792,11
29463,262126,12
29694,264783,1
29694,264784,2
29694,264785,3
29694,28332,4
29694,192648,5
29694,264786,6
29694,264787,7
29694,228156,8
29694,264788,9
29694,115824,10
29694,43508,11
29694,260105,12
29694,264789,13
29730,77164,1
29730,86285,2
29730,264985,3
29730,137415,4
29730,264986,5
29730,264987,6
29730,107827,7
29730,4657,8
29730,102252,9
29730,264988,10
29885,155887,1
29885,84300,2
29885,266187,3
29885,227036,4
29885,266188,5
29885,54065,6
29885,95892,7
29885,95500,8
29885,57438,9
29885,163003,10
29885,91096,11
29885,266189,12
29885,203224,13
29885,266190,14
29885,266191,15
29885,226664,16
29885,61888,17
29885,266192,18
29885,83555,19
29885,14423,20
29885,215092,21
29885,12433,22
29988,21397,1
29988,266902,2
29988,165405,3
29988,194171,4
29988,198671,5
29988,266903,6
29988,246634,7
29988,266904,8
29988,266905,9
29988,266906,10
29988,173425,11
29988,266907,12
30011,84093,1
30011,267138,2
30011,28815,3
30011,267139,4
30011,86371,5
30011,267140,6
30011,267141,7
30011,267142,8
30011,76713,9
30011,267143,10
30011,72371,11
30011,267144,12
30011,267145,13
30011,267146,14
30011,267147,15
30011,30445,16
30011,267148,17
30011,267149,18
30011,164295,19
30011,54156,20
30011,267150,21
30011,267151,22
30111,267856,1
30111,267857,2
30111,96671,3
30111,187375,4
30111,199951,5
30111,267858,6
30111,267859,7
30111,267860,8
30111,32679,9
30111,267861,10
30111,139297,11
30111,155184,12
30111,267862,13
30111,17058,14
30111,267863,15
30181,263950,1
30181,263951,2
30181,263952,3
30181,263953,4
30181,112666,5
30181,263954,6
30181,141438,7
30181,263955,8
30181,184901,9
30181,263956,10
30181,244118,11
30181,263957,12
30181,263958,13
30181,223559,14
30181,97975,15
30219,91825,1
30219,264241,2
30219,264242,3
30219,168662,4
30219,264243,5
30219,99936,6
30219,179456,7
30219,112797,8
30219,112847,9
30219,91750,10
30219,44009,11
30219,264244,12
30219,264245,13
30219,152649,14
30219,168756,15
30279,278256,1
30279,32493,2
30279,238893,3
30279,278257,4
30279,62779,5
30279,278258,6
30279,278259,7
30279,278260,8
30279,21705,9
30279,278261,10
30279,58551,11
30279,278262,12
30279,204125,13
30279,16631,14
30279,99394,15
30279,278263,16
30279,11246,17
30279,278264,18
30279,173385,19
30279,278265,20
30279,278266,21
30279,278267,22
30279,278268,23
30279,262327,24
30279,166626,25
30279,11261,26
30279,278269,27
30279,278270,28
30279,278271,29
30279,59223,30
30279,278272,31
30279,278273,32
30279,21716,33
30316,73988,1
30316,277918,2
30316,277919,3
30316,277920,4
30316,13599,5
30316,277921,6
30316,277922,7
30316,22661,8
30316,69534,9
30316,143743,10
30316,277923,11
30316,148369,12
30316,277924,13
30316,277925,14
30316,73993,15
30316,277926,16
30316,277927,17
30316,277928,18
30316,229543,19
30316,277929,20
30316,31566,21
30316,277930,22
30316,113130,23
30316,277931,24
30316,277932,25
30316,149456,26
30316,277933,27
30316,111174,28
30316,277934,29
30316,277935,30
30316,277936,31
30316,277937,32
30316,277938,33
30357,32892,1
30357,11669,2
30357,16118,3
30357,43707,4
30357,277273,5
30357,33249,6
30357,276653,7
30357,16584,8
30357,25236,9
30357,276652,10
30357,115416,11
30357,94965,12
30357,76671,13
30357,277274,14
30357,162108,15
30357,277275,16
30357,277276,17
30357,277277,18
30357,260145,19
30357,198460,20
30357,33232,21
30357,255794,22
30357,33243,23
30357,277278,24
30357,277279,25
30357,277303,26
30357,190979,27
30357,20957,28
30357,277304,29
30357,99487,30
30363,277161,1
30363,110286,2
30363,277162,3
30363,261893,4
30363,277163,5
30363,277164,6
30363,112151,7
30363,277165,8
30363,277166,9
30363,93883,10
30363,112346,11
30363,110303,12
30363,6939,13
30363,277167,14
30363,277168,15
30363,277169,16
30363,277170,17
30363,277171,18
30363,277172,19
30445,268713,1
30445,268714,2
30445,268715,3
30445,268716,4
30445,268717,5
30445,268718,6
30445,268719,7
30445,268720,8
30445,112516,9
30445,268721,10
30445,268722,11
30445,176542,12
30445,268723,13
30445,268724,14
30445,268725,15
30445,268726,16
30445,268727,17
30445,268728,18
30445,268729,19
30445,268730,20
30445,268731,21
30445,268732,22
30445,221785,23
30445,268733,24
30445,268734,25
30498,202910,1
30498,269562,2
30498,269563,3
30498,269564,4
30498,269565,5
30498,269566,6
30498,269567,7
30498,269568,8
30498,269569,9
30498,269570,10
30498,269571,11
30498,200395,12
30498,269572,13
30498,269573,14
30498,269574,15
30498,269575,16
30498,269576,17
30498,269577,18
30498,269578,19
30498,269579,20
30498,103107,21
30498,269580,22
30498,269581,23
30498,269582,24
30498,269583,25
30498,269584,26
30508,64967,1
30508,35756,2
30508,269672,3
30508,122662,4
30508,269673,5
30508,180208,6
30508,94876,7
30508,62048,8
30508,269674,9
30508,10917,10
30508,269675,11
30574,216368,1
30574,270091,2
30574,270092,3
30574,270093,4
30574,270094,5
30574,139470,6
30574,255041,7
30574,270096,8
30574,165350,9
30574,270097,10
30574,270098,11
30574,56099,12
30574,270099,13
30574,270100,14
30574,270101,15
30574,270102,16
30574,270103,17
30574,270104,18
30581,270146,1
30581,270147,2
30581,270148,3
30581,174419,4
30581,173451,5
30581,270149,6
30581,270150,7
30581,270151,8
30581,270124,9
30581,270152,10
30581,270153,11
30581,14668,12
30581,90172,13
30581,169575,14
30581,111580,15
30711,190402,1
30711,190403,2
30711,190404,3
30711,190405,4
30711,190406,5
30711,190407,6
30711,190408,7
30711,190409,8
30711,190410,9
30711,190411,10
30711,190412,11
30775,198493,1
30775,272334,2
30775,29703,3
30775,272335,4
30775,260268,5
30775,272336,6
30775,241714,7
30775,46820,8
30775,21817,9
30775,73554,10
30775,123033,11
30775,43701,12
30775,118937,13
30775,272337,14
30775,272338,15
30775,272339,16
30775,100103,17
30775,272340,18
30775,272341,19
30775,272342,20
30775,272343,21
30775,58525,22
30775,272344,23
30775,221549,24
30940,273747,1
30940,273748,2
30940,273749,3
30940,273750,4
30940,273751,5
30940,273752,6
30940,138213,7
30940,273753,8
30940,273754,9
30940,273755,10
30940,273756,11
30960,89843,1
30960,21720,2
30960,120615,3
30960,49762,4
30960,106098,5
30960,160394,6
30960,235898,7
30960,111403,8
30960,254870,9
30960,49736,10
30960,88169,11
30960,116643,12
30960,182571,13
30960,273910,14
30960,56659,15
30960,273911,16
30960,11918,17
31106,274825,1
31106,17655,2
31106,274826,3
31106,274827,4
31106,274828,5
31106,274829,6
31106,274830,7
31106,32947,8
31106,274831,9
31106,274832,10
31106,274833,11
31106,274834,12
31106,274835,13
31106,58884,14
31106,274836,15
31106,24320,16
31106,190993,17
31106,24324,18
31106,159929,19
31106,17526,20
31106,274837,21
31106,274838,22
31106,274839,23
31106,274840,24
31106,159921,25
31106,274841,26
31106,274842,27
31106,274843,28
31106,56433,29
31106,124515,30
31106,274844,31
31106,274845,32
31132,29798,1
31132,107313,2
31132,274974,3
31132,64782,4
31132,274975,5
31132,274976,6
31132,52331,7
31132,274977,8
31132,274978,9
31132,275003,10
31132,72578,11
31132,275004,12
31132,275005,13
31132,37331,14
31132,78482,15
31132,275006,16
31132,275007,17
31132,95536,18
31132,275008,19
31132,275009,20
31132,157942,21
31132,164820,22
31183,165025,1
31183,34453,2
31183,109168,3
31183,275392,4
31183,13279,5
31183,119883,6
31183,41540,7
31183,147667,8
31183,107793,9
31183,264942,10
31183,275393,11
31183,141299,12
31183,100705,13
31183,28324,14
31183,7800,15
31183,25781,16
31183,63140,17
31183,47475,18
31183,52911,19
31183,6381,20
31237,275756,1
31237,275757,2
31237,275758,3
31237,275759,4
31237,275760,5
31237,275761,6
31237,275762,7
31237,275763,8
31237,275764,9
31237,275765,10
31237,275766,11
31237,275767,12
31237,65532,13
31237,275768,14
31237,194544,15
31237,89971,16
31237,275770,17
31237,275771,18
31237,275772,19
31298,1179,1
31298,147011,2
31298,76820,3
31298,1291,4
31298,76818,5
31298,76815,6
31298,271843,7
31298,43668,8
31298,271844,9
31298,217958,10
31298,25286,11
31298,2144,12
31298,228458,13
31298,271846,14
31299,271796,1
31299,92840,2
31299,271797,3
31299,271798,4
31299,271799,5
31299,271800,6
31299,138970,7
31299,21511,8
31299,35100,9
31299,271801,10
31299,98619,11
31299,150908,12
31299,14889,13
31316,69757,1
31316,62068,2
31316,197192,3
31316,276257,4
31316,19744,5
31316,132965,6
31316,60879,7
31316,276258,8
31316,19711,9
31316,224784,10
31316,276259,11
31316,85624,12
31316,241223,13
31316,110868,14
31316,51853,15
31316,271763,16
31316,27243,17
31316,19770,18
31316,224906,19
31316,66583,20
31316,160373,21
31316,276260,22
31316,19772,23
31464,233418,1
31464,278990,2
31464,278991,3
31464,195098,4
31464,236031,5
31464,115872,6
31464,236032,7
31464,278992,8
31464,274965,9
31464,236021,10
31464,143592,11
31464,30634,12
31464,85105,13
31464,149220,14
31464,50156,15
31464,183008,16
31464,278993,17
31464,196142,18
31464,183009,19
31464,183007,20
31464,183006,21
31464,196533,22
31464,278994,23
31464,278995,24
31464,278996,25
31464,278997,26
31464,278998,27
31464,278999,28
31464,9204,29
31464,74743,30
31568,278101,1
31568,88008,2
31568,165061,3
31568,122985,4
31568,24890,5
31568,279653,6
31568,279654,7
31568,279655,8
31568,12739,9
31568,30246,10
31568,279656,11
31568,17185,12
31568,123251,13
31568,259279,14
31568,278814,15
31568,272937,16
31568,200098,17
31568,279657,18
31627,280096,1
31627,129004,2
31627,280097,3
31627,159321,4
31627,48613,5
31627,280098,6
31627,71939,7
31627,68581,8
31627,280099,9
31627,280100,10
31715,280756,1
31715,236119,2
31715,280757,3
31715,152846,4
31715,280758,5
31715,280759,6
31715,280760,7
31715,280761,8
31774,281146,1
31774,281147,2
31774,155787,3
31774,71988,4
31774,281148,5
31774,281149,6
31774,281150,7
31774,281151,8
31774,281152,9
31774,281153,10
31774,281154,11
31774,113340,12
31774,263296,13
31774,281155,14
31774,281156,15
32094,283292,1
32094,36023,2
32094,283293,3
32094,148594,4
32094,283294,5
32094,283295,6
32094,283296,7
32094,283297,8
32094,283298,9
32094,283299,10
32094,283300,11
32094,169113,12
32094,223382,13
32094,283301,14
32094,169104,15
32094,283302,16
32094,266741,17
32113,283419,1
32113,283420,2
32113,283421,3
32113,21500,4
32113,283422,5
32113,283423,6
32113,283424,7
32113,59248,8
32113,143001,9
32113,112794,10
32113,167847,11
32113,283425,12
32113,272355,13
32113,283426,14
32113,283427,15
32113,283428,16
32113,283429,17
32113,283430,18
32113,73555,19
32156,117257,1
32156,283710,2
32156,283711,3
32156,41160,4
32156,283712,5
32156,283713,6
32156,283714,7
32156,194254,8
32156,181699,9
32156,232670,10
32156,222636,11
32156,283715,12
32156,104293,13
32156,283716,14
32156,283717,15
32156,183519,16
32156,92425,17
32156,283718,18
32156,199200,19
32156,155482,20
32156,104362,21
32272,168640,1
32272,285163,2
32272,285164,3
32272,285165,4
32272,23274,5
32272,244118,6
32272,168777,7
32272,171075,8
32272,285166,9
32272,42539,10
32272,224578,11
32272,285167,12
32412,286136,1
32412,32587,2
32412,286137,3
32412,286138,4
32412,286139,5
32412,286140,6
32412,274446,7
32412,125595,8
32412,11194,9
32412,183670,10
32412,286141,11
32412,286142,12
32412,285902,13
32412,59603,14
32412,4698,15
32412,29238,16
32412,285908,17
32412,286143,18
32412,183307,19
32428,72031,1
32428,286258,2
32428,286259,3
32428,82512,4
32428,286260,5
32428,286261,6
32428,247343,7
32428,286262,8
32428,46529,9
32428,286263,10
32428,286264,11
32428,177660,12
32428,286265,13
32446,286393,1
32446,286394,2
32446,107096,3
32446,286395,4
32446,285655,5
32446,103446,6
32446,252440,7
32446,286396,8
32446,64752,9
32446,286397,10
32446,286398,11
32446,286399,12
32446,286400,13
32446,188568,14
32446,114451,15
32446,286401,16
32446,286402,17
32446,35773,18
32446,66817,19
32446,31087,20
32446,286403,21
32446,31083,22
32446,8799,23
32446,37757,24
32446,16357,25
32446,58813,26
32446,107720,27
32446,39852,28
32446,145448,29
32446,286404,30
32446,136407,31
32446,286405,32
32446,286406,33
32446,207495,34
32446,286407,35
32450,123098,1
32450,286422,2
32450,207162,3
32450,58261,4
32450,124625,5
32450,286423,6
32450,43654,7
32450,2767,8
32450,1412,9
32450,94889,10
32463,145314,1
32463,286495,2
32463,238587,3
32463,53096,4
32463,286496,5
32463,286497,6
32463,286498,7
32463,286499,8
32463,78414,9
32463,194813,10
32463,146549,11
32463,286500,12
32463,64691,13
32463,111969,14
32463,286501,15
32479,286598,1
32479,286599,2
32479,286600,3
32479,286601,4
32479,272081,5
32479,286602,6
32479,187725,7
32479,286603,8
32479,286604,9
32479,92014,10
32479,188667,11
32479,286605,12
32479,212763,13
32479,286606,14
32479,286607,15
32479,100303,16
32479,286608,17
32479,286609,18
32479,286610,19
32479,286611,20
32576,88142,1
32576,140257,2
32576,246435,3
32576,114399,4
32576,287325,5
32576,113627,6
32576,94594,7
32576,287326,8
32576,287327,9
32576,287328,10
32576,90013,11
32576,287329,12
32576,287330,13
32576,287331,14
32576,287332,15
32576,287333,16
32576,78409,17
32576,95992,18
32576,95541,19
32576,51359,20
32576,287334,21
32576,162648,22
32579,287339,1
32579,287339,2
32579,287341,3
32579,287342,4
32579,287343,5
32579,287344,6
32579,4672,7
32579,82968,8
32579,277289,9
32579,287345,10
32579,59792,11
32579,72359,12
32579,287346,13
32579,287347,14
32579,1743,15
32579,287348,16
32579,287349,17
32579,287350,18
32579,287351,19
32579,253716,20
32579,287352,21
32579,287353,22
32579,287354,23
32579,287355,24
32579,287356,25
32579,287357,26
32579,287358,27
32579,69405,28
32579,39796,29
32579,137861,30
32579,173304,31
32579,67058,32
32579,128699,33
32579,11982,34
32579,287359,35
32579,387,36
32579,2115,37
32579,65427,38
32579,287361,39
32579,69886,40
32579,23723,41
32579,287362,42
32639,30848,1
32639,23104,2
32639,52228,3
32639,194712,4
32639,237036,5
32639,10716,6
32639,9563,7
32639,284721,8
32639,284722,9
32639,71837,10
32639,30840,11
32639,39063,12
32639,148842,13
32639,284723,14
32651,40233,1
32651,284817,2
32651,284818,3
32651,284819,4
32651,228021,5
32651,284820,6
32651,284821,7
32651,65508,8
32651,72972,9
32651,284822,10
32651,59422,11
32651,181734,12
32651,284823,13
32651,90375,14
32651,284824,15
32651,284825,16
32651,284826,17
32651,36692,18
32651,284827,19
32651,10303,20
32651,107085,21
32769,259026,1
32769,167898,2
32769,160626,3
32769,204889,4
32769,288102,5
32769,262779,6
32769,58116,7
32769,288103,8
32769,136976,9
32852,29659,1
32852,11715,2
32852,88326,3
32852,89421,4
32852,88318,5
32852,88500,6
32852,296819,7
32852,88323,8
32852,233637,9
32852,88320,10
32852,24527,11
32852,88333,12
32852,296820,13
32852,88319,14
32852,166323,15
32852,88321,16
32852,88510,17
32852,24531,18
32852,21258,19
32852,88315,20
32852,88314,21
32852,88317,22
32852,296821,23
32852,296822,24
32852,34729,25
32852,61098,26
32852,88332,27
32852,138481,28
32852,24533,29
32852,170779,30
32991,289587,1
32991,289588,2
32991,289589,3
32991,289590,4
32991,289591,5
32991,289592,6
32991,289593,7
32991,289594,8
32991,289595,9
32991,289596,10
33019,289794,1
33019,289795,2
33019,289796,3
33019,289797,4
33019,289798,5
33019,289799,6
33019,289800,7
33019,289801,8
33019,289802,9
33019,289803,10
33019,289804,11
33019,289805,12
33019,289806,13
33019,225072,14
33019,289807,15
33019,289808,16
33019,289809,17
33019,289810,18
33019,289811,19
33019,289812,20
33019,289813,21
33019,289814,22
33019,230356,23
33019,289815,24
33019,184234,25
33019,289816,26
33019,289817,27
33418,292823,1
33418,292824,2
33418,52330,3
33418,292825,4
33418,292826,5
33418,191176,6
33418,24971,7
33418,292827,8
33418,292828,9
33418,235898,10
33418,272072,11
33418,292829,12
33418,43593,13
33699,295488,1
33699,295489,2
33699,295490,3
33699,288937,4
33699,269074,5
33699,295491,6
33699,295492,7
33699,295493,8
33699,295494,9
33699,295495,10
33699,295496,11
33699,295497,12
33699,295498,13
33699,295499,14
33699,295500,15
33699,295501,16
33699,295502,17
33699,295503,18
33699,295504,19
33699,295505,20
33699,295506,21
33699,294836,22
33699,295507,23
33699,79006,24
33699,295508,25
33699,295509,26
33699,295510,27
33699,295511,28
33699,295512,29
33699,295513,30
33725,6483,1
33725,8605,2
33725,13133,3
33725,16209,4
33725,295671,5
33725,285032,6
33725,41752,7
33725,254362,8
33725,25174,9
33725,244154,10
33725,295672,11
33725,295673,12
33725,41755,13
33725,55035,14
33725,295674,15
33725,295675,16
33739,295807,1
33739,295808,2
33739,295809,3
33739,269217,4
33739,295810,5
33739,295769,6
33739,295811,7
33739,295812,8
33739,96438,9
33739,295813,10
33739,295814,11
33739,295815,12
33739,295816,13
33739,295817,14
33739,295818,15
33739,295819,16
33739,295519,17
33739,295820,18
33739,295821,19
33739,295822,20
33741,295831,1
33741,208789,2
33741,295832,3
33741,126170,4
33741,295833,5
33741,255498,6
33741,295834,7
33741,295835,8
33741,295836,9
33741,295837,10
33741,295838,11
33741,295839,12
33741,170674,13
33741,295840,14
33741,295841,15
33741,295468,16
33741,295842,17
33741,295843,18
33741,295844,19
33741,295845,20
33741,295846,21
33767,296181,1
33767,296182,2
33767,296183,3
33767,296184,4
33767,296185,5
33767,296186,6
33767,296187,7
33767,296188,8
33767,296189,9
33767,296190,10
33767,296191,11
33767,296192,12
33767,296193,13
33767,296194,14
33809,296608,1
33809,296609,2
33809,296610,3
33809,88717,4
33809,296611,5
33809,296612,6
33809,296613,7
33809,296614,8
33809,296615,9
33809,296616,10
33809,41193,11
33809,296617,12
33809,296618,13
33809,31656,14
33809,296619,15
33809,296620,16
33826,296706,1
33826,296707,2
33826,296708,3
33826,296709,4
33826,296710,5
33826,296711,6
33826,296704,7
33826,296712,8
33826,296713,9
33826,296714,10
33826,208864,11
33826,296715,12
33826,296716,13
33826,285040,14
33826,296717,15
33826,296718,16
33826,296719,17
34103,225329,1
34103,298708,2
34103,34832,3
34103,298709,4
34103,298710,5
34103,298711,6
34103,298712,7
34103,198728,8
34103,29395,9
34197,110215,1
34197,287768,2
34197,298343,3
34197,202220,4
34197,128998,5
34197,2278,6
34197,299422,7
34197,203607,8
34197,203608,9
34197,35870,10
34197,69887,11
34197,69887,12
34197,5235,13
34197,15516,14
34197,299424,15
34197,282821,16
34197,16521,17
34197,299357,18
34197,299425,19
34200,202709,1
34200,299437,2
34200,47246,3
34200,47245,4
34200,299438,5
34200,299439,6
34200,299440,7
34200,213208,8
34200,299441,9
34200,299442,10
34200,299443,11
34200,101956,12
34200,44871,13
34200,236185,14
34266,208973,1
34266,299902,2
34266,299903,3
34266,299904,4
34266,299905,5
34266,254723,6
34266,299906,7
34266,285508,8
34266,6232,9
34266,150017,10
34266,299907,11
34266,85694,12
34266,296416,13
34266,261574,14
34266,299908,15
34266,61999,16
34266,299909,17
34266,299910,18
34266,106659,19
34266,102811,20
34266,299911,21
34266,137293,22
34341,300395,1
34341,300396,2
34341,300397,3
34341,300398,4
34341,300399,5
34341,33047,6
34341,198140,7
34341,300400,8
34341,201313,9
34341,300401,10
34376,300619,1
34376,300620,2
34376,86010,3
34376,197356,4
34376,113013,5
34376,300621,6
34376,134348,7
34376,262547,8
34376,239656,9
34376,218996,10
34376,300622,11
34376,129703,12
34382,68843,1
34382,202713,2
34382,8066,3
34382,202941,4
34382,300648,5
34382,300649,6
34382,10018,7
34382,134227,8
34382,300650,9
34382,300651,10
34421,300840,1
34421,141841,2
34421,41651,3
34421,11142,4
34421,300841,5
34421,300842,6
34421,16263,7
34421,300843,8
34421,9574,9
34421,109960,10
34421,15274,11
34421,119418,12
34421,300844,13
34696,5612,1
34696,16490,2
34696,62603,3
34696,202876,4
34696,15913,5
34696,9694,6
34696,62867,7
34696,95360,8
34696,302326,9
34696,302327,10
34696,62606,11
34696,57887,12
34696,104486,13
34696,302328,14
34696,62602,15
34696,203907,16
34696,302329,17
34747,258542,1
34747,302589,2
34747,256183,3
34747,61558,4
34747,92156,5
34747,76351,6
34747,24892,7
34747,26458,8
34747,6885,9
34747,302590,10
34747,113365,11
34838,210339,1
34838,86409,2
34838,303268,3
34838,33739,4
34838,117331,5
34838,303269,6
34838,113076,7
34838,134177,8
34838,134175,9
34838,9409,10
34838,303270,11
34838,260249,12
34838,303271,13
34838,303272,14
34838,298704,15
34838,303273,16
34838,201714,17
34838,68914,18
34838,34358,19
34838,303274,20
34838,27925,21
34838,300526,22
34838,63497,23
34881,81520,1
34881,161309,2
34881,239476,3
34881,303509,4
34881,52796,5
34881,7859,6
34881,8937,7
34881,8591,8
34881,8568,9
34881,303510,10
34881,83804,11
34881,265783,12
34881,187836,13
34881,233516,14
34881,303511,15
34881,230812,16
34881,133351,17
34881,8557,18
34881,303512,19
34881,119998,20
34881,303513,21
34881,303514,22
34881,136602,23
34881,187181,24
34881,303515,25
34911,303736,1
34911,303737,2
34911,303738,3
34911,303739,4
34911,121774,5
34911,303740,6
34911,303741,7
34911,303742,8
34911,15447,9
34911,303743,10
34911,248889,11
34911,121457,12
34911,197182,13
34911,106193,14
34911,303744,15
34911,303745,16
34911,5825,17
34911,7083,18
34956,304122,1
34956,300734,2
34956,304139,3
34956,304140,4
34956,304141,5
34956,304142,6
34956,304143,7
34956,304144,8
34956,304145,9
34956,304146,10
34956,304147,11
34956,190946,12
34956,304148,13
34956,304149,14
34956,304150,15
34956,304151,16
34983,304415,1
34983,304416,2
34983,304417,3
34983,304418,4
34983,304419,5
34983,179766,6
34983,304420,7
34983,304421,8
34983,31660,9
34983,170721,10
35032,56993,1
35032,304692,2
35032,304693,3
35032,194212,4
35032,260333,5
35032,304695,6
35032,304696,7
35032,304697,8
35032,304698,9
35032,304699,10
35032,93336,11
35037,81946,1
35037,99770,2
35037,93157,3
35037,304729,4
35037,304730,5
35037,28415,6
35037,118093,7
35037,304731,8
35037,134367,9
35037,101938,10
35037,266471,11
35037,274750,12
35188,56029,1
35188,50203,2
35188,305584,3
35188,11751,4
35188,25643,5
35188,305585,6
35188,200654,7
35188,305586,8
35188,122176,9
35188,17305,10
35188,148401,11
35188,13892,12
35253,306048,1
35253,306049,2
35253,306050,3
35253,306051,4
35253,306052,5
35253,306053,6
35253,306054,7
35253,216381,8
35253,306055,9
35253,306056,10
35253,306057,11
35253,306058,12
35253,306059,13
35253,306060,14
35253,306061,15
35253,306062,16
35253,194932,17
35253,306063,18
35253,306064,19
35253,306065,20
35253,97663,21
35253,17917,22
35253,302902,23
35253,306066,24
35315,2626,1
35315,306513,2
35315,306514,3
35315,306515,4
35315,306516,5
35315,306517,6
35315,306518,7
35315,306519,8
35315,252509,9
35315,306520,10
35315,124458,11
35315,304551,12
35318,306529,1
35318,306530,2
35318,219030,3
35318,306531,4
35318,306532,5
35318,306533,6
35318,103998,7
35318,86110,8
35318,306534,9
35318,297040,10
35318,105943,11
35318,23121,12
35318,306535,13
35323,297779,1
35323,297780,2
35323,102935,3
35323,15243,4
35323,169440,5
35323,189444,6
35323,177220,7
35323,297781,8
35323,297782,9
35323,107353,10
35323,297783,11
35323,297784,12
35323,169807,13
35323,5351,14
35323,89369,15
35323,297785,16
35323,40587,17
35323,297786,18
35323,297787,19
35323,297788,20
35323,11774,21
35323,102941,22
35323,297789,23
35323,9913,24
35323,297790,25
35323,297791,26
35323,208175,27
35323,263631,28
35323,297792,29
35323,297793,30
35323,136019,31
35323,297794,32
35323,297795,33
35323,306548,34
35323,291771,35
35371,85947,1
35371,306843,2
35371,85057,3
35371,306844,4
35371,306845,5
35371,195038,6
35371,235174,7
35371,306846,8
35371,306847,9
35371,306848,10
35371,306849,11
35371,106645,12
35371,28036,13
35371,36388,14
35371,306850,15
35371,272881,16
35371,39545,17
35371,46884,18
35371,78499,19
35371,100263,20
35371,306851,21
35371,306852,22
35382,56441,1
35382,38759,2
35382,44574,3
35382,17316,4
35382,306916,5
35382,151972,6
35382,287308,7
35382,54224,8
35382,306917,9
35382,91708,10
35382,306918,11
35382,43968,12
35382,151975,13
35382,306919,14
35382,306920,15
35382,306921,16
35570,114192,1
35570,106106,2
35570,29030,3
35570,111017,4
35570,39622,5
35570,164539,6
35570,308178,7
35570,287060,8
35570,308179,9
35570,152319,10
35570,81214,11
35570,81216,12
35570,308180,13
35570,308181,14
35570,308182,15
35570,258004,16
35570,109397,17
35599,319357,1
35599,319358,2
35599,319359,3
35599,30679,4
35599,319360,5
35599,319361,6
35599,83713,7
35599,319362,8
35599,319363,9
35599,319364,10
35599,319365,11
35599,319366,12
35599,108,13
35656,318990,1
35656,91020,2
35656,318991,3
35656,318992,4
35656,102284,5
35656,318993,6
35656,42008,7
35656,102550,8
35656,144044,9
35656,149403,10
35656,318483,11
35656,318994,12
35762,308903,1
35762,308904,2
35762,308905,3
35762,147506,4
35762,308906,5
35762,171630,6
35762,247936,7
35762,258862,8
35762,308907,9
35762,64470,10
35762,308908,11
35762,211946,12
35762,104408,13
35762,308909,14
35762,116810,15
35762,116813,16
35762,211779,17
35762,308910,18
35762,26400,19
35762,308911,20
35762,308912,21
35762,103318,22
35762,308913,23
35762,105181,24
35762,78416,25
35762,308914,26
35762,308915,27
35770,308950,1
35770,107763,2
35770,49995,3
35770,131572,4
35770,308951,5
35770,308952,6
35770,308953,7
35770,308954,8
35770,197158,9
35770,38435,10
35770,308955,11
35770,308956,12
35770,46019,13
35770,56903,14
35770,160269,15
35770,164387,16
35770,276101,17
35770,286516,18
35770,308957,19
35770,60129,20
35770,178754,21
35770,160414,22
35770,229729,23
35770,46741,24
35792,309133,1
35792,309134,2
35792,309135,3
35792,309136,4
35792,309137,5
35792,309138,6
35792,309139,7
35792,309140,8
35792,309141,9
35792,309142,10
35792,309143,11
35792,309144,12
35792,309145,13
35912,94175,1
35912,104157,2
35912,309898,3
35912,53283,4
35912,85997,5
35912,102829,6
35912,103180,7
35912,16911,8
35912,72156,9
35912,49041,10
35912,30501,11
35912,309899,12
35954,310088,1
35954,310089,2
35954,310090,3
35954,310091,4
35954,94849,5
35954,76460,6
35954,310092,7
35954,114695,8
35954,310093,9
35954,190523,10
35954,310094,11
35954,63689,12
35954,310095,13
35995,310381,1
35995,310382,2
35995,29903,3
35995,310383,4
35995,310384,5
35995,113155,6
35995,14259,7
35995,114161,8
35995,49752,9
35995,310385,10
35995,70843,11
35995,85361,12
35995,310386,13
35995,310387,14
36026,310569,1
36026,310570,2
36026,310571,3
36026,57017,4
36026,310572,5
36026,226276,6
36026,310573,7
36026,310574,8
36026,310575,9
36026,111532,10
36026,310576,11
36026,310577,12
36026,310578,13
36026,310579,14
36026,310580,15
36026,52895,16
36026,310581,17
36026,310582,18
36026,162909,19
36026,310583,20
36026,310584,21
36026,310585,22
36026,166821,23
36026,310586,24
36026,310587,25
36026,310588,26
36074,8265,1
36074,134761,2
36074,310956,3
36074,310957,4
36074,310958,5
36074,310959,6
36074,142710,7
36074,310960,8
36074,310961,9
36074,310962,10
36074,310963,11
36074,310964,12
36074,310965,13
36074,310966,14
36074,310967,15
36074,310968,16
36074,310969,17
36074,310970,18
36074,25530,19
36142,115580,1
36142,311587,2
36142,122659,3
36142,311588,4
36142,311589,5
36142,95699,6
36142,311590,7
36142,311591,8
36142,6043,9
36142,311592,10
36142,311593,11
36142,311594,12
36204,38536,1
36204,69856,2
36204,128998,3
36204,75506,4
36204,10118,5
36204,312531,6
36204,312532,7
36204,113049,8
36204,312533,9
36281,313030,1
36281,313031,2
36281,313032,3
36281,159784,4
36281,313033,5
36281,31071,6
36281,313034,7
36281,313035,8
36281,19302,9
36281,313036,10
36281,313037,11
36281,110256,12
36281,313038,13
36281,35526,14
36281,313039,15
36281,160981,16
36281,313040,17
36281,201896,18
36281,313041,19
36281,313042,20
36281,313043,21
36281,313044,22
36322,8037,1
36322,313264,2
36322,151439,3
36322,313265,4
36322,142825,5
36322,313266,6
36322,313267,7
36322,313268,8
36322,313269,9
36322,33047,10
36322,187015,11
36322,38644,12
36329,99826,1
36329,313295,2
36329,313296,3
36329,313297,4
36329,42423,5
36329,164955,6
36329,313298,7
36329,313299,8
36329,313300,9
36329,313301,10
36329,160246,11
36329,313302,12
36329,21592,13
36329,313303,14
36329,126593,15
36329,177172,16
36329,138686,17
36329,313304,18
36329,313305,19
36329,313306,20
36329,31642,21
36329,313307,22
36329,313308,23
36329,313309,24
36329,313310,25
36329,313311,26
36329,313312,27
36329,134448,28
36329,313313,29
36329,313314,30
36329,313315,31
36619,136146,1
36619,279912,2
36619,314950,3
36619,314951,4
36619,314952,5
36619,125065,6
36619,16495,7
36619,197755,8
36619,1048,9
36619,223924,10
36619,46105,11
36708,34479,1
36708,315537,2
36708,315538,3
36708,315539,4
36708,315540,5
36708,315541,6
36708,315542,7
36708,315543,8
36708,315544,9
36722,5143,1
36722,40895,2
36722,60395,3
36722,315608,4
36722,26209,5
36722,314970,6
36722,5190,7
36722,99719,8
36722,171004,9
36722,306889,10
36722,169522,11
36722,315609,12
36722,41757,13
36745,213236,1
36745,58279,2
36745,23713,3
36745,104928,4
36745,27,5
36745,202714,6
36745,39630,7
36745,300757,8
36745,185519,9
36745,169880,10
36745,49,11
36745,315753,12
36745,36937,13
36745,641,14
36907,320943,1
36907,320944,2
36907,320945,3
36907,255033,4
36907,193757,5
36907,128293,6
36907,8431,7
36907,320947,8
36907,320948,9
36907,320949,10
36907,320950,11
36907,320951,12
36907,320952,13
36907,102015,14
36907,316208,15
36907,320953,16
36907,320954,17
36907,184507,18
36907,320955,19
36907,201070,20
36907,320956,21
36907,320957,22
36920,320886,1
36920,320887,2
36920,320888,3
36920,320889,4
36920,320890,5
36920,320891,6
36920,320892,7
36920,320893,8
36920,320894,9
36920,320895,10
36920,320896,11
36965,316857,1
36965,316858,2
36965,255859,3
36965,316859,4
36965,303222,5
36965,316860,6
36965,316861,7
36965,316862,8
36965,316863,9
36965,316864,10
36965,316865,11
36965,246609,12
36965,316866,13
36970,316900,1
36970,316901,2
36970,202864,3
36970,316902,4
36970,316903,5
36970,316904,6
36970,178008,7
36970,239433,8
36970,316905,9
36970,49462,10
36970,316906,11
36970,298427,12
36970,316907,13
36970,234411,14
36970,38337,15
36970,316908,16
36970,35501,17
36970,9590,18
36970,316909,19
36970,316910,20
36970,17377,21
36970,59013,22
37013,317294,1
37013,311234,2
37013,317295,3
37013,317296,4
37013,317297,5
37013,317298,6
37013,317299,7
37013,317300,8
37013,317301,9
37013,317302,10
37013,317303,11
37013,317304,12
37013,317305,13
37013,317306,14
37013,295664,15
37013,206119,16
37013,317307,17
37013,317308,18
37013,311230,19
37013,317309,20
37013,311360,21
37013,317310,22
37013,317311,23
37013,317312,24
37013,317313,25
37013,317314,26
37013,317315,27
37013,317316,28
37013,317317,29
37013,317318,30
37013,317319,31
37013,317320,32
37013,317321,33
37013,317322,34
37013,317323,35
37013,317324,36
37013,317325,37
37013,317326,38
37013,317327,39
37013,317328,40
37013,317329,41
37013,317330,42
37013,317331,43
37013,317332,44
37015,317336,1
37015,317337,2
37015,317338,3
37015,112471,4
37015,149196,5
37015,317339,6
37015,317340,7
37015,129739,8
37015,165735,9
37015,222893,10
37015,317341,11
37015,317342,12
37015,175207,13
37015,317343,14
37015,317344,15
37015,251140,16
37015,51643,17
37015,186054,18
37015,43276,19
37015,317345,20
37015,112965,21
37015,249904,22
37015,47152,23
37015,136945,24
37015,244396,25
37015,317346,26
37015,317347,27
37015,1236,28
37114,49290,1
37114,318050,2
37114,318051,3
37114,90002,4
37114,301363,5
37114,39558,6
37114,29747,7
37114,151333,8
37114,5611,9
37114,9764,10
37114,93148,11
37114,8382,12
37114,101659,13
37114,318052,14
37114,112360,15
37114,121457,16
37114,75066,17
37114,135965,18
37304,319674,1
37304,161404,2
37304,33978,3
37304,319675,4
37304,109054,5
37304,88446,6
37304,273606,7
37304,76917,8
37304,85991,9
37304,221283,10
37304,319676,11
37304,683,12
37304,319677,13
37304,319678,14
37304,1185,15
37304,70424,16
37304,109061,17
37304,319679,18
37304,182208,19
37304,42846,20
37353,324950,1
37353,147123,2
37353,324951,3
37353,90363,4
37353,324952,5
37353,70655,6
37353,148480,7
37353,324953,8
37353,106263,9
37353,26799,10
37353,90000,11
37353,324954,12
37353,146613,13
37353,73224,14
37353,324955,15
37353,324956,16
37371,319792,1
37371,195683,2
37371,187882,3
37371,173304,4
37371,258356,5
37371,129953,6
37371,204731,7
37371,196511,8
37371,21768,9
37371,206,10
37371,141148,11
37371,85159,12
37371,52788,13
37371,319793,14
37371,228436,15
37371,106964,16
37427,32500,1
37427,319476,2
37427,319477,3
37427,319478,4
37427,319479,5
37427,223191,6
37427,319480,7
37427,11670,8
37427,24787,9
37427,319481,10
37427,319482,11
37427,319483,12
37427,319484,13
37427,23314,14
37427,319485,15
37427,319486,16
37427,319487,17
37427,99750,18
37427,319488,19
37427,50977,20
37427,319489,21
37427,33271,22
37427,319490,23
37427,319491,24
37427,168555,25
37427,319492,26
37427,319493,27
37427,319494,28
37427,283064,29
37427,205520,30
37427,319495,31
37427,319496,32
37559,324830,1
37559,150575,2
37559,203638,3
37559,324831,4
37559,324832,5
37559,324833,6
37559,324834,7
37559,324835,8
37559,324836,9
37559,291190,10
37559,324837,11
37729,322061,1
37729,193024,2
37729,17341,3
37729,322069,4
37729,322070,5
37729,272582,6
37729,135453,7
37729,55347,8
37729,322071,9
37729,35483,10
37729,321754,11
37729,322072,12
37729,322073,13
37729,322074,14
37729,322075,15
37755,321765,1
37755,282853,2
37755,322245,3
37755,299503,4
37755,89296,5
37755,60348,6
37755,193065,7
37755,265226,8
37755,233662,9
37755,322246,10
37755,22723,11
37755,243956,12
37755,322247,13
37755,322248,14
37755,160009,15
37755,110555,16
37847,204050,1
37847,118460,2
37847,138811,3
37847,322930,4
37847,322931,5
37847,214973,6
37847,4144,7
37847,44234,8
37847,99394,9
37847,322932,10
37863,322986,1
37863,200240,2
37863,16086,3
37863,95201,4
37863,43703,5
37863,322987,6
37863,11605,7
37863,322988,8
37863,322989,9
37863,322990,10
37863,322991,11
37863,143359,12
37863,322992,13
37863,198671,14
37863,322993,15
37863,322994,16
37863,322995,17
37863,290950,18
37863,119121,19
37863,322996,20
37863,20610,21
37863,322997,22
37863,89556,23
37863,112783,24
37863,322998,25
37863,27873,26
37863,125103,27
37863,232703,28
37863,322999,29
37863,55261,30
37863,323000,31
37872,323088,1
37872,323089,2
37872,12588,3
37872,323090,4
37872,12510,5
37872,323091,6
37872,322629,7
37872,323092,8
37872,323093,9
37872,323094,10
37872,323095,11
37872,12502,12
37872,323096,13
38012,324132,1
38012,324133,2
38012,324134,3
38012,324135,4
38012,324136,5
38012,324137,6
38012,324138,7
38012,324139,8
38012,58874,9
38012,324140,10
38012,324141,11
38012,324142,12
38012,324143,13
38012,13812,14
38012,280506,15
38012,324144,16
38012,208802,17
38012,268590,18
38012,201014,19
38012,324145,20
38012,324146,21
38106,53001,1
38106,324663,2
38106,324664,3
38106,324665,4
38106,324666,5
38106,324667,6
38106,293484,7
38106,83757,8
38106,324668,9
38106,324669,10
38106,324670,11
38106,13812,12
38106,324671,13
38106,324672,14
38106,324673,15
38106,324674,16
38106,107338,17
